variant,strategy,pattern,severity,impact_score,line_number,co_occurring_patterns,source_lines,complexity_class,total_suggestions,score,severity_encoded,pattern_frequency,line_proximity,pat_constant_folding,pat_dead_code,pat_early_return,pat_expensive_calls,pat_hot_loop,pat_loop_invariant,pat_nested_loops,pat_repeated_computation,pat_string_concat_loop,pat_unused_vars,cplx_O(1),cplx_O(n),cplx_O(n²),var_base,var_large_input,var_medium_input,var_small_input,var_with_branch_noise,var_with_setup_noise,strategy_encoded,cluster_id,cluster_label
base,reduce_nesting,nested_loops,medium,12.0,5,nested_loops,7,O(n²),1,94.57,2,18,0.0,False,False,False,False,False,False,True,False,False,False,False,False,True,True,False,False,False,False,False,4,4,reduce_nesting
base,reduce_nesting,nested_loops,medium,12.0,5,nested_loops,7,O(n²),1,94.57,2,18,0.0,False,False,False,False,False,False,True,False,False,False,False,False,True,True,False,False,False,False,False,4,4,reduce_nesting
base,reduce_nesting,nested_loops,medium,12.0,5,nested_loops,7,O(n²),1,94.57,2,18,0.0,False,False,False,False,False,False,True,False,False,False,False,False,True,True,False,False,False,False,False,4,4,reduce_nesting
base,reduce_nesting,nested_loops,medium,12.0,5,nested_loops,7,O(n²),1,94.57,2,18,0.0,False,False,False,False,False,False,True,False,False,False,False,False,True,True,False,False,False,False,False,4,4,reduce_nesting
base,reduce_nesting,nested_loops,medium,12.0,5,nested_loops,7,O(n²),1,94.57,2,18,0.0,False,False,False,False,False,False,True,False,False,False,False,False,True,True,False,False,False,False,False,4,4,reduce_nesting
base,reduce_nesting,nested_loops,medium,12.0,5,nested_loops,7,O(n²),1,94.57,2,18,0.0,False,False,False,False,False,False,True,False,False,False,False,False,True,True,False,False,False,False,False,4,4,reduce_nesting
base,reduce_nesting,nested_loops,medium,12.0,5,nested_loops,7,O(n²),1,94.57,2,18,0.0,False,False,False,False,False,False,True,False,False,False,False,False,True,True,False,False,False,False,False,4,4,reduce_nesting
base,reduce_nesting,nested_loops,medium,12.0,5,nested_loops,7,O(n²),1,94.57,2,18,0.0,False,False,False,False,False,False,True,False,False,False,False,False,True,True,False,False,False,False,False,4,4,reduce_nesting
base,reduce_nesting,nested_loops,medium,12.0,5,nested_loops,7,O(n²),1,94.57,2,18,0.0,False,False,False,False,False,False,True,False,False,False,False,False,True,True,False,False,False,False,False,4,4,reduce_nesting
base,reduce_nesting,nested_loops,medium,12.0,5,nested_loops,7,O(n²),1,94.57,2,18,0.0,False,False,False,False,False,False,True,False,False,False,False,False,True,True,False,False,False,False,False,4,4,reduce_nesting
base,reduce_nesting,nested_loops,medium,12.0,5,nested_loops,7,O(n²),1,94.57,2,18,0.0,False,False,False,False,False,False,True,False,False,False,False,False,True,True,False,False,False,False,False,4,4,reduce_nesting
base,reduce_nesting,nested_loops,medium,12.0,5,nested_loops,7,O(n²),1,94.57,2,18,0.0,False,False,False,False,False,False,True,False,False,False,False,False,True,True,False,False,False,False,False,4,4,reduce_nesting
base,reduce_nesting,nested_loops,medium,12.0,5,nested_loops,7,O(n²),1,94.57,2,18,0.0,False,False,False,False,False,False,True,False,False,False,False,False,True,True,False,False,False,False,False,4,4,reduce_nesting
base,reduce_nesting,nested_loops,medium,12.0,5,nested_loops,7,O(n²),1,94.57,2,18,0.0,False,False,False,False,False,False,True,False,False,False,False,False,True,True,False,False,False,False,False,4,4,reduce_nesting
base,reduce_nesting,nested_loops,medium,12.0,5,nested_loops,7,O(n²),1,94.57,2,18,0.0,False,False,False,False,False,False,True,False,False,False,False,False,True,True,False,False,False,False,False,4,4,reduce_nesting
base,reduce_nesting,nested_loops,medium,12.0,5,nested_loops,7,O(n²),1,94.57,2,18,0.0,False,False,False,False,False,False,True,False,False,False,False,False,True,True,False,False,False,False,False,4,4,reduce_nesting
base,reduce_nesting,nested_loops,medium,12.0,5,nested_loops,7,O(n²),1,94.57,2,18,0.0,False,False,False,False,False,False,True,False,False,False,False,False,True,True,False,False,False,False,False,4,4,reduce_nesting
base,reduce_nesting,nested_loops,medium,12.0,5,nested_loops,7,O(n²),1,94.57,2,18,0.0,False,False,False,False,False,False,True,False,False,False,False,False,True,True,False,False,False,False,False,4,4,reduce_nesting
base,hoist_invariant,loop_invariant,medium,8.0,5,constant_folding|loop_invariant,7,O(n),2,95.14,2,18,0.0,False,False,False,False,False,True,False,False,False,False,False,True,False,True,False,False,False,False,False,2,0,hoist_invariant
base,hoist_invariant,constant_folding,low,2.0,5,constant_folding|loop_invariant,7,O(n),2,95.14,1,18,0.0,True,False,False,False,False,False,False,False,False,False,False,True,False,True,False,False,False,False,False,2,0,hoist_invariant
base,hoist_invariant,loop_invariant,medium,8.0,5,constant_folding|loop_invariant,7,O(n),2,95.14,2,18,0.0,False,False,False,False,False,True,False,False,False,False,False,True,False,True,False,False,False,False,False,2,0,hoist_invariant
base,hoist_invariant,constant_folding,low,2.0,5,constant_folding|loop_invariant,7,O(n),2,95.14,1,18,0.0,True,False,False,False,False,False,False,False,False,False,False,True,False,True,False,False,False,False,False,2,0,hoist_invariant
base,hoist_invariant,loop_invariant,medium,8.0,5,constant_folding|loop_invariant,7,O(n),2,95.14,2,18,0.0,False,False,False,False,False,True,False,False,False,False,False,True,False,True,False,False,False,False,False,2,0,hoist_invariant
base,hoist_invariant,constant_folding,low,2.0,5,constant_folding|loop_invariant,7,O(n),2,95.14,1,18,0.0,True,False,False,False,False,False,False,False,False,False,False,True,False,True,False,False,False,False,False,2,0,hoist_invariant
base,hoist_invariant,loop_invariant,medium,8.0,5,constant_folding|loop_invariant,7,O(n),2,95.14,2,18,0.0,False,False,False,False,False,True,False,False,False,False,False,True,False,True,False,False,False,False,False,2,0,hoist_invariant
base,hoist_invariant,constant_folding,low,2.0,5,constant_folding|loop_invariant,7,O(n),2,95.14,1,18,0.0,True,False,False,False,False,False,False,False,False,False,False,True,False,True,False,False,False,False,False,2,0,hoist_invariant
base,hoist_invariant,loop_invariant,medium,8.0,5,constant_folding|loop_invariant,7,O(n),2,95.14,2,18,0.0,False,False,False,False,False,True,False,False,False,False,False,True,False,True,False,False,False,False,False,2,0,hoist_invariant
base,hoist_invariant,constant_folding,low,2.0,5,constant_folding|loop_invariant,7,O(n),2,95.14,1,18,0.0,True,False,False,False,False,False,False,False,False,False,False,True,False,True,False,False,False,False,False,2,0,hoist_invariant
base,hoist_invariant,loop_invariant,medium,8.0,5,constant_folding|loop_invariant,7,O(n),2,95.14,2,18,0.0,False,False,False,False,False,True,False,False,False,False,False,True,False,True,False,False,False,False,False,2,0,hoist_invariant
base,hoist_invariant,constant_folding,low,2.0,5,constant_folding|loop_invariant,7,O(n),2,95.14,1,18,0.0,True,False,False,False,False,False,False,False,False,False,False,True,False,True,False,False,False,False,False,2,0,hoist_invariant
base,hoist_invariant,loop_invariant,medium,8.0,5,constant_folding|loop_invariant,7,O(n),2,95.14,2,18,0.0,False,False,False,False,False,True,False,False,False,False,False,True,False,True,False,False,False,False,False,2,0,hoist_invariant
base,hoist_invariant,constant_folding,low,2.0,5,constant_folding|loop_invariant,7,O(n),2,95.14,1,18,0.0,True,False,False,False,False,False,False,False,False,False,False,True,False,True,False,False,False,False,False,2,0,hoist_invariant
base,hoist_invariant,loop_invariant,medium,8.0,5,constant_folding|loop_invariant,7,O(n),2,95.14,2,18,0.0,False,False,False,False,False,True,False,False,False,False,False,True,False,True,False,False,False,False,False,2,0,hoist_invariant
base,hoist_invariant,constant_folding,low,2.0,5,constant_folding|loop_invariant,7,O(n),2,95.14,1,18,0.0,True,False,False,False,False,False,False,False,False,False,False,True,False,True,False,False,False,False,False,2,0,hoist_invariant
base,hoist_invariant,loop_invariant,medium,8.0,5,constant_folding|loop_invariant,7,O(n),2,95.14,2,18,0.0,False,False,False,False,False,True,False,False,False,False,False,True,False,True,False,False,False,False,False,2,0,hoist_invariant
base,hoist_invariant,constant_folding,low,2.0,5,constant_folding|loop_invariant,7,O(n),2,95.14,1,18,0.0,True,False,False,False,False,False,False,False,False,False,False,True,False,True,False,False,False,False,False,2,0,hoist_invariant
base,hoist_invariant,loop_invariant,medium,8.0,5,constant_folding|loop_invariant,7,O(n),2,95.14,2,18,0.0,False,False,False,False,False,True,False,False,False,False,False,True,False,True,False,False,False,False,False,2,0,hoist_invariant
base,hoist_invariant,constant_folding,low,2.0,5,constant_folding|loop_invariant,7,O(n),2,95.14,1,18,0.0,True,False,False,False,False,False,False,False,False,False,False,True,False,True,False,False,False,False,False,2,0,hoist_invariant
base,hoist_invariant,loop_invariant,medium,8.0,5,constant_folding|loop_invariant,7,O(n),2,95.14,2,18,0.0,False,False,False,False,False,True,False,False,False,False,False,True,False,True,False,False,False,False,False,2,0,hoist_invariant
base,hoist_invariant,constant_folding,low,2.0,5,constant_folding|loop_invariant,7,O(n),2,95.14,1,18,0.0,True,False,False,False,False,False,False,False,False,False,False,True,False,True,False,False,False,False,False,2,0,hoist_invariant
base,hoist_invariant,loop_invariant,medium,8.0,5,constant_folding|loop_invariant,7,O(n),2,95.14,2,18,0.0,False,False,False,False,False,True,False,False,False,False,False,True,False,True,False,False,False,False,False,2,0,hoist_invariant
base,hoist_invariant,constant_folding,low,2.0,5,constant_folding|loop_invariant,7,O(n),2,95.14,1,18,0.0,True,False,False,False,False,False,False,False,False,False,False,True,False,True,False,False,False,False,False,2,0,hoist_invariant
base,hoist_invariant,loop_invariant,medium,8.0,5,constant_folding|loop_invariant,7,O(n),2,95.14,2,18,0.0,False,False,False,False,False,True,False,False,False,False,False,True,False,True,False,False,False,False,False,2,0,hoist_invariant
base,hoist_invariant,constant_folding,low,2.0,5,constant_folding|loop_invariant,7,O(n),2,95.14,1,18,0.0,True,False,False,False,False,False,False,False,False,False,False,True,False,True,False,False,False,False,False,2,0,hoist_invariant
base,hoist_invariant,loop_invariant,medium,8.0,5,constant_folding|loop_invariant,7,O(n),2,95.14,2,18,0.0,False,False,False,False,False,True,False,False,False,False,False,True,False,True,False,False,False,False,False,2,0,hoist_invariant
base,hoist_invariant,constant_folding,low,2.0,5,constant_folding|loop_invariant,7,O(n),2,95.14,1,18,0.0,True,False,False,False,False,False,False,False,False,False,False,True,False,True,False,False,False,False,False,2,0,hoist_invariant
base,hoist_invariant,loop_invariant,medium,8.0,5,constant_folding|loop_invariant,7,O(n),2,95.14,2,18,0.0,False,False,False,False,False,True,False,False,False,False,False,True,False,True,False,False,False,False,False,2,0,hoist_invariant
base,hoist_invariant,constant_folding,low,2.0,5,constant_folding|loop_invariant,7,O(n),2,95.14,1,18,0.0,True,False,False,False,False,False,False,False,False,False,False,True,False,True,False,False,False,False,False,2,0,hoist_invariant
base,hoist_invariant,loop_invariant,medium,8.0,5,constant_folding|loop_invariant,7,O(n),2,95.14,2,18,0.0,False,False,False,False,False,True,False,False,False,False,False,True,False,True,False,False,False,False,False,2,0,hoist_invariant
base,hoist_invariant,constant_folding,low,2.0,5,constant_folding|loop_invariant,7,O(n),2,95.14,1,18,0.0,True,False,False,False,False,False,False,False,False,False,False,True,False,True,False,False,False,False,False,2,0,hoist_invariant
base,hoist_invariant,loop_invariant,medium,8.0,5,constant_folding|loop_invariant,7,O(n),2,95.14,2,18,0.0,False,False,False,False,False,True,False,False,False,False,False,True,False,True,False,False,False,False,False,2,0,hoist_invariant
base,hoist_invariant,constant_folding,low,2.0,5,constant_folding|loop_invariant,7,O(n),2,95.14,1,18,0.0,True,False,False,False,False,False,False,False,False,False,False,True,False,True,False,False,False,False,False,2,0,hoist_invariant
base,hoist_invariant,loop_invariant,medium,8.0,5,constant_folding|loop_invariant,7,O(n),2,95.14,2,18,0.0,False,False,False,False,False,True,False,False,False,False,False,True,False,True,False,False,False,False,False,2,0,hoist_invariant
base,hoist_invariant,constant_folding,low,2.0,5,constant_folding|loop_invariant,7,O(n),2,95.14,1,18,0.0,True,False,False,False,False,False,False,False,False,False,False,True,False,True,False,False,False,False,False,2,0,hoist_invariant
base,cache_repeated_computation,hot_loop,medium,10.0,50,hot_loop|repeated_computation,55,O(n),4,98.44,2,18,1.5,False,False,False,False,True,False,False,False,False,False,False,True,False,True,False,False,False,False,False,0,1,cache_repeated_computation
base,cache_repeated_computation,repeated_computation,medium,8.0,52,hot_loop|repeated_computation,55,O(n),4,98.44,2,54,0.5,False,False,False,False,False,False,False,True,False,False,False,True,False,True,False,False,False,False,False,0,1,cache_repeated_computation
base,cache_repeated_computation,repeated_computation,medium,8.0,52,hot_loop|repeated_computation,55,O(n),4,98.44,2,54,0.5,False,False,False,False,False,False,False,True,False,False,False,True,False,True,False,False,False,False,False,0,1,cache_repeated_computation
base,cache_repeated_computation,repeated_computation,medium,8.0,52,hot_loop|repeated_computation,55,O(n),4,98.44,2,54,0.5,False,False,False,False,False,False,False,True,False,False,False,True,False,True,False,False,False,False,False,0,1,cache_repeated_computation
base,cache_repeated_computation,hot_loop,medium,10.0,50,hot_loop|repeated_computation,55,O(n),4,98.44,2,18,1.5,False,False,False,False,True,False,False,False,False,False,False,True,False,True,False,False,False,False,False,0,1,cache_repeated_computation
base,cache_repeated_computation,repeated_computation,medium,8.0,52,hot_loop|repeated_computation,55,O(n),4,98.44,2,54,0.5,False,False,False,False,False,False,False,True,False,False,False,True,False,True,False,False,False,False,False,0,1,cache_repeated_computation
base,cache_repeated_computation,repeated_computation,medium,8.0,52,hot_loop|repeated_computation,55,O(n),4,98.44,2,54,0.5,False,False,False,False,False,False,False,True,False,False,False,True,False,True,False,False,False,False,False,0,1,cache_repeated_computation
base,cache_repeated_computation,repeated_computation,medium,8.0,52,hot_loop|repeated_computation,55,O(n),4,98.44,2,54,0.5,False,False,False,False,False,False,False,True,False,False,False,True,False,True,False,False,False,False,False,0,1,cache_repeated_computation
base,cache_repeated_computation,hot_loop,medium,10.0,50,hot_loop|repeated_computation,55,O(n),4,98.44,2,18,1.5,False,False,False,False,True,False,False,False,False,False,False,True,False,True,False,False,False,False,False,0,1,cache_repeated_computation
base,cache_repeated_computation,repeated_computation,medium,8.0,52,hot_loop|repeated_computation,55,O(n),4,98.44,2,54,0.5,False,False,False,False,False,False,False,True,False,False,False,True,False,True,False,False,False,False,False,0,1,cache_repeated_computation
base,cache_repeated_computation,repeated_computation,medium,8.0,52,hot_loop|repeated_computation,55,O(n),4,98.44,2,54,0.5,False,False,False,False,False,False,False,True,False,False,False,True,False,True,False,False,False,False,False,0,1,cache_repeated_computation
base,cache_repeated_computation,repeated_computation,medium,8.0,52,hot_loop|repeated_computation,55,O(n),4,98.44,2,54,0.5,False,False,False,False,False,False,False,True,False,False,False,True,False,True,False,False,False,False,False,0,1,cache_repeated_computation
base,cache_repeated_computation,hot_loop,medium,10.0,50,hot_loop|repeated_computation,55,O(n),4,98.44,2,18,1.5,False,False,False,False,True,False,False,False,False,False,False,True,False,True,False,False,False,False,False,0,1,cache_repeated_computation
base,cache_repeated_computation,repeated_computation,medium,8.0,52,hot_loop|repeated_computation,55,O(n),4,98.44,2,54,0.5,False,False,False,False,False,False,False,True,False,False,False,True,False,True,False,False,False,False,False,0,1,cache_repeated_computation
base,cache_repeated_computation,repeated_computation,medium,8.0,52,hot_loop|repeated_computation,55,O(n),4,98.44,2,54,0.5,False,False,False,False,False,False,False,True,False,False,False,True,False,True,False,False,False,False,False,0,1,cache_repeated_computation
base,cache_repeated_computation,repeated_computation,medium,8.0,52,hot_loop|repeated_computation,55,O(n),4,98.44,2,54,0.5,False,False,False,False,False,False,False,True,False,False,False,True,False,True,False,False,False,False,False,0,1,cache_repeated_computation
base,cache_repeated_computation,hot_loop,medium,10.0,50,hot_loop|repeated_computation,55,O(n),4,98.44,2,18,1.5,False,False,False,False,True,False,False,False,False,False,False,True,False,True,False,False,False,False,False,0,1,cache_repeated_computation
base,cache_repeated_computation,repeated_computation,medium,8.0,52,hot_loop|repeated_computation,55,O(n),4,98.44,2,54,0.5,False,False,False,False,False,False,False,True,False,False,False,True,False,True,False,False,False,False,False,0,1,cache_repeated_computation
base,cache_repeated_computation,repeated_computation,medium,8.0,52,hot_loop|repeated_computation,55,O(n),4,98.44,2,54,0.5,False,False,False,False,False,False,False,True,False,False,False,True,False,True,False,False,False,False,False,0,1,cache_repeated_computation
base,cache_repeated_computation,repeated_computation,medium,8.0,52,hot_loop|repeated_computation,55,O(n),4,98.44,2,54,0.5,False,False,False,False,False,False,False,True,False,False,False,True,False,True,False,False,False,False,False,0,1,cache_repeated_computation
base,cache_repeated_computation,hot_loop,medium,10.0,50,hot_loop|repeated_computation,55,O(n),4,98.44,2,18,1.5,False,False,False,False,True,False,False,False,False,False,False,True,False,True,False,False,False,False,False,0,1,cache_repeated_computation
base,cache_repeated_computation,repeated_computation,medium,8.0,52,hot_loop|repeated_computation,55,O(n),4,98.44,2,54,0.5,False,False,False,False,False,False,False,True,False,False,False,True,False,True,False,False,False,False,False,0,1,cache_repeated_computation
base,cache_repeated_computation,repeated_computation,medium,8.0,52,hot_loop|repeated_computation,55,O(n),4,98.44,2,54,0.5,False,False,False,False,False,False,False,True,False,False,False,True,False,True,False,False,False,False,False,0,1,cache_repeated_computation
base,cache_repeated_computation,repeated_computation,medium,8.0,52,hot_loop|repeated_computation,55,O(n),4,98.44,2,54,0.5,False,False,False,False,False,False,False,True,False,False,False,True,False,True,False,False,False,False,False,0,1,cache_repeated_computation
base,cache_repeated_computation,hot_loop,medium,10.0,50,hot_loop|repeated_computation,55,O(n),4,98.44,2,18,1.5,False,False,False,False,True,False,False,False,False,False,False,True,False,True,False,False,False,False,False,0,1,cache_repeated_computation
base,cache_repeated_computation,repeated_computation,medium,8.0,52,hot_loop|repeated_computation,55,O(n),4,98.44,2,54,0.5,False,False,False,False,False,False,False,True,False,False,False,True,False,True,False,False,False,False,False,0,1,cache_repeated_computation
base,cache_repeated_computation,repeated_computation,medium,8.0,52,hot_loop|repeated_computation,55,O(n),4,98.44,2,54,0.5,False,False,False,False,False,False,False,True,False,False,False,True,False,True,False,False,False,False,False,0,1,cache_repeated_computation
base,cache_repeated_computation,repeated_computation,medium,8.0,52,hot_loop|repeated_computation,55,O(n),4,98.44,2,54,0.5,False,False,False,False,False,False,False,True,False,False,False,True,False,True,False,False,False,False,False,0,1,cache_repeated_computation
base,cache_repeated_computation,hot_loop,medium,10.0,50,hot_loop|repeated_computation,55,O(n),4,98.44,2,18,1.5,False,False,False,False,True,False,False,False,False,False,False,True,False,True,False,False,False,False,False,0,1,cache_repeated_computation
base,cache_repeated_computation,repeated_computation,medium,8.0,52,hot_loop|repeated_computation,55,O(n),4,98.44,2,54,0.5,False,False,False,False,False,False,False,True,False,False,False,True,False,True,False,False,False,False,False,0,1,cache_repeated_computation
base,cache_repeated_computation,repeated_computation,medium,8.0,52,hot_loop|repeated_computation,55,O(n),4,98.44,2,54,0.5,False,False,False,False,False,False,False,True,False,False,False,True,False,True,False,False,False,False,False,0,1,cache_repeated_computation
base,cache_repeated_computation,repeated_computation,medium,8.0,52,hot_loop|repeated_computation,55,O(n),4,98.44,2,54,0.5,False,False,False,False,False,False,False,True,False,False,False,True,False,True,False,False,False,False,False,0,1,cache_repeated_computation
base,cache_repeated_computation,hot_loop,medium,10.0,50,hot_loop|repeated_computation,55,O(n),4,98.44,2,18,1.5,False,False,False,False,True,False,False,False,False,False,False,True,False,True,False,False,False,False,False,0,1,cache_repeated_computation
base,cache_repeated_computation,repeated_computation,medium,8.0,52,hot_loop|repeated_computation,55,O(n),4,98.44,2,54,0.5,False,False,False,False,False,False,False,True,False,False,False,True,False,True,False,False,False,False,False,0,1,cache_repeated_computation
base,cache_repeated_computation,repeated_computation,medium,8.0,52,hot_loop|repeated_computation,55,O(n),4,98.44,2,54,0.5,False,False,False,False,False,False,False,True,False,False,False,True,False,True,False,False,False,False,False,0,1,cache_repeated_computation
base,cache_repeated_computation,repeated_computation,medium,8.0,52,hot_loop|repeated_computation,55,O(n),4,98.44,2,54,0.5,False,False,False,False,False,False,False,True,False,False,False,True,False,True,False,False,False,False,False,0,1,cache_repeated_computation
base,cache_repeated_computation,hot_loop,medium,10.0,50,hot_loop|repeated_computation,55,O(n),4,98.44,2,18,1.5,False,False,False,False,True,False,False,False,False,False,False,True,False,True,False,False,False,False,False,0,1,cache_repeated_computation
base,cache_repeated_computation,repeated_computation,medium,8.0,52,hot_loop|repeated_computation,55,O(n),4,98.44,2,54,0.5,False,False,False,False,False,False,False,True,False,False,False,True,False,True,False,False,False,False,False,0,1,cache_repeated_computation
base,cache_repeated_computation,repeated_computation,medium,8.0,52,hot_loop|repeated_computation,55,O(n),4,98.44,2,54,0.5,False,False,False,False,False,False,False,True,False,False,False,True,False,True,False,False,False,False,False,0,1,cache_repeated_computation
base,cache_repeated_computation,repeated_computation,medium,8.0,52,hot_loop|repeated_computation,55,O(n),4,98.44,2,54,0.5,False,False,False,False,False,False,False,True,False,False,False,True,False,True,False,False,False,False,False,0,1,cache_repeated_computation
base,cache_repeated_computation,hot_loop,medium,10.0,50,hot_loop|repeated_computation,55,O(n),4,98.44,2,18,1.5,False,False,False,False,True,False,False,False,False,False,False,True,False,True,False,False,False,False,False,0,1,cache_repeated_computation
base,cache_repeated_computation,repeated_computation,medium,8.0,52,hot_loop|repeated_computation,55,O(n),4,98.44,2,54,0.5,False,False,False,False,False,False,False,True,False,False,False,True,False,True,False,False,False,False,False,0,1,cache_repeated_computation
base,cache_repeated_computation,repeated_computation,medium,8.0,52,hot_loop|repeated_computation,55,O(n),4,98.44,2,54,0.5,False,False,False,False,False,False,False,True,False,False,False,True,False,True,False,False,False,False,False,0,1,cache_repeated_computation
base,cache_repeated_computation,repeated_computation,medium,8.0,52,hot_loop|repeated_computation,55,O(n),4,98.44,2,54,0.5,False,False,False,False,False,False,False,True,False,False,False,True,False,True,False,False,False,False,False,0,1,cache_repeated_computation
base,cache_repeated_computation,hot_loop,medium,10.0,50,hot_loop|repeated_computation,55,O(n),4,98.44,2,18,1.5,False,False,False,False,True,False,False,False,False,False,False,True,False,True,False,False,False,False,False,0,1,cache_repeated_computation
base,cache_repeated_computation,repeated_computation,medium,8.0,52,hot_loop|repeated_computation,55,O(n),4,98.44,2,54,0.5,False,False,False,False,False,False,False,True,False,False,False,True,False,True,False,False,False,False,False,0,1,cache_repeated_computation
base,cache_repeated_computation,repeated_computation,medium,8.0,52,hot_loop|repeated_computation,55,O(n),4,98.44,2,54,0.5,False,False,False,False,False,False,False,True,False,False,False,True,False,True,False,False,False,False,False,0,1,cache_repeated_computation
base,cache_repeated_computation,repeated_computation,medium,8.0,52,hot_loop|repeated_computation,55,O(n),4,98.44,2,54,0.5,False,False,False,False,False,False,False,True,False,False,False,True,False,True,False,False,False,False,False,0,1,cache_repeated_computation
base,cache_repeated_computation,hot_loop,medium,10.0,50,hot_loop|repeated_computation,55,O(n),4,98.44,2,18,1.5,False,False,False,False,True,False,False,False,False,False,False,True,False,True,False,False,False,False,False,0,1,cache_repeated_computation
base,cache_repeated_computation,repeated_computation,medium,8.0,52,hot_loop|repeated_computation,55,O(n),4,98.44,2,54,0.5,False,False,False,False,False,False,False,True,False,False,False,True,False,True,False,False,False,False,False,0,1,cache_repeated_computation
base,cache_repeated_computation,repeated_computation,medium,8.0,52,hot_loop|repeated_computation,55,O(n),4,98.44,2,54,0.5,False,False,False,False,False,False,False,True,False,False,False,True,False,True,False,False,False,False,False,0,1,cache_repeated_computation
base,cache_repeated_computation,repeated_computation,medium,8.0,52,hot_loop|repeated_computation,55,O(n),4,98.44,2,54,0.5,False,False,False,False,False,False,False,True,False,False,False,True,False,True,False,False,False,False,False,0,1,cache_repeated_computation
base,cache_repeated_computation,hot_loop,medium,10.0,50,hot_loop|repeated_computation,55,O(n),4,98.44,2,18,1.5,False,False,False,False,True,False,False,False,False,False,False,True,False,True,False,False,False,False,False,0,1,cache_repeated_computation
base,cache_repeated_computation,repeated_computation,medium,8.0,52,hot_loop|repeated_computation,55,O(n),4,98.44,2,54,0.5,False,False,False,False,False,False,False,True,False,False,False,True,False,True,False,False,False,False,False,0,1,cache_repeated_computation
base,cache_repeated_computation,repeated_computation,medium,8.0,52,hot_loop|repeated_computation,55,O(n),4,98.44,2,54,0.5,False,False,False,False,False,False,False,True,False,False,False,True,False,True,False,False,False,False,False,0,1,cache_repeated_computation
base,cache_repeated_computation,repeated_computation,medium,8.0,52,hot_loop|repeated_computation,55,O(n),4,98.44,2,54,0.5,False,False,False,False,False,False,False,True,False,False,False,True,False,True,False,False,False,False,False,0,1,cache_repeated_computation
base,cache_repeated_computation,hot_loop,medium,10.0,50,hot_loop|repeated_computation,55,O(n),4,98.44,2,18,1.5,False,False,False,False,True,False,False,False,False,False,False,True,False,True,False,False,False,False,False,0,1,cache_repeated_computation
base,cache_repeated_computation,repeated_computation,medium,8.0,52,hot_loop|repeated_computation,55,O(n),4,98.44,2,54,0.5,False,False,False,False,False,False,False,True,False,False,False,True,False,True,False,False,False,False,False,0,1,cache_repeated_computation
base,cache_repeated_computation,repeated_computation,medium,8.0,52,hot_loop|repeated_computation,55,O(n),4,98.44,2,54,0.5,False,False,False,False,False,False,False,True,False,False,False,True,False,True,False,False,False,False,False,0,1,cache_repeated_computation
base,cache_repeated_computation,repeated_computation,medium,8.0,52,hot_loop|repeated_computation,55,O(n),4,98.44,2,54,0.5,False,False,False,False,False,False,False,True,False,False,False,True,False,True,False,False,False,False,False,0,1,cache_repeated_computation
base,cache_repeated_computation,hot_loop,medium,10.0,50,hot_loop|repeated_computation,55,O(n),4,98.44,2,18,1.5,False,False,False,False,True,False,False,False,False,False,False,True,False,True,False,False,False,False,False,0,1,cache_repeated_computation
base,cache_repeated_computation,repeated_computation,medium,8.0,52,hot_loop|repeated_computation,55,O(n),4,98.44,2,54,0.5,False,False,False,False,False,False,False,True,False,False,False,True,False,True,False,False,False,False,False,0,1,cache_repeated_computation
base,cache_repeated_computation,repeated_computation,medium,8.0,52,hot_loop|repeated_computation,55,O(n),4,98.44,2,54,0.5,False,False,False,False,False,False,False,True,False,False,False,True,False,True,False,False,False,False,False,0,1,cache_repeated_computation
base,cache_repeated_computation,repeated_computation,medium,8.0,52,hot_loop|repeated_computation,55,O(n),4,98.44,2,54,0.5,False,False,False,False,False,False,False,True,False,False,False,True,False,True,False,False,False,False,False,0,1,cache_repeated_computation
base,cache_repeated_computation,hot_loop,medium,10.0,50,hot_loop|repeated_computation,55,O(n),4,98.44,2,18,1.5,False,False,False,False,True,False,False,False,False,False,False,True,False,True,False,False,False,False,False,0,1,cache_repeated_computation
base,cache_repeated_computation,repeated_computation,medium,8.0,52,hot_loop|repeated_computation,55,O(n),4,98.44,2,54,0.5,False,False,False,False,False,False,False,True,False,False,False,True,False,True,False,False,False,False,False,0,1,cache_repeated_computation
base,cache_repeated_computation,repeated_computation,medium,8.0,52,hot_loop|repeated_computation,55,O(n),4,98.44,2,54,0.5,False,False,False,False,False,False,False,True,False,False,False,True,False,True,False,False,False,False,False,0,1,cache_repeated_computation
base,cache_repeated_computation,repeated_computation,medium,8.0,52,hot_loop|repeated_computation,55,O(n),4,98.44,2,54,0.5,False,False,False,False,False,False,False,True,False,False,False,True,False,True,False,False,False,False,False,0,1,cache_repeated_computation
base,cache_repeated_computation,hot_loop,medium,10.0,50,hot_loop|repeated_computation,55,O(n),4,98.44,2,18,1.5,False,False,False,False,True,False,False,False,False,False,False,True,False,True,False,False,False,False,False,0,1,cache_repeated_computation
base,cache_repeated_computation,repeated_computation,medium,8.0,52,hot_loop|repeated_computation,55,O(n),4,98.44,2,54,0.5,False,False,False,False,False,False,False,True,False,False,False,True,False,True,False,False,False,False,False,0,1,cache_repeated_computation
base,cache_repeated_computation,repeated_computation,medium,8.0,52,hot_loop|repeated_computation,55,O(n),4,98.44,2,54,0.5,False,False,False,False,False,False,False,True,False,False,False,True,False,True,False,False,False,False,False,0,1,cache_repeated_computation
base,cache_repeated_computation,repeated_computation,medium,8.0,52,hot_loop|repeated_computation,55,O(n),4,98.44,2,54,0.5,False,False,False,False,False,False,False,True,False,False,False,True,False,True,False,False,False,False,False,0,1,cache_repeated_computation
base,memoize_expensive_calls,expensive_calls,high,18.0,9,expensive_calls,10,O(n),1,96.78,3,18,0.0,False,False,False,True,False,False,False,False,False,False,False,True,False,True,False,False,False,False,False,3,5,memoize_expensive_calls
base,memoize_expensive_calls,expensive_calls,high,18.0,9,expensive_calls,10,O(n),1,96.78,3,18,0.0,False,False,False,True,False,False,False,False,False,False,False,True,False,True,False,False,False,False,False,3,5,memoize_expensive_calls
base,memoize_expensive_calls,expensive_calls,high,18.0,9,expensive_calls,10,O(n),1,96.78,3,18,0.0,False,False,False,True,False,False,False,False,False,False,False,True,False,True,False,False,False,False,False,3,5,memoize_expensive_calls
base,memoize_expensive_calls,expensive_calls,high,18.0,9,expensive_calls,10,O(n),1,96.78,3,18,0.0,False,False,False,True,False,False,False,False,False,False,False,True,False,True,False,False,False,False,False,3,5,memoize_expensive_calls
base,memoize_expensive_calls,expensive_calls,high,18.0,9,expensive_calls,10,O(n),1,96.78,3,18,0.0,False,False,False,True,False,False,False,False,False,False,False,True,False,True,False,False,False,False,False,3,5,memoize_expensive_calls
base,memoize_expensive_calls,expensive_calls,high,18.0,9,expensive_calls,10,O(n),1,96.78,3,18,0.0,False,False,False,True,False,False,False,False,False,False,False,True,False,True,False,False,False,False,False,3,5,memoize_expensive_calls
base,memoize_expensive_calls,expensive_calls,high,18.0,9,expensive_calls,10,O(n),1,96.78,3,18,0.0,False,False,False,True,False,False,False,False,False,False,False,True,False,True,False,False,False,False,False,3,5,memoize_expensive_calls
base,memoize_expensive_calls,expensive_calls,high,18.0,9,expensive_calls,10,O(n),1,96.78,3,18,0.0,False,False,False,True,False,False,False,False,False,False,False,True,False,True,False,False,False,False,False,3,5,memoize_expensive_calls
base,memoize_expensive_calls,expensive_calls,high,18.0,9,expensive_calls,10,O(n),1,96.78,3,18,0.0,False,False,False,True,False,False,False,False,False,False,False,True,False,True,False,False,False,False,False,3,5,memoize_expensive_calls
base,memoize_expensive_calls,expensive_calls,high,18.0,9,expensive_calls,10,O(n),1,96.78,3,18,0.0,False,False,False,True,False,False,False,False,False,False,False,True,False,True,False,False,False,False,False,3,5,memoize_expensive_calls
base,memoize_expensive_calls,expensive_calls,high,18.0,9,expensive_calls,10,O(n),1,96.78,3,18,0.0,False,False,False,True,False,False,False,False,False,False,False,True,False,True,False,False,False,False,False,3,5,memoize_expensive_calls
base,memoize_expensive_calls,expensive_calls,high,18.0,9,expensive_calls,10,O(n),1,96.78,3,18,0.0,False,False,False,True,False,False,False,False,False,False,False,True,False,True,False,False,False,False,False,3,5,memoize_expensive_calls
base,memoize_expensive_calls,expensive_calls,high,18.0,9,expensive_calls,10,O(n),1,96.78,3,18,0.0,False,False,False,True,False,False,False,False,False,False,False,True,False,True,False,False,False,False,False,3,5,memoize_expensive_calls
base,memoize_expensive_calls,expensive_calls,high,18.0,9,expensive_calls,10,O(n),1,96.78,3,18,0.0,False,False,False,True,False,False,False,False,False,False,False,True,False,True,False,False,False,False,False,3,5,memoize_expensive_calls
base,memoize_expensive_calls,expensive_calls,high,18.0,9,expensive_calls,10,O(n),1,96.78,3,18,0.0,False,False,False,True,False,False,False,False,False,False,False,True,False,True,False,False,False,False,False,3,5,memoize_expensive_calls
base,memoize_expensive_calls,expensive_calls,high,18.0,9,expensive_calls,10,O(n),1,96.78,3,18,0.0,False,False,False,True,False,False,False,False,False,False,False,True,False,True,False,False,False,False,False,3,5,memoize_expensive_calls
base,memoize_expensive_calls,expensive_calls,high,18.0,9,expensive_calls,10,O(n),1,96.78,3,18,0.0,False,False,False,True,False,False,False,False,False,False,False,True,False,True,False,False,False,False,False,3,5,memoize_expensive_calls
base,memoize_expensive_calls,expensive_calls,high,18.0,9,expensive_calls,10,O(n),1,96.78,3,18,0.0,False,False,False,True,False,False,False,False,False,False,False,True,False,True,False,False,False,False,False,3,5,memoize_expensive_calls
base,replace_string_concat,string_concat_loop,low,5.0,3,string_concat_loop,4,O(n),1,96.17,1,18,0.0,False,False,False,False,False,False,False,False,True,False,False,True,False,True,False,False,False,False,False,5,6,replace_string_concat
base,replace_string_concat,string_concat_loop,low,5.0,3,string_concat_loop,4,O(n),1,96.17,1,18,0.0,False,False,False,False,False,False,False,False,True,False,False,True,False,True,False,False,False,False,False,5,6,replace_string_concat
base,replace_string_concat,string_concat_loop,low,5.0,3,string_concat_loop,4,O(n),1,96.17,1,18,0.0,False,False,False,False,False,False,False,False,True,False,False,True,False,True,False,False,False,False,False,5,6,replace_string_concat
base,replace_string_concat,string_concat_loop,low,5.0,3,string_concat_loop,4,O(n),1,96.17,1,18,0.0,False,False,False,False,False,False,False,False,True,False,False,True,False,True,False,False,False,False,False,5,6,replace_string_concat
base,replace_string_concat,string_concat_loop,low,5.0,3,string_concat_loop,4,O(n),1,96.17,1,18,0.0,False,False,False,False,False,False,False,False,True,False,False,True,False,True,False,False,False,False,False,5,6,replace_string_concat
base,replace_string_concat,string_concat_loop,low,5.0,3,string_concat_loop,4,O(n),1,96.17,1,18,0.0,False,False,False,False,False,False,False,False,True,False,False,True,False,True,False,False,False,False,False,5,6,replace_string_concat
base,replace_string_concat,string_concat_loop,low,5.0,3,string_concat_loop,4,O(n),1,96.17,1,18,0.0,False,False,False,False,False,False,False,False,True,False,False,True,False,True,False,False,False,False,False,5,6,replace_string_concat
base,replace_string_concat,string_concat_loop,low,5.0,3,string_concat_loop,4,O(n),1,96.17,1,18,0.0,False,False,False,False,False,False,False,False,True,False,False,True,False,True,False,False,False,False,False,5,6,replace_string_concat
base,replace_string_concat,string_concat_loop,low,5.0,3,string_concat_loop,4,O(n),1,96.17,1,18,0.0,False,False,False,False,False,False,False,False,True,False,False,True,False,True,False,False,False,False,False,5,6,replace_string_concat
base,replace_string_concat,string_concat_loop,low,5.0,3,string_concat_loop,4,O(n),1,96.17,1,18,0.0,False,False,False,False,False,False,False,False,True,False,False,True,False,True,False,False,False,False,False,5,6,replace_string_concat
base,replace_string_concat,string_concat_loop,low,5.0,3,string_concat_loop,4,O(n),1,96.17,1,18,0.0,False,False,False,False,False,False,False,False,True,False,False,True,False,True,False,False,False,False,False,5,6,replace_string_concat
base,replace_string_concat,string_concat_loop,low,5.0,3,string_concat_loop,4,O(n),1,96.17,1,18,0.0,False,False,False,False,False,False,False,False,True,False,False,True,False,True,False,False,False,False,False,5,6,replace_string_concat
base,replace_string_concat,string_concat_loop,low,5.0,3,string_concat_loop,4,O(n),1,96.17,1,18,0.0,False,False,False,False,False,False,False,False,True,False,False,True,False,True,False,False,False,False,False,5,6,replace_string_concat
base,replace_string_concat,string_concat_loop,medium,10.0,3,string_concat_loop,4,O(n),1,92.83,2,18,0.0,False,False,False,False,False,False,False,False,True,False,False,True,False,True,False,False,False,False,False,5,6,replace_string_concat
base,replace_string_concat,string_concat_loop,medium,10.0,3,string_concat_loop,4,O(n),1,92.83,2,18,0.0,False,False,False,False,False,False,False,False,True,False,False,True,False,True,False,False,False,False,False,5,6,replace_string_concat
base,replace_string_concat,string_concat_loop,medium,10.0,3,string_concat_loop,4,O(n),1,92.83,2,18,0.0,False,False,False,False,False,False,False,False,True,False,False,True,False,True,False,False,False,False,False,5,6,replace_string_concat
base,replace_string_concat,string_concat_loop,low,5.0,3,string_concat_loop,4,O(n),1,96.17,1,18,0.0,False,False,False,False,False,False,False,False,True,False,False,True,False,True,False,False,False,False,False,5,6,replace_string_concat
base,replace_string_concat,string_concat_loop,low,5.0,3,string_concat_loop,4,O(n),1,96.17,1,18,0.0,False,False,False,False,False,False,False,False,True,False,False,True,False,True,False,False,False,False,False,5,6,replace_string_concat
base,cleanup_dead_unused_code,dead_code,medium,7.0,4,dead_code|early_return|unused_vars,10,O(1),3,95.33,2,18,1.0,False,True,False,False,False,False,False,False,False,False,True,False,False,True,False,False,False,False,False,1,2,cleanup_dead_unused_code
base,cleanup_dead_unused_code,unused_vars,low,3.0,9,dead_code|early_return|unused_vars,10,O(1),3,95.33,1,18,4.0,False,False,False,False,False,False,False,False,False,True,True,False,False,True,False,False,False,False,False,1,2,cleanup_dead_unused_code
base,cleanup_dead_unused_code,early_return,low,3.0,2,dead_code|early_return|unused_vars,10,O(1),3,95.33,1,18,3.0,False,False,True,False,False,False,False,False,False,False,True,False,False,True,False,False,False,False,False,1,2,cleanup_dead_unused_code
base,cleanup_dead_unused_code,dead_code,medium,7.0,4,dead_code|early_return|unused_vars,10,O(1),3,95.33,2,18,1.0,False,True,False,False,False,False,False,False,False,False,True,False,False,True,False,False,False,False,False,1,2,cleanup_dead_unused_code
base,cleanup_dead_unused_code,unused_vars,low,3.0,9,dead_code|early_return|unused_vars,10,O(1),3,95.33,1,18,4.0,False,False,False,False,False,False,False,False,False,True,True,False,False,True,False,False,False,False,False,1,2,cleanup_dead_unused_code
base,cleanup_dead_unused_code,early_return,low,3.0,2,dead_code|early_return|unused_vars,10,O(1),3,95.33,1,18,3.0,False,False,True,False,False,False,False,False,False,False,True,False,False,True,False,False,False,False,False,1,2,cleanup_dead_unused_code
base,cleanup_dead_unused_code,dead_code,medium,7.0,4,dead_code|early_return|unused_vars,10,O(1),3,95.33,2,18,1.0,False,True,False,False,False,False,False,False,False,False,True,False,False,True,False,False,False,False,False,1,2,cleanup_dead_unused_code
base,cleanup_dead_unused_code,unused_vars,low,3.0,9,dead_code|early_return|unused_vars,10,O(1),3,95.33,1,18,4.0,False,False,False,False,False,False,False,False,False,True,True,False,False,True,False,False,False,False,False,1,2,cleanup_dead_unused_code
base,cleanup_dead_unused_code,early_return,low,3.0,2,dead_code|early_return|unused_vars,10,O(1),3,95.33,1,18,3.0,False,False,True,False,False,False,False,False,False,False,True,False,False,True,False,False,False,False,False,1,2,cleanup_dead_unused_code
base,cleanup_dead_unused_code,dead_code,medium,7.0,4,dead_code|early_return|unused_vars,10,O(1),3,95.33,2,18,1.0,False,True,False,False,False,False,False,False,False,False,True,False,False,True,False,False,False,False,False,1,2,cleanup_dead_unused_code
base,cleanup_dead_unused_code,unused_vars,low,3.0,9,dead_code|early_return|unused_vars,10,O(1),3,95.33,1,18,4.0,False,False,False,False,False,False,False,False,False,True,True,False,False,True,False,False,False,False,False,1,2,cleanup_dead_unused_code
base,cleanup_dead_unused_code,early_return,low,3.0,2,dead_code|early_return|unused_vars,10,O(1),3,95.33,1,18,3.0,False,False,True,False,False,False,False,False,False,False,True,False,False,True,False,False,False,False,False,1,2,cleanup_dead_unused_code
base,cleanup_dead_unused_code,dead_code,medium,7.0,4,dead_code|early_return|unused_vars,10,O(1),3,95.33,2,18,1.0,False,True,False,False,False,False,False,False,False,False,True,False,False,True,False,False,False,False,False,1,2,cleanup_dead_unused_code
base,cleanup_dead_unused_code,unused_vars,low,3.0,9,dead_code|early_return|unused_vars,10,O(1),3,95.33,1,18,4.0,False,False,False,False,False,False,False,False,False,True,True,False,False,True,False,False,False,False,False,1,2,cleanup_dead_unused_code
base,cleanup_dead_unused_code,early_return,low,3.0,2,dead_code|early_return|unused_vars,10,O(1),3,95.33,1,18,3.0,False,False,True,False,False,False,False,False,False,False,True,False,False,True,False,False,False,False,False,1,2,cleanup_dead_unused_code
base,cleanup_dead_unused_code,dead_code,medium,7.0,4,dead_code|early_return|unused_vars,10,O(1),3,95.33,2,18,1.0,False,True,False,False,False,False,False,False,False,False,True,False,False,True,False,False,False,False,False,1,2,cleanup_dead_unused_code
base,cleanup_dead_unused_code,unused_vars,low,3.0,9,dead_code|early_return|unused_vars,10,O(1),3,95.33,1,18,4.0,False,False,False,False,False,False,False,False,False,True,True,False,False,True,False,False,False,False,False,1,2,cleanup_dead_unused_code
base,cleanup_dead_unused_code,early_return,low,3.0,2,dead_code|early_return|unused_vars,10,O(1),3,95.33,1,18,3.0,False,False,True,False,False,False,False,False,False,False,True,False,False,True,False,False,False,False,False,1,2,cleanup_dead_unused_code
base,cleanup_dead_unused_code,dead_code,medium,7.0,4,dead_code|early_return|unused_vars,10,O(1),3,95.33,2,18,1.0,False,True,False,False,False,False,False,False,False,False,True,False,False,True,False,False,False,False,False,1,2,cleanup_dead_unused_code
base,cleanup_dead_unused_code,unused_vars,low,3.0,9,dead_code|early_return|unused_vars,10,O(1),3,95.33,1,18,4.0,False,False,False,False,False,False,False,False,False,True,True,False,False,True,False,False,False,False,False,1,2,cleanup_dead_unused_code
base,cleanup_dead_unused_code,early_return,low,3.0,2,dead_code|early_return|unused_vars,10,O(1),3,95.33,1,18,3.0,False,False,True,False,False,False,False,False,False,False,True,False,False,True,False,False,False,False,False,1,2,cleanup_dead_unused_code
base,cleanup_dead_unused_code,dead_code,medium,7.0,4,dead_code|early_return|unused_vars,10,O(1),3,95.33,2,18,1.0,False,True,False,False,False,False,False,False,False,False,True,False,False,True,False,False,False,False,False,1,2,cleanup_dead_unused_code
base,cleanup_dead_unused_code,unused_vars,low,3.0,9,dead_code|early_return|unused_vars,10,O(1),3,95.33,1,18,4.0,False,False,False,False,False,False,False,False,False,True,True,False,False,True,False,False,False,False,False,1,2,cleanup_dead_unused_code
base,cleanup_dead_unused_code,early_return,low,3.0,2,dead_code|early_return|unused_vars,10,O(1),3,95.33,1,18,3.0,False,False,True,False,False,False,False,False,False,False,True,False,False,True,False,False,False,False,False,1,2,cleanup_dead_unused_code
base,cleanup_dead_unused_code,dead_code,medium,7.0,4,dead_code|early_return|unused_vars,10,O(1),3,95.33,2,18,1.0,False,True,False,False,False,False,False,False,False,False,True,False,False,True,False,False,False,False,False,1,2,cleanup_dead_unused_code
base,cleanup_dead_unused_code,unused_vars,low,3.0,9,dead_code|early_return|unused_vars,10,O(1),3,95.33,1,18,4.0,False,False,False,False,False,False,False,False,False,True,True,False,False,True,False,False,False,False,False,1,2,cleanup_dead_unused_code
base,cleanup_dead_unused_code,early_return,low,3.0,2,dead_code|early_return|unused_vars,10,O(1),3,95.33,1,18,3.0,False,False,True,False,False,False,False,False,False,False,True,False,False,True,False,False,False,False,False,1,2,cleanup_dead_unused_code
base,cleanup_dead_unused_code,dead_code,medium,7.0,4,dead_code|early_return|unused_vars,10,O(1),3,95.33,2,18,1.0,False,True,False,False,False,False,False,False,False,False,True,False,False,True,False,False,False,False,False,1,2,cleanup_dead_unused_code
base,cleanup_dead_unused_code,unused_vars,low,3.0,9,dead_code|early_return|unused_vars,10,O(1),3,95.33,1,18,4.0,False,False,False,False,False,False,False,False,False,True,True,False,False,True,False,False,False,False,False,1,2,cleanup_dead_unused_code
base,cleanup_dead_unused_code,early_return,low,3.0,2,dead_code|early_return|unused_vars,10,O(1),3,95.33,1,18,3.0,False,False,True,False,False,False,False,False,False,False,True,False,False,True,False,False,False,False,False,1,2,cleanup_dead_unused_code
base,cleanup_dead_unused_code,dead_code,medium,7.0,4,dead_code|early_return|unused_vars,10,O(1),3,95.33,2,18,1.0,False,True,False,False,False,False,False,False,False,False,True,False,False,True,False,False,False,False,False,1,2,cleanup_dead_unused_code
base,cleanup_dead_unused_code,unused_vars,low,3.0,9,dead_code|early_return|unused_vars,10,O(1),3,95.33,1,18,4.0,False,False,False,False,False,False,False,False,False,True,True,False,False,True,False,False,False,False,False,1,2,cleanup_dead_unused_code
base,cleanup_dead_unused_code,early_return,low,3.0,2,dead_code|early_return|unused_vars,10,O(1),3,95.33,1,18,3.0,False,False,True,False,False,False,False,False,False,False,True,False,False,True,False,False,False,False,False,1,2,cleanup_dead_unused_code
base,cleanup_dead_unused_code,dead_code,medium,7.0,4,dead_code|early_return|unused_vars,10,O(1),3,95.33,2,18,1.0,False,True,False,False,False,False,False,False,False,False,True,False,False,True,False,False,False,False,False,1,2,cleanup_dead_unused_code
base,cleanup_dead_unused_code,unused_vars,low,3.0,9,dead_code|early_return|unused_vars,10,O(1),3,95.33,1,18,4.0,False,False,False,False,False,False,False,False,False,True,True,False,False,True,False,False,False,False,False,1,2,cleanup_dead_unused_code
base,cleanup_dead_unused_code,early_return,low,3.0,2,dead_code|early_return|unused_vars,10,O(1),3,95.33,1,18,3.0,False,False,True,False,False,False,False,False,False,False,True,False,False,True,False,False,False,False,False,1,2,cleanup_dead_unused_code
base,cleanup_dead_unused_code,dead_code,medium,7.0,4,dead_code|early_return|unused_vars,10,O(1),3,95.33,2,18,1.0,False,True,False,False,False,False,False,False,False,False,True,False,False,True,False,False,False,False,False,1,2,cleanup_dead_unused_code
base,cleanup_dead_unused_code,unused_vars,low,3.0,9,dead_code|early_return|unused_vars,10,O(1),3,95.33,1,18,4.0,False,False,False,False,False,False,False,False,False,True,True,False,False,True,False,False,False,False,False,1,2,cleanup_dead_unused_code
base,cleanup_dead_unused_code,early_return,low,3.0,2,dead_code|early_return|unused_vars,10,O(1),3,95.33,1,18,3.0,False,False,True,False,False,False,False,False,False,False,True,False,False,True,False,False,False,False,False,1,2,cleanup_dead_unused_code
base,cleanup_dead_unused_code,dead_code,medium,7.0,4,dead_code|early_return|unused_vars,10,O(1),3,95.33,2,18,1.0,False,True,False,False,False,False,False,False,False,False,True,False,False,True,False,False,False,False,False,1,2,cleanup_dead_unused_code
base,cleanup_dead_unused_code,unused_vars,low,3.0,9,dead_code|early_return|unused_vars,10,O(1),3,95.33,1,18,4.0,False,False,False,False,False,False,False,False,False,True,True,False,False,True,False,False,False,False,False,1,2,cleanup_dead_unused_code
base,cleanup_dead_unused_code,early_return,low,3.0,2,dead_code|early_return|unused_vars,10,O(1),3,95.33,1,18,3.0,False,False,True,False,False,False,False,False,False,False,True,False,False,True,False,False,False,False,False,1,2,cleanup_dead_unused_code
base,cleanup_dead_unused_code,dead_code,medium,7.0,4,dead_code|early_return|unused_vars,10,O(1),3,95.33,2,18,1.0,False,True,False,False,False,False,False,False,False,False,True,False,False,True,False,False,False,False,False,1,2,cleanup_dead_unused_code
base,cleanup_dead_unused_code,unused_vars,low,3.0,9,dead_code|early_return|unused_vars,10,O(1),3,95.33,1,18,4.0,False,False,False,False,False,False,False,False,False,True,True,False,False,True,False,False,False,False,False,1,2,cleanup_dead_unused_code
base,cleanup_dead_unused_code,early_return,low,3.0,2,dead_code|early_return|unused_vars,10,O(1),3,95.33,1,18,3.0,False,False,True,False,False,False,False,False,False,False,True,False,False,True,False,False,False,False,False,1,2,cleanup_dead_unused_code
base,cleanup_dead_unused_code,dead_code,medium,7.0,4,dead_code|early_return|unused_vars,10,O(1),3,95.33,2,18,1.0,False,True,False,False,False,False,False,False,False,False,True,False,False,True,False,False,False,False,False,1,2,cleanup_dead_unused_code
base,cleanup_dead_unused_code,unused_vars,low,3.0,9,dead_code|early_return|unused_vars,10,O(1),3,95.33,1,18,4.0,False,False,False,False,False,False,False,False,False,True,True,False,False,True,False,False,False,False,False,1,2,cleanup_dead_unused_code
base,cleanup_dead_unused_code,early_return,low,3.0,2,dead_code|early_return|unused_vars,10,O(1),3,95.33,1,18,3.0,False,False,True,False,False,False,False,False,False,False,True,False,False,True,False,False,False,False,False,1,2,cleanup_dead_unused_code
base,cleanup_dead_unused_code,dead_code,medium,7.0,4,dead_code|early_return|unused_vars,10,O(1),3,95.33,2,18,1.0,False,True,False,False,False,False,False,False,False,False,True,False,False,True,False,False,False,False,False,1,2,cleanup_dead_unused_code
base,cleanup_dead_unused_code,unused_vars,low,3.0,9,dead_code|early_return|unused_vars,10,O(1),3,95.33,1,18,4.0,False,False,False,False,False,False,False,False,False,True,True,False,False,True,False,False,False,False,False,1,2,cleanup_dead_unused_code
base,cleanup_dead_unused_code,early_return,low,3.0,2,dead_code|early_return|unused_vars,10,O(1),3,95.33,1,18,3.0,False,False,True,False,False,False,False,False,False,False,True,False,False,True,False,False,False,False,False,1,2,cleanup_dead_unused_code
base,cleanup_dead_unused_code,dead_code,medium,7.0,4,dead_code|early_return|unused_vars,10,O(1),3,95.33,2,18,1.0,False,True,False,False,False,False,False,False,False,False,True,False,False,True,False,False,False,False,False,1,2,cleanup_dead_unused_code
base,cleanup_dead_unused_code,unused_vars,low,3.0,9,dead_code|early_return|unused_vars,10,O(1),3,95.33,1,18,4.0,False,False,False,False,False,False,False,False,False,True,True,False,False,True,False,False,False,False,False,1,2,cleanup_dead_unused_code
base,cleanup_dead_unused_code,early_return,low,3.0,2,dead_code|early_return|unused_vars,10,O(1),3,95.33,1,18,3.0,False,False,True,False,False,False,False,False,False,False,True,False,False,True,False,False,False,False,False,1,2,cleanup_dead_unused_code
small_input,reduce_nesting,nested_loops,medium,12.0,5,nested_loops,7,O(n²),1,94.57,2,18,0.0,False,False,False,False,False,False,True,False,False,False,False,False,True,False,False,False,True,False,False,4,4,reduce_nesting
medium_input,reduce_nesting,nested_loops,medium,12.0,5,nested_loops,7,O(n²),1,94.57,2,18,0.0,False,False,False,False,False,False,True,False,False,False,False,False,True,False,False,True,False,False,False,4,4,reduce_nesting
large_input,reduce_nesting,nested_loops,medium,12.0,5,nested_loops,7,O(n²),1,94.57,2,18,0.0,False,False,False,False,False,False,True,False,False,False,False,False,True,False,True,False,False,False,False,4,4,reduce_nesting
with_setup_noise,reduce_nesting,nested_loops,medium,12.0,7,constant_folding|nested_loops,10,O(n²),2,95.2,2,18,2.5,False,False,False,False,False,False,True,False,False,False,False,False,True,False,False,False,False,False,True,4,4,reduce_nesting
with_setup_noise,reduce_nesting,constant_folding,low,2.0,2,constant_folding|nested_loops,10,O(n²),2,95.2,1,18,2.5,True,False,False,False,False,False,False,False,False,False,False,False,True,False,False,False,False,False,True,4,0,hoist_invariant
with_branch_noise,reduce_nesting,nested_loops,medium,12.0,10,nested_loops,13,O(n²),1,96.82,2,18,0.0,False,False,False,False,False,False,True,False,False,False,False,False,True,False,False,False,False,True,False,4,4,reduce_nesting
small_input,reduce_nesting,nested_loops,medium,12.0,5,nested_loops,7,O(n²),1,94.57,2,18,0.0,False,False,False,False,False,False,True,False,False,False,False,False,True,False,False,False,True,False,False,4,4,reduce_nesting
medium_input,reduce_nesting,nested_loops,medium,12.0,5,nested_loops,7,O(n²),1,94.57,2,18,0.0,False,False,False,False,False,False,True,False,False,False,False,False,True,False,False,True,False,False,False,4,4,reduce_nesting
large_input,reduce_nesting,nested_loops,medium,12.0,5,nested_loops,7,O(n²),1,94.57,2,18,0.0,False,False,False,False,False,False,True,False,False,False,False,False,True,False,True,False,False,False,False,4,4,reduce_nesting
with_setup_noise,reduce_nesting,nested_loops,medium,12.0,7,constant_folding|nested_loops,10,O(n²),2,95.2,2,18,2.5,False,False,False,False,False,False,True,False,False,False,False,False,True,False,False,False,False,False,True,4,4,reduce_nesting
with_setup_noise,reduce_nesting,constant_folding,low,2.0,2,constant_folding|nested_loops,10,O(n²),2,95.2,1,18,2.5,True,False,False,False,False,False,False,False,False,False,False,False,True,False,False,False,False,False,True,4,0,hoist_invariant
with_branch_noise,reduce_nesting,nested_loops,medium,12.0,10,nested_loops,13,O(n²),1,96.82,2,18,0.0,False,False,False,False,False,False,True,False,False,False,False,False,True,False,False,False,False,True,False,4,4,reduce_nesting
small_input,reduce_nesting,nested_loops,medium,12.0,5,nested_loops,7,O(n²),1,94.57,2,18,0.0,False,False,False,False,False,False,True,False,False,False,False,False,True,False,False,False,True,False,False,4,4,reduce_nesting
medium_input,reduce_nesting,nested_loops,medium,12.0,5,nested_loops,7,O(n²),1,94.57,2,18,0.0,False,False,False,False,False,False,True,False,False,False,False,False,True,False,False,True,False,False,False,4,4,reduce_nesting
large_input,reduce_nesting,nested_loops,medium,12.0,5,nested_loops,7,O(n²),1,94.57,2,18,0.0,False,False,False,False,False,False,True,False,False,False,False,False,True,False,True,False,False,False,False,4,4,reduce_nesting
with_setup_noise,reduce_nesting,nested_loops,medium,12.0,7,constant_folding|nested_loops,10,O(n²),2,95.2,2,18,2.5,False,False,False,False,False,False,True,False,False,False,False,False,True,False,False,False,False,False,True,4,4,reduce_nesting
with_setup_noise,reduce_nesting,constant_folding,low,2.0,2,constant_folding|nested_loops,10,O(n²),2,95.2,1,18,2.5,True,False,False,False,False,False,False,False,False,False,False,False,True,False,False,False,False,False,True,4,0,hoist_invariant
with_branch_noise,reduce_nesting,nested_loops,medium,12.0,10,nested_loops,13,O(n²),1,96.82,2,18,0.0,False,False,False,False,False,False,True,False,False,False,False,False,True,False,False,False,False,True,False,4,4,reduce_nesting
small_input,reduce_nesting,nested_loops,medium,12.0,5,nested_loops,7,O(n²),1,94.57,2,18,0.0,False,False,False,False,False,False,True,False,False,False,False,False,True,False,False,False,True,False,False,4,4,reduce_nesting
medium_input,reduce_nesting,nested_loops,medium,12.0,5,nested_loops,7,O(n²),1,94.57,2,18,0.0,False,False,False,False,False,False,True,False,False,False,False,False,True,False,False,True,False,False,False,4,4,reduce_nesting
large_input,reduce_nesting,nested_loops,medium,12.0,5,nested_loops,7,O(n²),1,94.57,2,18,0.0,False,False,False,False,False,False,True,False,False,False,False,False,True,False,True,False,False,False,False,4,4,reduce_nesting
with_setup_noise,reduce_nesting,nested_loops,medium,12.0,7,constant_folding|nested_loops,10,O(n²),2,95.2,2,18,2.5,False,False,False,False,False,False,True,False,False,False,False,False,True,False,False,False,False,False,True,4,4,reduce_nesting
with_setup_noise,reduce_nesting,constant_folding,low,2.0,2,constant_folding|nested_loops,10,O(n²),2,95.2,1,18,2.5,True,False,False,False,False,False,False,False,False,False,False,False,True,False,False,False,False,False,True,4,0,hoist_invariant
with_branch_noise,reduce_nesting,nested_loops,medium,12.0,10,nested_loops,13,O(n²),1,96.82,2,18,0.0,False,False,False,False,False,False,True,False,False,False,False,False,True,False,False,False,False,True,False,4,4,reduce_nesting
small_input,reduce_nesting,nested_loops,medium,12.0,5,nested_loops,7,O(n²),1,94.57,2,18,0.0,False,False,False,False,False,False,True,False,False,False,False,False,True,False,False,False,True,False,False,4,4,reduce_nesting
medium_input,reduce_nesting,nested_loops,medium,12.0,5,nested_loops,7,O(n²),1,94.57,2,18,0.0,False,False,False,False,False,False,True,False,False,False,False,False,True,False,False,True,False,False,False,4,4,reduce_nesting
large_input,reduce_nesting,nested_loops,medium,12.0,5,nested_loops,7,O(n²),1,94.57,2,18,0.0,False,False,False,False,False,False,True,False,False,False,False,False,True,False,True,False,False,False,False,4,4,reduce_nesting
with_setup_noise,reduce_nesting,nested_loops,medium,12.0,7,constant_folding|nested_loops,10,O(n²),2,95.2,2,18,2.5,False,False,False,False,False,False,True,False,False,False,False,False,True,False,False,False,False,False,True,4,4,reduce_nesting
with_setup_noise,reduce_nesting,constant_folding,low,2.0,2,constant_folding|nested_loops,10,O(n²),2,95.2,1,18,2.5,True,False,False,False,False,False,False,False,False,False,False,False,True,False,False,False,False,False,True,4,0,hoist_invariant
with_branch_noise,reduce_nesting,nested_loops,medium,12.0,10,nested_loops,13,O(n²),1,96.82,2,18,0.0,False,False,False,False,False,False,True,False,False,False,False,False,True,False,False,False,False,True,False,4,4,reduce_nesting
small_input,reduce_nesting,nested_loops,medium,12.0,5,nested_loops,7,O(n²),1,94.57,2,18,0.0,False,False,False,False,False,False,True,False,False,False,False,False,True,False,False,False,True,False,False,4,4,reduce_nesting
medium_input,reduce_nesting,nested_loops,medium,12.0,5,nested_loops,7,O(n²),1,94.57,2,18,0.0,False,False,False,False,False,False,True,False,False,False,False,False,True,False,False,True,False,False,False,4,4,reduce_nesting
large_input,reduce_nesting,nested_loops,medium,12.0,5,nested_loops,7,O(n²),1,94.57,2,18,0.0,False,False,False,False,False,False,True,False,False,False,False,False,True,False,True,False,False,False,False,4,4,reduce_nesting
with_setup_noise,reduce_nesting,nested_loops,medium,12.0,7,constant_folding|nested_loops,10,O(n²),2,95.2,2,18,2.5,False,False,False,False,False,False,True,False,False,False,False,False,True,False,False,False,False,False,True,4,4,reduce_nesting
with_setup_noise,reduce_nesting,constant_folding,low,2.0,2,constant_folding|nested_loops,10,O(n²),2,95.2,1,18,2.5,True,False,False,False,False,False,False,False,False,False,False,False,True,False,False,False,False,False,True,4,0,hoist_invariant
with_branch_noise,reduce_nesting,nested_loops,medium,12.0,10,nested_loops,13,O(n²),1,96.82,2,18,0.0,False,False,False,False,False,False,True,False,False,False,False,False,True,False,False,False,False,True,False,4,4,reduce_nesting
small_input,reduce_nesting,nested_loops,medium,12.0,5,nested_loops,7,O(n²),1,94.57,2,18,0.0,False,False,False,False,False,False,True,False,False,False,False,False,True,False,False,False,True,False,False,4,4,reduce_nesting
medium_input,reduce_nesting,nested_loops,medium,12.0,5,nested_loops,7,O(n²),1,94.57,2,18,0.0,False,False,False,False,False,False,True,False,False,False,False,False,True,False,False,True,False,False,False,4,4,reduce_nesting
large_input,reduce_nesting,nested_loops,medium,12.0,5,nested_loops,7,O(n²),1,94.57,2,18,0.0,False,False,False,False,False,False,True,False,False,False,False,False,True,False,True,False,False,False,False,4,4,reduce_nesting
with_setup_noise,reduce_nesting,nested_loops,medium,12.0,7,constant_folding|nested_loops,10,O(n²),2,95.2,2,18,2.5,False,False,False,False,False,False,True,False,False,False,False,False,True,False,False,False,False,False,True,4,4,reduce_nesting
with_setup_noise,reduce_nesting,constant_folding,low,2.0,2,constant_folding|nested_loops,10,O(n²),2,95.2,1,18,2.5,True,False,False,False,False,False,False,False,False,False,False,False,True,False,False,False,False,False,True,4,0,hoist_invariant
with_branch_noise,reduce_nesting,nested_loops,medium,12.0,10,nested_loops,13,O(n²),1,96.82,2,18,0.0,False,False,False,False,False,False,True,False,False,False,False,False,True,False,False,False,False,True,False,4,4,reduce_nesting
small_input,reduce_nesting,nested_loops,medium,12.0,5,nested_loops,7,O(n²),1,94.57,2,18,0.0,False,False,False,False,False,False,True,False,False,False,False,False,True,False,False,False,True,False,False,4,4,reduce_nesting
medium_input,reduce_nesting,nested_loops,medium,12.0,5,nested_loops,7,O(n²),1,94.57,2,18,0.0,False,False,False,False,False,False,True,False,False,False,False,False,True,False,False,True,False,False,False,4,4,reduce_nesting
large_input,reduce_nesting,nested_loops,medium,12.0,5,nested_loops,7,O(n²),1,94.57,2,18,0.0,False,False,False,False,False,False,True,False,False,False,False,False,True,False,True,False,False,False,False,4,4,reduce_nesting
with_setup_noise,reduce_nesting,nested_loops,medium,12.0,7,constant_folding|nested_loops,10,O(n²),2,95.2,2,18,2.5,False,False,False,False,False,False,True,False,False,False,False,False,True,False,False,False,False,False,True,4,4,reduce_nesting
with_setup_noise,reduce_nesting,constant_folding,low,2.0,2,constant_folding|nested_loops,10,O(n²),2,95.2,1,18,2.5,True,False,False,False,False,False,False,False,False,False,False,False,True,False,False,False,False,False,True,4,0,hoist_invariant
with_branch_noise,reduce_nesting,nested_loops,medium,12.0,10,nested_loops,13,O(n²),1,96.82,2,18,0.0,False,False,False,False,False,False,True,False,False,False,False,False,True,False,False,False,False,True,False,4,4,reduce_nesting
small_input,reduce_nesting,nested_loops,medium,12.0,5,nested_loops,7,O(n²),1,94.57,2,18,0.0,False,False,False,False,False,False,True,False,False,False,False,False,True,False,False,False,True,False,False,4,4,reduce_nesting
medium_input,reduce_nesting,nested_loops,medium,12.0,5,nested_loops,7,O(n²),1,94.57,2,18,0.0,False,False,False,False,False,False,True,False,False,False,False,False,True,False,False,True,False,False,False,4,4,reduce_nesting
large_input,reduce_nesting,nested_loops,medium,12.0,5,nested_loops,7,O(n²),1,94.57,2,18,0.0,False,False,False,False,False,False,True,False,False,False,False,False,True,False,True,False,False,False,False,4,4,reduce_nesting
with_setup_noise,reduce_nesting,nested_loops,medium,12.0,7,constant_folding|nested_loops,10,O(n²),2,95.2,2,18,2.5,False,False,False,False,False,False,True,False,False,False,False,False,True,False,False,False,False,False,True,4,4,reduce_nesting
with_setup_noise,reduce_nesting,constant_folding,low,2.0,2,constant_folding|nested_loops,10,O(n²),2,95.2,1,18,2.5,True,False,False,False,False,False,False,False,False,False,False,False,True,False,False,False,False,False,True,4,0,hoist_invariant
with_branch_noise,reduce_nesting,nested_loops,medium,12.0,10,nested_loops,13,O(n²),1,96.82,2,18,0.0,False,False,False,False,False,False,True,False,False,False,False,False,True,False,False,False,False,True,False,4,4,reduce_nesting
small_input,reduce_nesting,nested_loops,medium,12.0,5,nested_loops,7,O(n²),1,94.57,2,18,0.0,False,False,False,False,False,False,True,False,False,False,False,False,True,False,False,False,True,False,False,4,4,reduce_nesting
medium_input,reduce_nesting,nested_loops,medium,12.0,5,nested_loops,7,O(n²),1,94.57,2,18,0.0,False,False,False,False,False,False,True,False,False,False,False,False,True,False,False,True,False,False,False,4,4,reduce_nesting
large_input,reduce_nesting,nested_loops,medium,12.0,5,nested_loops,7,O(n²),1,94.57,2,18,0.0,False,False,False,False,False,False,True,False,False,False,False,False,True,False,True,False,False,False,False,4,4,reduce_nesting
with_setup_noise,reduce_nesting,nested_loops,medium,12.0,7,constant_folding|nested_loops,10,O(n²),2,95.2,2,18,2.5,False,False,False,False,False,False,True,False,False,False,False,False,True,False,False,False,False,False,True,4,4,reduce_nesting
with_setup_noise,reduce_nesting,constant_folding,low,2.0,2,constant_folding|nested_loops,10,O(n²),2,95.2,1,18,2.5,True,False,False,False,False,False,False,False,False,False,False,False,True,False,False,False,False,False,True,4,0,hoist_invariant
with_branch_noise,reduce_nesting,nested_loops,medium,12.0,10,nested_loops,13,O(n²),1,96.82,2,18,0.0,False,False,False,False,False,False,True,False,False,False,False,False,True,False,False,False,False,True,False,4,4,reduce_nesting
small_input,reduce_nesting,nested_loops,medium,12.0,5,nested_loops,7,O(n²),1,94.57,2,18,0.0,False,False,False,False,False,False,True,False,False,False,False,False,True,False,False,False,True,False,False,4,4,reduce_nesting
medium_input,reduce_nesting,nested_loops,medium,12.0,5,nested_loops,7,O(n²),1,94.57,2,18,0.0,False,False,False,False,False,False,True,False,False,False,False,False,True,False,False,True,False,False,False,4,4,reduce_nesting
large_input,reduce_nesting,nested_loops,medium,12.0,5,nested_loops,7,O(n²),1,94.57,2,18,0.0,False,False,False,False,False,False,True,False,False,False,False,False,True,False,True,False,False,False,False,4,4,reduce_nesting
with_setup_noise,reduce_nesting,nested_loops,medium,12.0,7,constant_folding|nested_loops,10,O(n²),2,95.2,2,18,2.5,False,False,False,False,False,False,True,False,False,False,False,False,True,False,False,False,False,False,True,4,4,reduce_nesting
with_setup_noise,reduce_nesting,constant_folding,low,2.0,2,constant_folding|nested_loops,10,O(n²),2,95.2,1,18,2.5,True,False,False,False,False,False,False,False,False,False,False,False,True,False,False,False,False,False,True,4,0,hoist_invariant
with_branch_noise,reduce_nesting,nested_loops,medium,12.0,10,nested_loops,13,O(n²),1,96.82,2,18,0.0,False,False,False,False,False,False,True,False,False,False,False,False,True,False,False,False,False,True,False,4,4,reduce_nesting
small_input,reduce_nesting,nested_loops,medium,12.0,5,nested_loops,7,O(n²),1,94.57,2,18,0.0,False,False,False,False,False,False,True,False,False,False,False,False,True,False,False,False,True,False,False,4,4,reduce_nesting
medium_input,reduce_nesting,nested_loops,medium,12.0,5,nested_loops,7,O(n²),1,94.57,2,18,0.0,False,False,False,False,False,False,True,False,False,False,False,False,True,False,False,True,False,False,False,4,4,reduce_nesting
large_input,reduce_nesting,nested_loops,medium,12.0,5,nested_loops,7,O(n²),1,94.57,2,18,0.0,False,False,False,False,False,False,True,False,False,False,False,False,True,False,True,False,False,False,False,4,4,reduce_nesting
with_setup_noise,reduce_nesting,nested_loops,medium,12.0,7,constant_folding|nested_loops,10,O(n²),2,95.2,2,18,2.5,False,False,False,False,False,False,True,False,False,False,False,False,True,False,False,False,False,False,True,4,4,reduce_nesting
with_setup_noise,reduce_nesting,constant_folding,low,2.0,2,constant_folding|nested_loops,10,O(n²),2,95.2,1,18,2.5,True,False,False,False,False,False,False,False,False,False,False,False,True,False,False,False,False,False,True,4,0,hoist_invariant
with_branch_noise,reduce_nesting,nested_loops,medium,12.0,10,nested_loops,13,O(n²),1,96.82,2,18,0.0,False,False,False,False,False,False,True,False,False,False,False,False,True,False,False,False,False,True,False,4,4,reduce_nesting
small_input,reduce_nesting,nested_loops,medium,12.0,5,nested_loops,7,O(n²),1,94.57,2,18,0.0,False,False,False,False,False,False,True,False,False,False,False,False,True,False,False,False,True,False,False,4,4,reduce_nesting
medium_input,reduce_nesting,nested_loops,medium,12.0,5,nested_loops,7,O(n²),1,94.57,2,18,0.0,False,False,False,False,False,False,True,False,False,False,False,False,True,False,False,True,False,False,False,4,4,reduce_nesting
large_input,reduce_nesting,nested_loops,medium,12.0,5,nested_loops,7,O(n²),1,94.57,2,18,0.0,False,False,False,False,False,False,True,False,False,False,False,False,True,False,True,False,False,False,False,4,4,reduce_nesting
with_setup_noise,reduce_nesting,nested_loops,medium,12.0,7,constant_folding|nested_loops,10,O(n²),2,95.2,2,18,2.5,False,False,False,False,False,False,True,False,False,False,False,False,True,False,False,False,False,False,True,4,4,reduce_nesting
with_setup_noise,reduce_nesting,constant_folding,low,2.0,2,constant_folding|nested_loops,10,O(n²),2,95.2,1,18,2.5,True,False,False,False,False,False,False,False,False,False,False,False,True,False,False,False,False,False,True,4,0,hoist_invariant
with_branch_noise,reduce_nesting,nested_loops,medium,12.0,10,nested_loops,13,O(n²),1,96.82,2,18,0.0,False,False,False,False,False,False,True,False,False,False,False,False,True,False,False,False,False,True,False,4,4,reduce_nesting
small_input,reduce_nesting,nested_loops,medium,12.0,5,nested_loops,7,O(n²),1,94.57,2,18,0.0,False,False,False,False,False,False,True,False,False,False,False,False,True,False,False,False,True,False,False,4,4,reduce_nesting
medium_input,reduce_nesting,nested_loops,medium,12.0,5,nested_loops,7,O(n²),1,94.57,2,18,0.0,False,False,False,False,False,False,True,False,False,False,False,False,True,False,False,True,False,False,False,4,4,reduce_nesting
large_input,reduce_nesting,nested_loops,medium,12.0,5,nested_loops,7,O(n²),1,94.57,2,18,0.0,False,False,False,False,False,False,True,False,False,False,False,False,True,False,True,False,False,False,False,4,4,reduce_nesting
with_setup_noise,reduce_nesting,nested_loops,medium,12.0,7,constant_folding|nested_loops,10,O(n²),2,95.2,2,18,2.5,False,False,False,False,False,False,True,False,False,False,False,False,True,False,False,False,False,False,True,4,4,reduce_nesting
with_setup_noise,reduce_nesting,constant_folding,low,2.0,2,constant_folding|nested_loops,10,O(n²),2,95.2,1,18,2.5,True,False,False,False,False,False,False,False,False,False,False,False,True,False,False,False,False,False,True,4,0,hoist_invariant
with_branch_noise,reduce_nesting,nested_loops,medium,12.0,10,nested_loops,13,O(n²),1,96.82,2,18,0.0,False,False,False,False,False,False,True,False,False,False,False,False,True,False,False,False,False,True,False,4,4,reduce_nesting
small_input,reduce_nesting,nested_loops,medium,12.0,5,nested_loops,7,O(n²),1,94.57,2,18,0.0,False,False,False,False,False,False,True,False,False,False,False,False,True,False,False,False,True,False,False,4,4,reduce_nesting
medium_input,reduce_nesting,nested_loops,medium,12.0,5,nested_loops,7,O(n²),1,94.57,2,18,0.0,False,False,False,False,False,False,True,False,False,False,False,False,True,False,False,True,False,False,False,4,4,reduce_nesting
large_input,reduce_nesting,nested_loops,medium,12.0,5,nested_loops,7,O(n²),1,94.57,2,18,0.0,False,False,False,False,False,False,True,False,False,False,False,False,True,False,True,False,False,False,False,4,4,reduce_nesting
with_setup_noise,reduce_nesting,nested_loops,medium,12.0,7,constant_folding|nested_loops,10,O(n²),2,95.2,2,18,2.5,False,False,False,False,False,False,True,False,False,False,False,False,True,False,False,False,False,False,True,4,4,reduce_nesting
with_setup_noise,reduce_nesting,constant_folding,low,2.0,2,constant_folding|nested_loops,10,O(n²),2,95.2,1,18,2.5,True,False,False,False,False,False,False,False,False,False,False,False,True,False,False,False,False,False,True,4,0,hoist_invariant
with_branch_noise,reduce_nesting,nested_loops,medium,12.0,10,nested_loops,13,O(n²),1,96.82,2,18,0.0,False,False,False,False,False,False,True,False,False,False,False,False,True,False,False,False,False,True,False,4,4,reduce_nesting
small_input,reduce_nesting,nested_loops,medium,12.0,5,nested_loops,7,O(n²),1,94.57,2,18,0.0,False,False,False,False,False,False,True,False,False,False,False,False,True,False,False,False,True,False,False,4,4,reduce_nesting
medium_input,reduce_nesting,nested_loops,medium,12.0,5,nested_loops,7,O(n²),1,94.57,2,18,0.0,False,False,False,False,False,False,True,False,False,False,False,False,True,False,False,True,False,False,False,4,4,reduce_nesting
large_input,reduce_nesting,nested_loops,medium,12.0,5,nested_loops,7,O(n²),1,94.57,2,18,0.0,False,False,False,False,False,False,True,False,False,False,False,False,True,False,True,False,False,False,False,4,4,reduce_nesting
with_setup_noise,reduce_nesting,nested_loops,medium,12.0,7,constant_folding|nested_loops,10,O(n²),2,95.2,2,18,2.5,False,False,False,False,False,False,True,False,False,False,False,False,True,False,False,False,False,False,True,4,4,reduce_nesting
with_setup_noise,reduce_nesting,constant_folding,low,2.0,2,constant_folding|nested_loops,10,O(n²),2,95.2,1,18,2.5,True,False,False,False,False,False,False,False,False,False,False,False,True,False,False,False,False,False,True,4,0,hoist_invariant
with_branch_noise,reduce_nesting,nested_loops,medium,12.0,10,nested_loops,13,O(n²),1,96.82,2,18,0.0,False,False,False,False,False,False,True,False,False,False,False,False,True,False,False,False,False,True,False,4,4,reduce_nesting
small_input,reduce_nesting,nested_loops,medium,12.0,5,nested_loops,7,O(n²),1,94.57,2,18,0.0,False,False,False,False,False,False,True,False,False,False,False,False,True,False,False,False,True,False,False,4,4,reduce_nesting
medium_input,reduce_nesting,nested_loops,medium,12.0,5,nested_loops,7,O(n²),1,94.57,2,18,0.0,False,False,False,False,False,False,True,False,False,False,False,False,True,False,False,True,False,False,False,4,4,reduce_nesting
large_input,reduce_nesting,nested_loops,medium,12.0,5,nested_loops,7,O(n²),1,94.57,2,18,0.0,False,False,False,False,False,False,True,False,False,False,False,False,True,False,True,False,False,False,False,4,4,reduce_nesting
with_setup_noise,reduce_nesting,nested_loops,medium,12.0,7,constant_folding|nested_loops,10,O(n²),2,95.2,2,18,2.5,False,False,False,False,False,False,True,False,False,False,False,False,True,False,False,False,False,False,True,4,4,reduce_nesting
with_setup_noise,reduce_nesting,constant_folding,low,2.0,2,constant_folding|nested_loops,10,O(n²),2,95.2,1,18,2.5,True,False,False,False,False,False,False,False,False,False,False,False,True,False,False,False,False,False,True,4,0,hoist_invariant
with_branch_noise,reduce_nesting,nested_loops,medium,12.0,10,nested_loops,13,O(n²),1,96.82,2,18,0.0,False,False,False,False,False,False,True,False,False,False,False,False,True,False,False,False,False,True,False,4,4,reduce_nesting
small_input,reduce_nesting,nested_loops,medium,12.0,5,nested_loops,7,O(n²),1,94.57,2,18,0.0,False,False,False,False,False,False,True,False,False,False,False,False,True,False,False,False,True,False,False,4,4,reduce_nesting
medium_input,reduce_nesting,nested_loops,medium,12.0,5,nested_loops,7,O(n²),1,94.57,2,18,0.0,False,False,False,False,False,False,True,False,False,False,False,False,True,False,False,True,False,False,False,4,4,reduce_nesting
large_input,reduce_nesting,nested_loops,medium,12.0,5,nested_loops,7,O(n²),1,94.57,2,18,0.0,False,False,False,False,False,False,True,False,False,False,False,False,True,False,True,False,False,False,False,4,4,reduce_nesting
with_setup_noise,reduce_nesting,nested_loops,medium,12.0,7,constant_folding|nested_loops,10,O(n²),2,95.2,2,18,2.5,False,False,False,False,False,False,True,False,False,False,False,False,True,False,False,False,False,False,True,4,4,reduce_nesting
with_setup_noise,reduce_nesting,constant_folding,low,2.0,2,constant_folding|nested_loops,10,O(n²),2,95.2,1,18,2.5,True,False,False,False,False,False,False,False,False,False,False,False,True,False,False,False,False,False,True,4,0,hoist_invariant
with_branch_noise,reduce_nesting,nested_loops,medium,12.0,10,nested_loops,13,O(n²),1,96.82,2,18,0.0,False,False,False,False,False,False,True,False,False,False,False,False,True,False,False,False,False,True,False,4,4,reduce_nesting
small_input,hoist_invariant,loop_invariant,medium,8.0,5,constant_folding|loop_invariant,7,O(n),2,95.14,2,18,0.0,False,False,False,False,False,True,False,False,False,False,False,True,False,False,False,False,True,False,False,2,0,hoist_invariant
small_input,hoist_invariant,constant_folding,low,2.0,5,constant_folding|loop_invariant,7,O(n),2,95.14,1,18,0.0,True,False,False,False,False,False,False,False,False,False,False,True,False,False,False,False,True,False,False,2,0,hoist_invariant
medium_input,hoist_invariant,loop_invariant,medium,8.0,5,constant_folding|loop_invariant,7,O(n),2,95.14,2,18,0.0,False,False,False,False,False,True,False,False,False,False,False,True,False,False,False,True,False,False,False,2,0,hoist_invariant
medium_input,hoist_invariant,constant_folding,low,2.0,5,constant_folding|loop_invariant,7,O(n),2,95.14,1,18,0.0,True,False,False,False,False,False,False,False,False,False,False,True,False,False,False,True,False,False,False,2,0,hoist_invariant
large_input,hoist_invariant,loop_invariant,medium,8.0,5,constant_folding|loop_invariant,7,O(n),2,95.14,2,18,0.0,False,False,False,False,False,True,False,False,False,False,False,True,False,False,True,False,False,False,False,2,0,hoist_invariant
large_input,hoist_invariant,constant_folding,low,2.0,5,constant_folding|loop_invariant,7,O(n),2,95.14,1,18,0.0,True,False,False,False,False,False,False,False,False,False,False,True,False,False,True,False,False,False,False,2,0,hoist_invariant
with_setup_noise,hoist_invariant,loop_invariant,medium,8.0,7,constant_folding|loop_invariant,10,O(n),3,95.6,2,18,1.67,False,False,False,False,False,True,False,False,False,False,False,True,False,False,False,False,False,False,True,2,0,hoist_invariant
with_setup_noise,hoist_invariant,constant_folding,low,2.0,2,constant_folding|loop_invariant,10,O(n),3,95.6,1,36,3.33,True,False,False,False,False,False,False,False,False,False,False,True,False,False,False,False,False,False,True,2,0,hoist_invariant
with_setup_noise,hoist_invariant,constant_folding,low,2.0,7,constant_folding|loop_invariant,10,O(n),3,95.6,1,36,1.67,True,False,False,False,False,False,False,False,False,False,False,True,False,False,False,False,False,False,True,2,0,hoist_invariant
with_branch_noise,hoist_invariant,loop_invariant,medium,8.0,10,constant_folding|loop_invariant,13,O(n),2,97.33,2,18,0.0,False,False,False,False,False,True,False,False,False,False,False,True,False,False,False,False,False,True,False,2,0,hoist_invariant
with_branch_noise,hoist_invariant,constant_folding,low,2.0,10,constant_folding|loop_invariant,13,O(n),2,97.33,1,18,0.0,True,False,False,False,False,False,False,False,False,False,False,True,False,False,False,False,False,True,False,2,0,hoist_invariant
small_input,hoist_invariant,loop_invariant,medium,8.0,5,constant_folding|loop_invariant,7,O(n),2,95.14,2,18,0.0,False,False,False,False,False,True,False,False,False,False,False,True,False,False,False,False,True,False,False,2,0,hoist_invariant
small_input,hoist_invariant,constant_folding,low,2.0,5,constant_folding|loop_invariant,7,O(n),2,95.14,1,18,0.0,True,False,False,False,False,False,False,False,False,False,False,True,False,False,False,False,True,False,False,2,0,hoist_invariant
medium_input,hoist_invariant,loop_invariant,medium,8.0,5,constant_folding|loop_invariant,7,O(n),2,95.14,2,18,0.0,False,False,False,False,False,True,False,False,False,False,False,True,False,False,False,True,False,False,False,2,0,hoist_invariant
medium_input,hoist_invariant,constant_folding,low,2.0,5,constant_folding|loop_invariant,7,O(n),2,95.14,1,18,0.0,True,False,False,False,False,False,False,False,False,False,False,True,False,False,False,True,False,False,False,2,0,hoist_invariant
large_input,hoist_invariant,loop_invariant,medium,8.0,5,constant_folding|loop_invariant,7,O(n),2,95.14,2,18,0.0,False,False,False,False,False,True,False,False,False,False,False,True,False,False,True,False,False,False,False,2,0,hoist_invariant
large_input,hoist_invariant,constant_folding,low,2.0,5,constant_folding|loop_invariant,7,O(n),2,95.14,1,18,0.0,True,False,False,False,False,False,False,False,False,False,False,True,False,False,True,False,False,False,False,2,0,hoist_invariant
with_setup_noise,hoist_invariant,loop_invariant,medium,8.0,7,constant_folding|loop_invariant,10,O(n),3,95.6,2,18,1.67,False,False,False,False,False,True,False,False,False,False,False,True,False,False,False,False,False,False,True,2,0,hoist_invariant
with_setup_noise,hoist_invariant,constant_folding,low,2.0,2,constant_folding|loop_invariant,10,O(n),3,95.6,1,36,3.33,True,False,False,False,False,False,False,False,False,False,False,True,False,False,False,False,False,False,True,2,0,hoist_invariant
with_setup_noise,hoist_invariant,constant_folding,low,2.0,7,constant_folding|loop_invariant,10,O(n),3,95.6,1,36,1.67,True,False,False,False,False,False,False,False,False,False,False,True,False,False,False,False,False,False,True,2,0,hoist_invariant
with_branch_noise,hoist_invariant,loop_invariant,medium,8.0,10,constant_folding|loop_invariant,13,O(n),2,97.33,2,18,0.0,False,False,False,False,False,True,False,False,False,False,False,True,False,False,False,False,False,True,False,2,0,hoist_invariant
with_branch_noise,hoist_invariant,constant_folding,low,2.0,10,constant_folding|loop_invariant,13,O(n),2,97.33,1,18,0.0,True,False,False,False,False,False,False,False,False,False,False,True,False,False,False,False,False,True,False,2,0,hoist_invariant
small_input,hoist_invariant,loop_invariant,medium,8.0,5,constant_folding|loop_invariant,7,O(n),2,95.14,2,18,0.0,False,False,False,False,False,True,False,False,False,False,False,True,False,False,False,False,True,False,False,2,0,hoist_invariant
small_input,hoist_invariant,constant_folding,low,2.0,5,constant_folding|loop_invariant,7,O(n),2,95.14,1,18,0.0,True,False,False,False,False,False,False,False,False,False,False,True,False,False,False,False,True,False,False,2,0,hoist_invariant
medium_input,hoist_invariant,loop_invariant,medium,8.0,5,constant_folding|loop_invariant,7,O(n),2,95.14,2,18,0.0,False,False,False,False,False,True,False,False,False,False,False,True,False,False,False,True,False,False,False,2,0,hoist_invariant
medium_input,hoist_invariant,constant_folding,low,2.0,5,constant_folding|loop_invariant,7,O(n),2,95.14,1,18,0.0,True,False,False,False,False,False,False,False,False,False,False,True,False,False,False,True,False,False,False,2,0,hoist_invariant
large_input,hoist_invariant,loop_invariant,medium,8.0,5,constant_folding|loop_invariant,7,O(n),2,95.14,2,18,0.0,False,False,False,False,False,True,False,False,False,False,False,True,False,False,True,False,False,False,False,2,0,hoist_invariant
large_input,hoist_invariant,constant_folding,low,2.0,5,constant_folding|loop_invariant,7,O(n),2,95.14,1,18,0.0,True,False,False,False,False,False,False,False,False,False,False,True,False,False,True,False,False,False,False,2,0,hoist_invariant
with_setup_noise,hoist_invariant,loop_invariant,medium,8.0,7,constant_folding|loop_invariant,10,O(n),3,95.6,2,18,1.67,False,False,False,False,False,True,False,False,False,False,False,True,False,False,False,False,False,False,True,2,0,hoist_invariant
with_setup_noise,hoist_invariant,constant_folding,low,2.0,2,constant_folding|loop_invariant,10,O(n),3,95.6,1,36,3.33,True,False,False,False,False,False,False,False,False,False,False,True,False,False,False,False,False,False,True,2,0,hoist_invariant
with_setup_noise,hoist_invariant,constant_folding,low,2.0,7,constant_folding|loop_invariant,10,O(n),3,95.6,1,36,1.67,True,False,False,False,False,False,False,False,False,False,False,True,False,False,False,False,False,False,True,2,0,hoist_invariant
with_branch_noise,hoist_invariant,loop_invariant,medium,8.0,10,constant_folding|loop_invariant,13,O(n),2,97.33,2,18,0.0,False,False,False,False,False,True,False,False,False,False,False,True,False,False,False,False,False,True,False,2,0,hoist_invariant
with_branch_noise,hoist_invariant,constant_folding,low,2.0,10,constant_folding|loop_invariant,13,O(n),2,97.33,1,18,0.0,True,False,False,False,False,False,False,False,False,False,False,True,False,False,False,False,False,True,False,2,0,hoist_invariant
small_input,hoist_invariant,loop_invariant,medium,8.0,5,constant_folding|loop_invariant,7,O(n),2,95.14,2,18,0.0,False,False,False,False,False,True,False,False,False,False,False,True,False,False,False,False,True,False,False,2,0,hoist_invariant
small_input,hoist_invariant,constant_folding,low,2.0,5,constant_folding|loop_invariant,7,O(n),2,95.14,1,18,0.0,True,False,False,False,False,False,False,False,False,False,False,True,False,False,False,False,True,False,False,2,0,hoist_invariant
medium_input,hoist_invariant,loop_invariant,medium,8.0,5,constant_folding|loop_invariant,7,O(n),2,95.14,2,18,0.0,False,False,False,False,False,True,False,False,False,False,False,True,False,False,False,True,False,False,False,2,0,hoist_invariant
medium_input,hoist_invariant,constant_folding,low,2.0,5,constant_folding|loop_invariant,7,O(n),2,95.14,1,18,0.0,True,False,False,False,False,False,False,False,False,False,False,True,False,False,False,True,False,False,False,2,0,hoist_invariant
large_input,hoist_invariant,loop_invariant,medium,8.0,5,constant_folding|loop_invariant,7,O(n),2,95.14,2,18,0.0,False,False,False,False,False,True,False,False,False,False,False,True,False,False,True,False,False,False,False,2,0,hoist_invariant
large_input,hoist_invariant,constant_folding,low,2.0,5,constant_folding|loop_invariant,7,O(n),2,95.14,1,18,0.0,True,False,False,False,False,False,False,False,False,False,False,True,False,False,True,False,False,False,False,2,0,hoist_invariant
with_setup_noise,hoist_invariant,loop_invariant,medium,8.0,7,constant_folding|loop_invariant,10,O(n),3,95.6,2,18,1.67,False,False,False,False,False,True,False,False,False,False,False,True,False,False,False,False,False,False,True,2,0,hoist_invariant
with_setup_noise,hoist_invariant,constant_folding,low,2.0,2,constant_folding|loop_invariant,10,O(n),3,95.6,1,36,3.33,True,False,False,False,False,False,False,False,False,False,False,True,False,False,False,False,False,False,True,2,0,hoist_invariant
with_setup_noise,hoist_invariant,constant_folding,low,2.0,7,constant_folding|loop_invariant,10,O(n),3,95.6,1,36,1.67,True,False,False,False,False,False,False,False,False,False,False,True,False,False,False,False,False,False,True,2,0,hoist_invariant
with_branch_noise,hoist_invariant,loop_invariant,medium,8.0,10,constant_folding|loop_invariant,13,O(n),2,97.33,2,18,0.0,False,False,False,False,False,True,False,False,False,False,False,True,False,False,False,False,False,True,False,2,0,hoist_invariant
with_branch_noise,hoist_invariant,constant_folding,low,2.0,10,constant_folding|loop_invariant,13,O(n),2,97.33,1,18,0.0,True,False,False,False,False,False,False,False,False,False,False,True,False,False,False,False,False,True,False,2,0,hoist_invariant
small_input,hoist_invariant,loop_invariant,medium,8.0,5,constant_folding|loop_invariant,7,O(n),2,95.14,2,18,0.0,False,False,False,False,False,True,False,False,False,False,False,True,False,False,False,False,True,False,False,2,0,hoist_invariant
small_input,hoist_invariant,constant_folding,low,2.0,5,constant_folding|loop_invariant,7,O(n),2,95.14,1,18,0.0,True,False,False,False,False,False,False,False,False,False,False,True,False,False,False,False,True,False,False,2,0,hoist_invariant
medium_input,hoist_invariant,loop_invariant,medium,8.0,5,constant_folding|loop_invariant,7,O(n),2,95.14,2,18,0.0,False,False,False,False,False,True,False,False,False,False,False,True,False,False,False,True,False,False,False,2,0,hoist_invariant
medium_input,hoist_invariant,constant_folding,low,2.0,5,constant_folding|loop_invariant,7,O(n),2,95.14,1,18,0.0,True,False,False,False,False,False,False,False,False,False,False,True,False,False,False,True,False,False,False,2,0,hoist_invariant
large_input,hoist_invariant,loop_invariant,medium,8.0,5,constant_folding|loop_invariant,7,O(n),2,95.14,2,18,0.0,False,False,False,False,False,True,False,False,False,False,False,True,False,False,True,False,False,False,False,2,0,hoist_invariant
large_input,hoist_invariant,constant_folding,low,2.0,5,constant_folding|loop_invariant,7,O(n),2,95.14,1,18,0.0,True,False,False,False,False,False,False,False,False,False,False,True,False,False,True,False,False,False,False,2,0,hoist_invariant
with_setup_noise,hoist_invariant,loop_invariant,medium,8.0,7,constant_folding|loop_invariant,10,O(n),3,95.6,2,18,1.67,False,False,False,False,False,True,False,False,False,False,False,True,False,False,False,False,False,False,True,2,0,hoist_invariant
with_setup_noise,hoist_invariant,constant_folding,low,2.0,2,constant_folding|loop_invariant,10,O(n),3,95.6,1,36,3.33,True,False,False,False,False,False,False,False,False,False,False,True,False,False,False,False,False,False,True,2,0,hoist_invariant
with_setup_noise,hoist_invariant,constant_folding,low,2.0,7,constant_folding|loop_invariant,10,O(n),3,95.6,1,36,1.67,True,False,False,False,False,False,False,False,False,False,False,True,False,False,False,False,False,False,True,2,0,hoist_invariant
with_branch_noise,hoist_invariant,loop_invariant,medium,8.0,10,constant_folding|loop_invariant,13,O(n),2,97.33,2,18,0.0,False,False,False,False,False,True,False,False,False,False,False,True,False,False,False,False,False,True,False,2,0,hoist_invariant
with_branch_noise,hoist_invariant,constant_folding,low,2.0,10,constant_folding|loop_invariant,13,O(n),2,97.33,1,18,0.0,True,False,False,False,False,False,False,False,False,False,False,True,False,False,False,False,False,True,False,2,0,hoist_invariant
small_input,hoist_invariant,loop_invariant,medium,8.0,5,constant_folding|loop_invariant,7,O(n),2,95.14,2,18,0.0,False,False,False,False,False,True,False,False,False,False,False,True,False,False,False,False,True,False,False,2,0,hoist_invariant
small_input,hoist_invariant,constant_folding,low,2.0,5,constant_folding|loop_invariant,7,O(n),2,95.14,1,18,0.0,True,False,False,False,False,False,False,False,False,False,False,True,False,False,False,False,True,False,False,2,0,hoist_invariant
medium_input,hoist_invariant,loop_invariant,medium,8.0,5,constant_folding|loop_invariant,7,O(n),2,95.14,2,18,0.0,False,False,False,False,False,True,False,False,False,False,False,True,False,False,False,True,False,False,False,2,0,hoist_invariant
medium_input,hoist_invariant,constant_folding,low,2.0,5,constant_folding|loop_invariant,7,O(n),2,95.14,1,18,0.0,True,False,False,False,False,False,False,False,False,False,False,True,False,False,False,True,False,False,False,2,0,hoist_invariant
large_input,hoist_invariant,loop_invariant,medium,8.0,5,constant_folding|loop_invariant,7,O(n),2,95.14,2,18,0.0,False,False,False,False,False,True,False,False,False,False,False,True,False,False,True,False,False,False,False,2,0,hoist_invariant
large_input,hoist_invariant,constant_folding,low,2.0,5,constant_folding|loop_invariant,7,O(n),2,95.14,1,18,0.0,True,False,False,False,False,False,False,False,False,False,False,True,False,False,True,False,False,False,False,2,0,hoist_invariant
with_setup_noise,hoist_invariant,loop_invariant,medium,8.0,7,constant_folding|loop_invariant,10,O(n),3,95.6,2,18,1.67,False,False,False,False,False,True,False,False,False,False,False,True,False,False,False,False,False,False,True,2,0,hoist_invariant
with_setup_noise,hoist_invariant,constant_folding,low,2.0,2,constant_folding|loop_invariant,10,O(n),3,95.6,1,36,3.33,True,False,False,False,False,False,False,False,False,False,False,True,False,False,False,False,False,False,True,2,0,hoist_invariant
with_setup_noise,hoist_invariant,constant_folding,low,2.0,7,constant_folding|loop_invariant,10,O(n),3,95.6,1,36,1.67,True,False,False,False,False,False,False,False,False,False,False,True,False,False,False,False,False,False,True,2,0,hoist_invariant
with_branch_noise,hoist_invariant,loop_invariant,medium,8.0,10,constant_folding|loop_invariant,13,O(n),2,97.33,2,18,0.0,False,False,False,False,False,True,False,False,False,False,False,True,False,False,False,False,False,True,False,2,0,hoist_invariant
with_branch_noise,hoist_invariant,constant_folding,low,2.0,10,constant_folding|loop_invariant,13,O(n),2,97.33,1,18,0.0,True,False,False,False,False,False,False,False,False,False,False,True,False,False,False,False,False,True,False,2,0,hoist_invariant
small_input,hoist_invariant,loop_invariant,medium,8.0,5,constant_folding|loop_invariant,7,O(n),2,95.14,2,18,0.0,False,False,False,False,False,True,False,False,False,False,False,True,False,False,False,False,True,False,False,2,0,hoist_invariant
small_input,hoist_invariant,constant_folding,low,2.0,5,constant_folding|loop_invariant,7,O(n),2,95.14,1,18,0.0,True,False,False,False,False,False,False,False,False,False,False,True,False,False,False,False,True,False,False,2,0,hoist_invariant
medium_input,hoist_invariant,loop_invariant,medium,8.0,5,constant_folding|loop_invariant,7,O(n),2,95.14,2,18,0.0,False,False,False,False,False,True,False,False,False,False,False,True,False,False,False,True,False,False,False,2,0,hoist_invariant
medium_input,hoist_invariant,constant_folding,low,2.0,5,constant_folding|loop_invariant,7,O(n),2,95.14,1,18,0.0,True,False,False,False,False,False,False,False,False,False,False,True,False,False,False,True,False,False,False,2,0,hoist_invariant
large_input,hoist_invariant,loop_invariant,medium,8.0,5,constant_folding|loop_invariant,7,O(n),2,95.14,2,18,0.0,False,False,False,False,False,True,False,False,False,False,False,True,False,False,True,False,False,False,False,2,0,hoist_invariant
large_input,hoist_invariant,constant_folding,low,2.0,5,constant_folding|loop_invariant,7,O(n),2,95.14,1,18,0.0,True,False,False,False,False,False,False,False,False,False,False,True,False,False,True,False,False,False,False,2,0,hoist_invariant
with_setup_noise,hoist_invariant,loop_invariant,medium,8.0,7,constant_folding|loop_invariant,10,O(n),3,95.6,2,18,1.67,False,False,False,False,False,True,False,False,False,False,False,True,False,False,False,False,False,False,True,2,0,hoist_invariant
with_setup_noise,hoist_invariant,constant_folding,low,2.0,2,constant_folding|loop_invariant,10,O(n),3,95.6,1,36,3.33,True,False,False,False,False,False,False,False,False,False,False,True,False,False,False,False,False,False,True,2,0,hoist_invariant
with_setup_noise,hoist_invariant,constant_folding,low,2.0,7,constant_folding|loop_invariant,10,O(n),3,95.6,1,36,1.67,True,False,False,False,False,False,False,False,False,False,False,True,False,False,False,False,False,False,True,2,0,hoist_invariant
with_branch_noise,hoist_invariant,loop_invariant,medium,8.0,10,constant_folding|loop_invariant,13,O(n),2,97.33,2,18,0.0,False,False,False,False,False,True,False,False,False,False,False,True,False,False,False,False,False,True,False,2,0,hoist_invariant
with_branch_noise,hoist_invariant,constant_folding,low,2.0,10,constant_folding|loop_invariant,13,O(n),2,97.33,1,18,0.0,True,False,False,False,False,False,False,False,False,False,False,True,False,False,False,False,False,True,False,2,0,hoist_invariant
small_input,hoist_invariant,loop_invariant,medium,8.0,5,constant_folding|loop_invariant,7,O(n),2,95.14,2,18,0.0,False,False,False,False,False,True,False,False,False,False,False,True,False,False,False,False,True,False,False,2,0,hoist_invariant
small_input,hoist_invariant,constant_folding,low,2.0,5,constant_folding|loop_invariant,7,O(n),2,95.14,1,18,0.0,True,False,False,False,False,False,False,False,False,False,False,True,False,False,False,False,True,False,False,2,0,hoist_invariant
medium_input,hoist_invariant,loop_invariant,medium,8.0,5,constant_folding|loop_invariant,7,O(n),2,95.14,2,18,0.0,False,False,False,False,False,True,False,False,False,False,False,True,False,False,False,True,False,False,False,2,0,hoist_invariant
medium_input,hoist_invariant,constant_folding,low,2.0,5,constant_folding|loop_invariant,7,O(n),2,95.14,1,18,0.0,True,False,False,False,False,False,False,False,False,False,False,True,False,False,False,True,False,False,False,2,0,hoist_invariant
large_input,hoist_invariant,loop_invariant,medium,8.0,5,constant_folding|loop_invariant,7,O(n),2,95.14,2,18,0.0,False,False,False,False,False,True,False,False,False,False,False,True,False,False,True,False,False,False,False,2,0,hoist_invariant
large_input,hoist_invariant,constant_folding,low,2.0,5,constant_folding|loop_invariant,7,O(n),2,95.14,1,18,0.0,True,False,False,False,False,False,False,False,False,False,False,True,False,False,True,False,False,False,False,2,0,hoist_invariant
with_setup_noise,hoist_invariant,loop_invariant,medium,8.0,7,constant_folding|loop_invariant,10,O(n),3,95.6,2,18,1.67,False,False,False,False,False,True,False,False,False,False,False,True,False,False,False,False,False,False,True,2,0,hoist_invariant
with_setup_noise,hoist_invariant,constant_folding,low,2.0,2,constant_folding|loop_invariant,10,O(n),3,95.6,1,36,3.33,True,False,False,False,False,False,False,False,False,False,False,True,False,False,False,False,False,False,True,2,0,hoist_invariant
with_setup_noise,hoist_invariant,constant_folding,low,2.0,7,constant_folding|loop_invariant,10,O(n),3,95.6,1,36,1.67,True,False,False,False,False,False,False,False,False,False,False,True,False,False,False,False,False,False,True,2,0,hoist_invariant
with_branch_noise,hoist_invariant,loop_invariant,medium,8.0,10,constant_folding|loop_invariant,13,O(n),2,97.33,2,18,0.0,False,False,False,False,False,True,False,False,False,False,False,True,False,False,False,False,False,True,False,2,0,hoist_invariant
with_branch_noise,hoist_invariant,constant_folding,low,2.0,10,constant_folding|loop_invariant,13,O(n),2,97.33,1,18,0.0,True,False,False,False,False,False,False,False,False,False,False,True,False,False,False,False,False,True,False,2,0,hoist_invariant
small_input,hoist_invariant,loop_invariant,medium,8.0,5,constant_folding|loop_invariant,7,O(n),2,95.14,2,18,0.0,False,False,False,False,False,True,False,False,False,False,False,True,False,False,False,False,True,False,False,2,0,hoist_invariant
small_input,hoist_invariant,constant_folding,low,2.0,5,constant_folding|loop_invariant,7,O(n),2,95.14,1,18,0.0,True,False,False,False,False,False,False,False,False,False,False,True,False,False,False,False,True,False,False,2,0,hoist_invariant
medium_input,hoist_invariant,loop_invariant,medium,8.0,5,constant_folding|loop_invariant,7,O(n),2,95.14,2,18,0.0,False,False,False,False,False,True,False,False,False,False,False,True,False,False,False,True,False,False,False,2,0,hoist_invariant
medium_input,hoist_invariant,constant_folding,low,2.0,5,constant_folding|loop_invariant,7,O(n),2,95.14,1,18,0.0,True,False,False,False,False,False,False,False,False,False,False,True,False,False,False,True,False,False,False,2,0,hoist_invariant
large_input,hoist_invariant,loop_invariant,medium,8.0,5,constant_folding|loop_invariant,7,O(n),2,95.14,2,18,0.0,False,False,False,False,False,True,False,False,False,False,False,True,False,False,True,False,False,False,False,2,0,hoist_invariant
large_input,hoist_invariant,constant_folding,low,2.0,5,constant_folding|loop_invariant,7,O(n),2,95.14,1,18,0.0,True,False,False,False,False,False,False,False,False,False,False,True,False,False,True,False,False,False,False,2,0,hoist_invariant
with_setup_noise,hoist_invariant,loop_invariant,medium,8.0,7,constant_folding|loop_invariant,10,O(n),3,95.6,2,18,1.67,False,False,False,False,False,True,False,False,False,False,False,True,False,False,False,False,False,False,True,2,0,hoist_invariant
with_setup_noise,hoist_invariant,constant_folding,low,2.0,2,constant_folding|loop_invariant,10,O(n),3,95.6,1,36,3.33,True,False,False,False,False,False,False,False,False,False,False,True,False,False,False,False,False,False,True,2,0,hoist_invariant
with_setup_noise,hoist_invariant,constant_folding,low,2.0,7,constant_folding|loop_invariant,10,O(n),3,95.6,1,36,1.67,True,False,False,False,False,False,False,False,False,False,False,True,False,False,False,False,False,False,True,2,0,hoist_invariant
with_branch_noise,hoist_invariant,loop_invariant,medium,8.0,10,constant_folding|loop_invariant,13,O(n),2,97.33,2,18,0.0,False,False,False,False,False,True,False,False,False,False,False,True,False,False,False,False,False,True,False,2,0,hoist_invariant
with_branch_noise,hoist_invariant,constant_folding,low,2.0,10,constant_folding|loop_invariant,13,O(n),2,97.33,1,18,0.0,True,False,False,False,False,False,False,False,False,False,False,True,False,False,False,False,False,True,False,2,0,hoist_invariant
small_input,hoist_invariant,loop_invariant,medium,8.0,5,constant_folding|loop_invariant,7,O(n),2,95.14,2,18,0.0,False,False,False,False,False,True,False,False,False,False,False,True,False,False,False,False,True,False,False,2,0,hoist_invariant
small_input,hoist_invariant,constant_folding,low,2.0,5,constant_folding|loop_invariant,7,O(n),2,95.14,1,18,0.0,True,False,False,False,False,False,False,False,False,False,False,True,False,False,False,False,True,False,False,2,0,hoist_invariant
medium_input,hoist_invariant,loop_invariant,medium,8.0,5,constant_folding|loop_invariant,7,O(n),2,95.14,2,18,0.0,False,False,False,False,False,True,False,False,False,False,False,True,False,False,False,True,False,False,False,2,0,hoist_invariant
medium_input,hoist_invariant,constant_folding,low,2.0,5,constant_folding|loop_invariant,7,O(n),2,95.14,1,18,0.0,True,False,False,False,False,False,False,False,False,False,False,True,False,False,False,True,False,False,False,2,0,hoist_invariant
large_input,hoist_invariant,loop_invariant,medium,8.0,5,constant_folding|loop_invariant,7,O(n),2,95.14,2,18,0.0,False,False,False,False,False,True,False,False,False,False,False,True,False,False,True,False,False,False,False,2,0,hoist_invariant
large_input,hoist_invariant,constant_folding,low,2.0,5,constant_folding|loop_invariant,7,O(n),2,95.14,1,18,0.0,True,False,False,False,False,False,False,False,False,False,False,True,False,False,True,False,False,False,False,2,0,hoist_invariant
with_setup_noise,hoist_invariant,loop_invariant,medium,8.0,7,constant_folding|loop_invariant,10,O(n),3,95.6,2,18,1.67,False,False,False,False,False,True,False,False,False,False,False,True,False,False,False,False,False,False,True,2,0,hoist_invariant
with_setup_noise,hoist_invariant,constant_folding,low,2.0,2,constant_folding|loop_invariant,10,O(n),3,95.6,1,36,3.33,True,False,False,False,False,False,False,False,False,False,False,True,False,False,False,False,False,False,True,2,0,hoist_invariant
with_setup_noise,hoist_invariant,constant_folding,low,2.0,7,constant_folding|loop_invariant,10,O(n),3,95.6,1,36,1.67,True,False,False,False,False,False,False,False,False,False,False,True,False,False,False,False,False,False,True,2,0,hoist_invariant
with_branch_noise,hoist_invariant,loop_invariant,medium,8.0,10,constant_folding|loop_invariant,13,O(n),2,97.33,2,18,0.0,False,False,False,False,False,True,False,False,False,False,False,True,False,False,False,False,False,True,False,2,0,hoist_invariant
with_branch_noise,hoist_invariant,constant_folding,low,2.0,10,constant_folding|loop_invariant,13,O(n),2,97.33,1,18,0.0,True,False,False,False,False,False,False,False,False,False,False,True,False,False,False,False,False,True,False,2,0,hoist_invariant
small_input,hoist_invariant,loop_invariant,medium,8.0,5,constant_folding|loop_invariant,7,O(n),2,95.14,2,18,0.0,False,False,False,False,False,True,False,False,False,False,False,True,False,False,False,False,True,False,False,2,0,hoist_invariant
small_input,hoist_invariant,constant_folding,low,2.0,5,constant_folding|loop_invariant,7,O(n),2,95.14,1,18,0.0,True,False,False,False,False,False,False,False,False,False,False,True,False,False,False,False,True,False,False,2,0,hoist_invariant
medium_input,hoist_invariant,loop_invariant,medium,8.0,5,constant_folding|loop_invariant,7,O(n),2,95.14,2,18,0.0,False,False,False,False,False,True,False,False,False,False,False,True,False,False,False,True,False,False,False,2,0,hoist_invariant
medium_input,hoist_invariant,constant_folding,low,2.0,5,constant_folding|loop_invariant,7,O(n),2,95.14,1,18,0.0,True,False,False,False,False,False,False,False,False,False,False,True,False,False,False,True,False,False,False,2,0,hoist_invariant
large_input,hoist_invariant,loop_invariant,medium,8.0,5,constant_folding|loop_invariant,7,O(n),2,95.14,2,18,0.0,False,False,False,False,False,True,False,False,False,False,False,True,False,False,True,False,False,False,False,2,0,hoist_invariant
large_input,hoist_invariant,constant_folding,low,2.0,5,constant_folding|loop_invariant,7,O(n),2,95.14,1,18,0.0,True,False,False,False,False,False,False,False,False,False,False,True,False,False,True,False,False,False,False,2,0,hoist_invariant
with_setup_noise,hoist_invariant,loop_invariant,medium,8.0,7,constant_folding|loop_invariant,10,O(n),3,95.6,2,18,1.67,False,False,False,False,False,True,False,False,False,False,False,True,False,False,False,False,False,False,True,2,0,hoist_invariant
with_setup_noise,hoist_invariant,constant_folding,low,2.0,2,constant_folding|loop_invariant,10,O(n),3,95.6,1,36,3.33,True,False,False,False,False,False,False,False,False,False,False,True,False,False,False,False,False,False,True,2,0,hoist_invariant
with_setup_noise,hoist_invariant,constant_folding,low,2.0,7,constant_folding|loop_invariant,10,O(n),3,95.6,1,36,1.67,True,False,False,False,False,False,False,False,False,False,False,True,False,False,False,False,False,False,True,2,0,hoist_invariant
with_branch_noise,hoist_invariant,loop_invariant,medium,8.0,10,constant_folding|loop_invariant,13,O(n),2,97.33,2,18,0.0,False,False,False,False,False,True,False,False,False,False,False,True,False,False,False,False,False,True,False,2,0,hoist_invariant
with_branch_noise,hoist_invariant,constant_folding,low,2.0,10,constant_folding|loop_invariant,13,O(n),2,97.33,1,18,0.0,True,False,False,False,False,False,False,False,False,False,False,True,False,False,False,False,False,True,False,2,0,hoist_invariant
small_input,hoist_invariant,loop_invariant,medium,8.0,5,constant_folding|loop_invariant,7,O(n),2,95.14,2,18,0.0,False,False,False,False,False,True,False,False,False,False,False,True,False,False,False,False,True,False,False,2,0,hoist_invariant
small_input,hoist_invariant,constant_folding,low,2.0,5,constant_folding|loop_invariant,7,O(n),2,95.14,1,18,0.0,True,False,False,False,False,False,False,False,False,False,False,True,False,False,False,False,True,False,False,2,0,hoist_invariant
medium_input,hoist_invariant,loop_invariant,medium,8.0,5,constant_folding|loop_invariant,7,O(n),2,95.14,2,18,0.0,False,False,False,False,False,True,False,False,False,False,False,True,False,False,False,True,False,False,False,2,0,hoist_invariant
medium_input,hoist_invariant,constant_folding,low,2.0,5,constant_folding|loop_invariant,7,O(n),2,95.14,1,18,0.0,True,False,False,False,False,False,False,False,False,False,False,True,False,False,False,True,False,False,False,2,0,hoist_invariant
large_input,hoist_invariant,loop_invariant,medium,8.0,5,constant_folding|loop_invariant,7,O(n),2,95.14,2,18,0.0,False,False,False,False,False,True,False,False,False,False,False,True,False,False,True,False,False,False,False,2,0,hoist_invariant
large_input,hoist_invariant,constant_folding,low,2.0,5,constant_folding|loop_invariant,7,O(n),2,95.14,1,18,0.0,True,False,False,False,False,False,False,False,False,False,False,True,False,False,True,False,False,False,False,2,0,hoist_invariant
with_setup_noise,hoist_invariant,loop_invariant,medium,8.0,7,constant_folding|loop_invariant,10,O(n),3,95.6,2,18,1.67,False,False,False,False,False,True,False,False,False,False,False,True,False,False,False,False,False,False,True,2,0,hoist_invariant
with_setup_noise,hoist_invariant,constant_folding,low,2.0,2,constant_folding|loop_invariant,10,O(n),3,95.6,1,36,3.33,True,False,False,False,False,False,False,False,False,False,False,True,False,False,False,False,False,False,True,2,0,hoist_invariant
with_setup_noise,hoist_invariant,constant_folding,low,2.0,7,constant_folding|loop_invariant,10,O(n),3,95.6,1,36,1.67,True,False,False,False,False,False,False,False,False,False,False,True,False,False,False,False,False,False,True,2,0,hoist_invariant
with_branch_noise,hoist_invariant,loop_invariant,medium,8.0,10,constant_folding|loop_invariant,13,O(n),2,97.33,2,18,0.0,False,False,False,False,False,True,False,False,False,False,False,True,False,False,False,False,False,True,False,2,0,hoist_invariant
with_branch_noise,hoist_invariant,constant_folding,low,2.0,10,constant_folding|loop_invariant,13,O(n),2,97.33,1,18,0.0,True,False,False,False,False,False,False,False,False,False,False,True,False,False,False,False,False,True,False,2,0,hoist_invariant
small_input,hoist_invariant,loop_invariant,medium,8.0,5,constant_folding|loop_invariant,7,O(n),2,95.14,2,18,0.0,False,False,False,False,False,True,False,False,False,False,False,True,False,False,False,False,True,False,False,2,0,hoist_invariant
small_input,hoist_invariant,constant_folding,low,2.0,5,constant_folding|loop_invariant,7,O(n),2,95.14,1,18,0.0,True,False,False,False,False,False,False,False,False,False,False,True,False,False,False,False,True,False,False,2,0,hoist_invariant
medium_input,hoist_invariant,loop_invariant,medium,8.0,5,constant_folding|loop_invariant,7,O(n),2,95.14,2,18,0.0,False,False,False,False,False,True,False,False,False,False,False,True,False,False,False,True,False,False,False,2,0,hoist_invariant
medium_input,hoist_invariant,constant_folding,low,2.0,5,constant_folding|loop_invariant,7,O(n),2,95.14,1,18,0.0,True,False,False,False,False,False,False,False,False,False,False,True,False,False,False,True,False,False,False,2,0,hoist_invariant
large_input,hoist_invariant,loop_invariant,medium,8.0,5,constant_folding|loop_invariant,7,O(n),2,95.14,2,18,0.0,False,False,False,False,False,True,False,False,False,False,False,True,False,False,True,False,False,False,False,2,0,hoist_invariant
large_input,hoist_invariant,constant_folding,low,2.0,5,constant_folding|loop_invariant,7,O(n),2,95.14,1,18,0.0,True,False,False,False,False,False,False,False,False,False,False,True,False,False,True,False,False,False,False,2,0,hoist_invariant
with_setup_noise,hoist_invariant,loop_invariant,medium,8.0,7,constant_folding|loop_invariant,10,O(n),3,95.6,2,18,1.67,False,False,False,False,False,True,False,False,False,False,False,True,False,False,False,False,False,False,True,2,0,hoist_invariant
with_setup_noise,hoist_invariant,constant_folding,low,2.0,2,constant_folding|loop_invariant,10,O(n),3,95.6,1,36,3.33,True,False,False,False,False,False,False,False,False,False,False,True,False,False,False,False,False,False,True,2,0,hoist_invariant
with_setup_noise,hoist_invariant,constant_folding,low,2.0,7,constant_folding|loop_invariant,10,O(n),3,95.6,1,36,1.67,True,False,False,False,False,False,False,False,False,False,False,True,False,False,False,False,False,False,True,2,0,hoist_invariant
with_branch_noise,hoist_invariant,loop_invariant,medium,8.0,10,constant_folding|loop_invariant,13,O(n),2,97.33,2,18,0.0,False,False,False,False,False,True,False,False,False,False,False,True,False,False,False,False,False,True,False,2,0,hoist_invariant
with_branch_noise,hoist_invariant,constant_folding,low,2.0,10,constant_folding|loop_invariant,13,O(n),2,97.33,1,18,0.0,True,False,False,False,False,False,False,False,False,False,False,True,False,False,False,False,False,True,False,2,0,hoist_invariant
small_input,hoist_invariant,loop_invariant,medium,8.0,5,constant_folding|loop_invariant,7,O(n),2,95.14,2,18,0.0,False,False,False,False,False,True,False,False,False,False,False,True,False,False,False,False,True,False,False,2,0,hoist_invariant
small_input,hoist_invariant,constant_folding,low,2.0,5,constant_folding|loop_invariant,7,O(n),2,95.14,1,18,0.0,True,False,False,False,False,False,False,False,False,False,False,True,False,False,False,False,True,False,False,2,0,hoist_invariant
medium_input,hoist_invariant,loop_invariant,medium,8.0,5,constant_folding|loop_invariant,7,O(n),2,95.14,2,18,0.0,False,False,False,False,False,True,False,False,False,False,False,True,False,False,False,True,False,False,False,2,0,hoist_invariant
medium_input,hoist_invariant,constant_folding,low,2.0,5,constant_folding|loop_invariant,7,O(n),2,95.14,1,18,0.0,True,False,False,False,False,False,False,False,False,False,False,True,False,False,False,True,False,False,False,2,0,hoist_invariant
large_input,hoist_invariant,loop_invariant,medium,8.0,5,constant_folding|loop_invariant,7,O(n),2,95.14,2,18,0.0,False,False,False,False,False,True,False,False,False,False,False,True,False,False,True,False,False,False,False,2,0,hoist_invariant
large_input,hoist_invariant,constant_folding,low,2.0,5,constant_folding|loop_invariant,7,O(n),2,95.14,1,18,0.0,True,False,False,False,False,False,False,False,False,False,False,True,False,False,True,False,False,False,False,2,0,hoist_invariant
with_setup_noise,hoist_invariant,loop_invariant,medium,8.0,7,constant_folding|loop_invariant,10,O(n),3,95.6,2,18,1.67,False,False,False,False,False,True,False,False,False,False,False,True,False,False,False,False,False,False,True,2,0,hoist_invariant
with_setup_noise,hoist_invariant,constant_folding,low,2.0,2,constant_folding|loop_invariant,10,O(n),3,95.6,1,36,3.33,True,False,False,False,False,False,False,False,False,False,False,True,False,False,False,False,False,False,True,2,0,hoist_invariant
with_setup_noise,hoist_invariant,constant_folding,low,2.0,7,constant_folding|loop_invariant,10,O(n),3,95.6,1,36,1.67,True,False,False,False,False,False,False,False,False,False,False,True,False,False,False,False,False,False,True,2,0,hoist_invariant
with_branch_noise,hoist_invariant,loop_invariant,medium,8.0,10,constant_folding|loop_invariant,13,O(n),2,97.33,2,18,0.0,False,False,False,False,False,True,False,False,False,False,False,True,False,False,False,False,False,True,False,2,0,hoist_invariant
with_branch_noise,hoist_invariant,constant_folding,low,2.0,10,constant_folding|loop_invariant,13,O(n),2,97.33,1,18,0.0,True,False,False,False,False,False,False,False,False,False,False,True,False,False,False,False,False,True,False,2,0,hoist_invariant
small_input,hoist_invariant,loop_invariant,medium,8.0,5,constant_folding|loop_invariant,7,O(n),2,95.14,2,18,0.0,False,False,False,False,False,True,False,False,False,False,False,True,False,False,False,False,True,False,False,2,0,hoist_invariant
small_input,hoist_invariant,constant_folding,low,2.0,5,constant_folding|loop_invariant,7,O(n),2,95.14,1,18,0.0,True,False,False,False,False,False,False,False,False,False,False,True,False,False,False,False,True,False,False,2,0,hoist_invariant
medium_input,hoist_invariant,loop_invariant,medium,8.0,5,constant_folding|loop_invariant,7,O(n),2,95.14,2,18,0.0,False,False,False,False,False,True,False,False,False,False,False,True,False,False,False,True,False,False,False,2,0,hoist_invariant
medium_input,hoist_invariant,constant_folding,low,2.0,5,constant_folding|loop_invariant,7,O(n),2,95.14,1,18,0.0,True,False,False,False,False,False,False,False,False,False,False,True,False,False,False,True,False,False,False,2,0,hoist_invariant
large_input,hoist_invariant,loop_invariant,medium,8.0,5,constant_folding|loop_invariant,7,O(n),2,95.14,2,18,0.0,False,False,False,False,False,True,False,False,False,False,False,True,False,False,True,False,False,False,False,2,0,hoist_invariant
large_input,hoist_invariant,constant_folding,low,2.0,5,constant_folding|loop_invariant,7,O(n),2,95.14,1,18,0.0,True,False,False,False,False,False,False,False,False,False,False,True,False,False,True,False,False,False,False,2,0,hoist_invariant
with_setup_noise,hoist_invariant,loop_invariant,medium,8.0,7,constant_folding|loop_invariant,10,O(n),3,95.6,2,18,1.67,False,False,False,False,False,True,False,False,False,False,False,True,False,False,False,False,False,False,True,2,0,hoist_invariant
with_setup_noise,hoist_invariant,constant_folding,low,2.0,2,constant_folding|loop_invariant,10,O(n),3,95.6,1,36,3.33,True,False,False,False,False,False,False,False,False,False,False,True,False,False,False,False,False,False,True,2,0,hoist_invariant
with_setup_noise,hoist_invariant,constant_folding,low,2.0,7,constant_folding|loop_invariant,10,O(n),3,95.6,1,36,1.67,True,False,False,False,False,False,False,False,False,False,False,True,False,False,False,False,False,False,True,2,0,hoist_invariant
with_branch_noise,hoist_invariant,loop_invariant,medium,8.0,10,constant_folding|loop_invariant,13,O(n),2,97.33,2,18,0.0,False,False,False,False,False,True,False,False,False,False,False,True,False,False,False,False,False,True,False,2,0,hoist_invariant
with_branch_noise,hoist_invariant,constant_folding,low,2.0,10,constant_folding|loop_invariant,13,O(n),2,97.33,1,18,0.0,True,False,False,False,False,False,False,False,False,False,False,True,False,False,False,False,False,True,False,2,0,hoist_invariant
small_input,hoist_invariant,loop_invariant,medium,8.0,5,constant_folding|loop_invariant,7,O(n),2,95.14,2,18,0.0,False,False,False,False,False,True,False,False,False,False,False,True,False,False,False,False,True,False,False,2,0,hoist_invariant
small_input,hoist_invariant,constant_folding,low,2.0,5,constant_folding|loop_invariant,7,O(n),2,95.14,1,18,0.0,True,False,False,False,False,False,False,False,False,False,False,True,False,False,False,False,True,False,False,2,0,hoist_invariant
medium_input,hoist_invariant,loop_invariant,medium,8.0,5,constant_folding|loop_invariant,7,O(n),2,95.14,2,18,0.0,False,False,False,False,False,True,False,False,False,False,False,True,False,False,False,True,False,False,False,2,0,hoist_invariant
medium_input,hoist_invariant,constant_folding,low,2.0,5,constant_folding|loop_invariant,7,O(n),2,95.14,1,18,0.0,True,False,False,False,False,False,False,False,False,False,False,True,False,False,False,True,False,False,False,2,0,hoist_invariant
large_input,hoist_invariant,loop_invariant,medium,8.0,5,constant_folding|loop_invariant,7,O(n),2,95.14,2,18,0.0,False,False,False,False,False,True,False,False,False,False,False,True,False,False,True,False,False,False,False,2,0,hoist_invariant
large_input,hoist_invariant,constant_folding,low,2.0,5,constant_folding|loop_invariant,7,O(n),2,95.14,1,18,0.0,True,False,False,False,False,False,False,False,False,False,False,True,False,False,True,False,False,False,False,2,0,hoist_invariant
with_setup_noise,hoist_invariant,loop_invariant,medium,8.0,7,constant_folding|loop_invariant,10,O(n),3,95.6,2,18,1.67,False,False,False,False,False,True,False,False,False,False,False,True,False,False,False,False,False,False,True,2,0,hoist_invariant
with_setup_noise,hoist_invariant,constant_folding,low,2.0,2,constant_folding|loop_invariant,10,O(n),3,95.6,1,36,3.33,True,False,False,False,False,False,False,False,False,False,False,True,False,False,False,False,False,False,True,2,0,hoist_invariant
with_setup_noise,hoist_invariant,constant_folding,low,2.0,7,constant_folding|loop_invariant,10,O(n),3,95.6,1,36,1.67,True,False,False,False,False,False,False,False,False,False,False,True,False,False,False,False,False,False,True,2,0,hoist_invariant
with_branch_noise,hoist_invariant,loop_invariant,medium,8.0,10,constant_folding|loop_invariant,13,O(n),2,97.33,2,18,0.0,False,False,False,False,False,True,False,False,False,False,False,True,False,False,False,False,False,True,False,2,0,hoist_invariant
with_branch_noise,hoist_invariant,constant_folding,low,2.0,10,constant_folding|loop_invariant,13,O(n),2,97.33,1,18,0.0,True,False,False,False,False,False,False,False,False,False,False,True,False,False,False,False,False,True,False,2,0,hoist_invariant
small_input,hoist_invariant,loop_invariant,medium,8.0,5,constant_folding|loop_invariant,7,O(n),2,95.14,2,18,0.0,False,False,False,False,False,True,False,False,False,False,False,True,False,False,False,False,True,False,False,2,0,hoist_invariant
small_input,hoist_invariant,constant_folding,low,2.0,5,constant_folding|loop_invariant,7,O(n),2,95.14,1,18,0.0,True,False,False,False,False,False,False,False,False,False,False,True,False,False,False,False,True,False,False,2,0,hoist_invariant
medium_input,hoist_invariant,loop_invariant,medium,8.0,5,constant_folding|loop_invariant,7,O(n),2,95.14,2,18,0.0,False,False,False,False,False,True,False,False,False,False,False,True,False,False,False,True,False,False,False,2,0,hoist_invariant
medium_input,hoist_invariant,constant_folding,low,2.0,5,constant_folding|loop_invariant,7,O(n),2,95.14,1,18,0.0,True,False,False,False,False,False,False,False,False,False,False,True,False,False,False,True,False,False,False,2,0,hoist_invariant
large_input,hoist_invariant,loop_invariant,medium,8.0,5,constant_folding|loop_invariant,7,O(n),2,95.14,2,18,0.0,False,False,False,False,False,True,False,False,False,False,False,True,False,False,True,False,False,False,False,2,0,hoist_invariant
large_input,hoist_invariant,constant_folding,low,2.0,5,constant_folding|loop_invariant,7,O(n),2,95.14,1,18,0.0,True,False,False,False,False,False,False,False,False,False,False,True,False,False,True,False,False,False,False,2,0,hoist_invariant
with_setup_noise,hoist_invariant,loop_invariant,medium,8.0,7,constant_folding|loop_invariant,10,O(n),3,95.6,2,18,1.67,False,False,False,False,False,True,False,False,False,False,False,True,False,False,False,False,False,False,True,2,0,hoist_invariant
with_setup_noise,hoist_invariant,constant_folding,low,2.0,2,constant_folding|loop_invariant,10,O(n),3,95.6,1,36,3.33,True,False,False,False,False,False,False,False,False,False,False,True,False,False,False,False,False,False,True,2,0,hoist_invariant
with_setup_noise,hoist_invariant,constant_folding,low,2.0,7,constant_folding|loop_invariant,10,O(n),3,95.6,1,36,1.67,True,False,False,False,False,False,False,False,False,False,False,True,False,False,False,False,False,False,True,2,0,hoist_invariant
with_branch_noise,hoist_invariant,loop_invariant,medium,8.0,10,constant_folding|loop_invariant,13,O(n),2,97.33,2,18,0.0,False,False,False,False,False,True,False,False,False,False,False,True,False,False,False,False,False,True,False,2,0,hoist_invariant
with_branch_noise,hoist_invariant,constant_folding,low,2.0,10,constant_folding|loop_invariant,13,O(n),2,97.33,1,18,0.0,True,False,False,False,False,False,False,False,False,False,False,True,False,False,False,False,False,True,False,2,0,hoist_invariant
small_input,hoist_invariant,loop_invariant,medium,8.0,5,constant_folding|loop_invariant,7,O(n),2,95.14,2,18,0.0,False,False,False,False,False,True,False,False,False,False,False,True,False,False,False,False,True,False,False,2,0,hoist_invariant
small_input,hoist_invariant,constant_folding,low,2.0,5,constant_folding|loop_invariant,7,O(n),2,95.14,1,18,0.0,True,False,False,False,False,False,False,False,False,False,False,True,False,False,False,False,True,False,False,2,0,hoist_invariant
medium_input,hoist_invariant,loop_invariant,medium,8.0,5,constant_folding|loop_invariant,7,O(n),2,95.14,2,18,0.0,False,False,False,False,False,True,False,False,False,False,False,True,False,False,False,True,False,False,False,2,0,hoist_invariant
medium_input,hoist_invariant,constant_folding,low,2.0,5,constant_folding|loop_invariant,7,O(n),2,95.14,1,18,0.0,True,False,False,False,False,False,False,False,False,False,False,True,False,False,False,True,False,False,False,2,0,hoist_invariant
large_input,hoist_invariant,loop_invariant,medium,8.0,5,constant_folding|loop_invariant,7,O(n),2,95.14,2,18,0.0,False,False,False,False,False,True,False,False,False,False,False,True,False,False,True,False,False,False,False,2,0,hoist_invariant
large_input,hoist_invariant,constant_folding,low,2.0,5,constant_folding|loop_invariant,7,O(n),2,95.14,1,18,0.0,True,False,False,False,False,False,False,False,False,False,False,True,False,False,True,False,False,False,False,2,0,hoist_invariant
with_setup_noise,hoist_invariant,loop_invariant,medium,8.0,7,constant_folding|loop_invariant,10,O(n),3,95.6,2,18,1.67,False,False,False,False,False,True,False,False,False,False,False,True,False,False,False,False,False,False,True,2,0,hoist_invariant
with_setup_noise,hoist_invariant,constant_folding,low,2.0,2,constant_folding|loop_invariant,10,O(n),3,95.6,1,36,3.33,True,False,False,False,False,False,False,False,False,False,False,True,False,False,False,False,False,False,True,2,0,hoist_invariant
with_setup_noise,hoist_invariant,constant_folding,low,2.0,7,constant_folding|loop_invariant,10,O(n),3,95.6,1,36,1.67,True,False,False,False,False,False,False,False,False,False,False,True,False,False,False,False,False,False,True,2,0,hoist_invariant
with_branch_noise,hoist_invariant,loop_invariant,medium,8.0,10,constant_folding|loop_invariant,13,O(n),2,97.33,2,18,0.0,False,False,False,False,False,True,False,False,False,False,False,True,False,False,False,False,False,True,False,2,0,hoist_invariant
with_branch_noise,hoist_invariant,constant_folding,low,2.0,10,constant_folding|loop_invariant,13,O(n),2,97.33,1,18,0.0,True,False,False,False,False,False,False,False,False,False,False,True,False,False,False,False,False,True,False,2,0,hoist_invariant
small_input,cache_repeated_computation,hot_loop,medium,10.0,50,hot_loop|repeated_computation,55,O(n),4,98.44,2,18,1.5,False,False,False,False,True,False,False,False,False,False,False,True,False,False,False,False,True,False,False,0,1,cache_repeated_computation
small_input,cache_repeated_computation,repeated_computation,medium,8.0,52,hot_loop|repeated_computation,55,O(n),4,98.44,2,54,0.5,False,False,False,False,False,False,False,True,False,False,False,True,False,False,False,False,True,False,False,0,1,cache_repeated_computation
small_input,cache_repeated_computation,repeated_computation,medium,8.0,52,hot_loop|repeated_computation,55,O(n),4,98.44,2,54,0.5,False,False,False,False,False,False,False,True,False,False,False,True,False,False,False,False,True,False,False,0,1,cache_repeated_computation
small_input,cache_repeated_computation,repeated_computation,medium,8.0,52,hot_loop|repeated_computation,55,O(n),4,98.44,2,54,0.5,False,False,False,False,False,False,False,True,False,False,False,True,False,False,False,False,True,False,False,0,1,cache_repeated_computation
medium_input,cache_repeated_computation,hot_loop,medium,10.0,50,hot_loop|repeated_computation,55,O(n),4,98.44,2,18,1.5,False,False,False,False,True,False,False,False,False,False,False,True,False,False,False,True,False,False,False,0,1,cache_repeated_computation
medium_input,cache_repeated_computation,repeated_computation,medium,8.0,52,hot_loop|repeated_computation,55,O(n),4,98.44,2,54,0.5,False,False,False,False,False,False,False,True,False,False,False,True,False,False,False,True,False,False,False,0,1,cache_repeated_computation
medium_input,cache_repeated_computation,repeated_computation,medium,8.0,52,hot_loop|repeated_computation,55,O(n),4,98.44,2,54,0.5,False,False,False,False,False,False,False,True,False,False,False,True,False,False,False,True,False,False,False,0,1,cache_repeated_computation
medium_input,cache_repeated_computation,repeated_computation,medium,8.0,52,hot_loop|repeated_computation,55,O(n),4,98.44,2,54,0.5,False,False,False,False,False,False,False,True,False,False,False,True,False,False,False,True,False,False,False,0,1,cache_repeated_computation
large_input,cache_repeated_computation,hot_loop,medium,10.0,50,hot_loop|repeated_computation,55,O(n),4,98.44,2,18,1.5,False,False,False,False,True,False,False,False,False,False,False,True,False,False,True,False,False,False,False,0,1,cache_repeated_computation
large_input,cache_repeated_computation,repeated_computation,medium,8.0,52,hot_loop|repeated_computation,55,O(n),4,98.44,2,54,0.5,False,False,False,False,False,False,False,True,False,False,False,True,False,False,True,False,False,False,False,0,1,cache_repeated_computation
large_input,cache_repeated_computation,repeated_computation,medium,8.0,52,hot_loop|repeated_computation,55,O(n),4,98.44,2,54,0.5,False,False,False,False,False,False,False,True,False,False,False,True,False,False,True,False,False,False,False,0,1,cache_repeated_computation
large_input,cache_repeated_computation,repeated_computation,medium,8.0,52,hot_loop|repeated_computation,55,O(n),4,98.44,2,54,0.5,False,False,False,False,False,False,False,True,False,False,False,True,False,False,True,False,False,False,False,0,1,cache_repeated_computation
with_setup_noise,cache_repeated_computation,hot_loop,medium,10.0,52,constant_folding|hot_loop|repeated_computation,58,O(n),5,98.35,2,18,8.8,False,False,False,False,True,False,False,False,False,False,False,True,False,False,False,False,False,False,True,0,1,cache_repeated_computation
with_setup_noise,cache_repeated_computation,repeated_computation,medium,8.0,54,constant_folding|hot_loop|repeated_computation,58,O(n),5,98.35,2,54,10.8,False,False,False,False,False,False,False,True,False,False,False,True,False,False,False,False,False,False,True,0,1,cache_repeated_computation
with_setup_noise,cache_repeated_computation,repeated_computation,medium,8.0,54,constant_folding|hot_loop|repeated_computation,58,O(n),5,98.35,2,54,10.8,False,False,False,False,False,False,False,True,False,False,False,True,False,False,False,False,False,False,True,0,1,cache_repeated_computation
with_setup_noise,cache_repeated_computation,repeated_computation,medium,8.0,54,constant_folding|hot_loop|repeated_computation,58,O(n),5,98.35,2,54,10.8,False,False,False,False,False,False,False,True,False,False,False,True,False,False,False,False,False,False,True,0,1,cache_repeated_computation
with_setup_noise,cache_repeated_computation,constant_folding,low,2.0,2,constant_folding|hot_loop|repeated_computation,58,O(n),5,98.35,1,18,41.2,True,False,False,False,False,False,False,False,False,False,False,True,False,False,False,False,False,False,True,0,3,cache_repeated_computation_satellite
with_branch_noise,cache_repeated_computation,hot_loop,medium,10.0,55,hot_loop|repeated_computation,61,O(n),4,98.59,2,18,1.5,False,False,False,False,True,False,False,False,False,False,False,True,False,False,False,False,False,True,False,0,1,cache_repeated_computation
with_branch_noise,cache_repeated_computation,repeated_computation,medium,8.0,57,hot_loop|repeated_computation,61,O(n),4,98.59,2,54,0.5,False,False,False,False,False,False,False,True,False,False,False,True,False,False,False,False,False,True,False,0,1,cache_repeated_computation
with_branch_noise,cache_repeated_computation,repeated_computation,medium,8.0,57,hot_loop|repeated_computation,61,O(n),4,98.59,2,54,0.5,False,False,False,False,False,False,False,True,False,False,False,True,False,False,False,False,False,True,False,0,1,cache_repeated_computation
with_branch_noise,cache_repeated_computation,repeated_computation,medium,8.0,57,hot_loop|repeated_computation,61,O(n),4,98.59,2,54,0.5,False,False,False,False,False,False,False,True,False,False,False,True,False,False,False,False,False,True,False,0,1,cache_repeated_computation
small_input,cache_repeated_computation,hot_loop,medium,10.0,50,hot_loop|repeated_computation,55,O(n),4,98.44,2,18,1.5,False,False,False,False,True,False,False,False,False,False,False,True,False,False,False,False,True,False,False,0,1,cache_repeated_computation
small_input,cache_repeated_computation,repeated_computation,medium,8.0,52,hot_loop|repeated_computation,55,O(n),4,98.44,2,54,0.5,False,False,False,False,False,False,False,True,False,False,False,True,False,False,False,False,True,False,False,0,1,cache_repeated_computation
small_input,cache_repeated_computation,repeated_computation,medium,8.0,52,hot_loop|repeated_computation,55,O(n),4,98.44,2,54,0.5,False,False,False,False,False,False,False,True,False,False,False,True,False,False,False,False,True,False,False,0,1,cache_repeated_computation
small_input,cache_repeated_computation,repeated_computation,medium,8.0,52,hot_loop|repeated_computation,55,O(n),4,98.44,2,54,0.5,False,False,False,False,False,False,False,True,False,False,False,True,False,False,False,False,True,False,False,0,1,cache_repeated_computation
medium_input,cache_repeated_computation,hot_loop,medium,10.0,50,hot_loop|repeated_computation,55,O(n),4,98.44,2,18,1.5,False,False,False,False,True,False,False,False,False,False,False,True,False,False,False,True,False,False,False,0,1,cache_repeated_computation
medium_input,cache_repeated_computation,repeated_computation,medium,8.0,52,hot_loop|repeated_computation,55,O(n),4,98.44,2,54,0.5,False,False,False,False,False,False,False,True,False,False,False,True,False,False,False,True,False,False,False,0,1,cache_repeated_computation
medium_input,cache_repeated_computation,repeated_computation,medium,8.0,52,hot_loop|repeated_computation,55,O(n),4,98.44,2,54,0.5,False,False,False,False,False,False,False,True,False,False,False,True,False,False,False,True,False,False,False,0,1,cache_repeated_computation
medium_input,cache_repeated_computation,repeated_computation,medium,8.0,52,hot_loop|repeated_computation,55,O(n),4,98.44,2,54,0.5,False,False,False,False,False,False,False,True,False,False,False,True,False,False,False,True,False,False,False,0,1,cache_repeated_computation
large_input,cache_repeated_computation,hot_loop,medium,10.0,50,hot_loop|repeated_computation,55,O(n),4,98.44,2,18,1.5,False,False,False,False,True,False,False,False,False,False,False,True,False,False,True,False,False,False,False,0,1,cache_repeated_computation
large_input,cache_repeated_computation,repeated_computation,medium,8.0,52,hot_loop|repeated_computation,55,O(n),4,98.44,2,54,0.5,False,False,False,False,False,False,False,True,False,False,False,True,False,False,True,False,False,False,False,0,1,cache_repeated_computation
large_input,cache_repeated_computation,repeated_computation,medium,8.0,52,hot_loop|repeated_computation,55,O(n),4,98.44,2,54,0.5,False,False,False,False,False,False,False,True,False,False,False,True,False,False,True,False,False,False,False,0,1,cache_repeated_computation
large_input,cache_repeated_computation,repeated_computation,medium,8.0,52,hot_loop|repeated_computation,55,O(n),4,98.44,2,54,0.5,False,False,False,False,False,False,False,True,False,False,False,True,False,False,True,False,False,False,False,0,1,cache_repeated_computation
with_setup_noise,cache_repeated_computation,hot_loop,medium,10.0,52,constant_folding|hot_loop|repeated_computation,58,O(n),5,98.35,2,18,8.8,False,False,False,False,True,False,False,False,False,False,False,True,False,False,False,False,False,False,True,0,1,cache_repeated_computation
with_setup_noise,cache_repeated_computation,repeated_computation,medium,8.0,54,constant_folding|hot_loop|repeated_computation,58,O(n),5,98.35,2,54,10.8,False,False,False,False,False,False,False,True,False,False,False,True,False,False,False,False,False,False,True,0,1,cache_repeated_computation
with_setup_noise,cache_repeated_computation,repeated_computation,medium,8.0,54,constant_folding|hot_loop|repeated_computation,58,O(n),5,98.35,2,54,10.8,False,False,False,False,False,False,False,True,False,False,False,True,False,False,False,False,False,False,True,0,1,cache_repeated_computation
with_setup_noise,cache_repeated_computation,repeated_computation,medium,8.0,54,constant_folding|hot_loop|repeated_computation,58,O(n),5,98.35,2,54,10.8,False,False,False,False,False,False,False,True,False,False,False,True,False,False,False,False,False,False,True,0,1,cache_repeated_computation
with_setup_noise,cache_repeated_computation,constant_folding,low,2.0,2,constant_folding|hot_loop|repeated_computation,58,O(n),5,98.35,1,18,41.2,True,False,False,False,False,False,False,False,False,False,False,True,False,False,False,False,False,False,True,0,3,cache_repeated_computation_satellite
with_branch_noise,cache_repeated_computation,hot_loop,medium,10.0,55,hot_loop|repeated_computation,61,O(n),4,98.59,2,18,1.5,False,False,False,False,True,False,False,False,False,False,False,True,False,False,False,False,False,True,False,0,1,cache_repeated_computation
with_branch_noise,cache_repeated_computation,repeated_computation,medium,8.0,57,hot_loop|repeated_computation,61,O(n),4,98.59,2,54,0.5,False,False,False,False,False,False,False,True,False,False,False,True,False,False,False,False,False,True,False,0,1,cache_repeated_computation
with_branch_noise,cache_repeated_computation,repeated_computation,medium,8.0,57,hot_loop|repeated_computation,61,O(n),4,98.59,2,54,0.5,False,False,False,False,False,False,False,True,False,False,False,True,False,False,False,False,False,True,False,0,1,cache_repeated_computation
with_branch_noise,cache_repeated_computation,repeated_computation,medium,8.0,57,hot_loop|repeated_computation,61,O(n),4,98.59,2,54,0.5,False,False,False,False,False,False,False,True,False,False,False,True,False,False,False,False,False,True,False,0,1,cache_repeated_computation
small_input,cache_repeated_computation,hot_loop,medium,10.0,50,hot_loop|repeated_computation,55,O(n),4,98.44,2,18,1.5,False,False,False,False,True,False,False,False,False,False,False,True,False,False,False,False,True,False,False,0,1,cache_repeated_computation
small_input,cache_repeated_computation,repeated_computation,medium,8.0,52,hot_loop|repeated_computation,55,O(n),4,98.44,2,54,0.5,False,False,False,False,False,False,False,True,False,False,False,True,False,False,False,False,True,False,False,0,1,cache_repeated_computation
small_input,cache_repeated_computation,repeated_computation,medium,8.0,52,hot_loop|repeated_computation,55,O(n),4,98.44,2,54,0.5,False,False,False,False,False,False,False,True,False,False,False,True,False,False,False,False,True,False,False,0,1,cache_repeated_computation
small_input,cache_repeated_computation,repeated_computation,medium,8.0,52,hot_loop|repeated_computation,55,O(n),4,98.44,2,54,0.5,False,False,False,False,False,False,False,True,False,False,False,True,False,False,False,False,True,False,False,0,1,cache_repeated_computation
medium_input,cache_repeated_computation,hot_loop,medium,10.0,50,hot_loop|repeated_computation,55,O(n),4,98.44,2,18,1.5,False,False,False,False,True,False,False,False,False,False,False,True,False,False,False,True,False,False,False,0,1,cache_repeated_computation
medium_input,cache_repeated_computation,repeated_computation,medium,8.0,52,hot_loop|repeated_computation,55,O(n),4,98.44,2,54,0.5,False,False,False,False,False,False,False,True,False,False,False,True,False,False,False,True,False,False,False,0,1,cache_repeated_computation
medium_input,cache_repeated_computation,repeated_computation,medium,8.0,52,hot_loop|repeated_computation,55,O(n),4,98.44,2,54,0.5,False,False,False,False,False,False,False,True,False,False,False,True,False,False,False,True,False,False,False,0,1,cache_repeated_computation
medium_input,cache_repeated_computation,repeated_computation,medium,8.0,52,hot_loop|repeated_computation,55,O(n),4,98.44,2,54,0.5,False,False,False,False,False,False,False,True,False,False,False,True,False,False,False,True,False,False,False,0,1,cache_repeated_computation
large_input,cache_repeated_computation,hot_loop,medium,10.0,50,hot_loop|repeated_computation,55,O(n),4,98.44,2,18,1.5,False,False,False,False,True,False,False,False,False,False,False,True,False,False,True,False,False,False,False,0,1,cache_repeated_computation
large_input,cache_repeated_computation,repeated_computation,medium,8.0,52,hot_loop|repeated_computation,55,O(n),4,98.44,2,54,0.5,False,False,False,False,False,False,False,True,False,False,False,True,False,False,True,False,False,False,False,0,1,cache_repeated_computation
large_input,cache_repeated_computation,repeated_computation,medium,8.0,52,hot_loop|repeated_computation,55,O(n),4,98.44,2,54,0.5,False,False,False,False,False,False,False,True,False,False,False,True,False,False,True,False,False,False,False,0,1,cache_repeated_computation
large_input,cache_repeated_computation,repeated_computation,medium,8.0,52,hot_loop|repeated_computation,55,O(n),4,98.44,2,54,0.5,False,False,False,False,False,False,False,True,False,False,False,True,False,False,True,False,False,False,False,0,1,cache_repeated_computation
with_setup_noise,cache_repeated_computation,hot_loop,medium,10.0,52,constant_folding|hot_loop|repeated_computation,58,O(n),5,98.35,2,18,8.8,False,False,False,False,True,False,False,False,False,False,False,True,False,False,False,False,False,False,True,0,1,cache_repeated_computation
with_setup_noise,cache_repeated_computation,repeated_computation,medium,8.0,54,constant_folding|hot_loop|repeated_computation,58,O(n),5,98.35,2,54,10.8,False,False,False,False,False,False,False,True,False,False,False,True,False,False,False,False,False,False,True,0,1,cache_repeated_computation
with_setup_noise,cache_repeated_computation,repeated_computation,medium,8.0,54,constant_folding|hot_loop|repeated_computation,58,O(n),5,98.35,2,54,10.8,False,False,False,False,False,False,False,True,False,False,False,True,False,False,False,False,False,False,True,0,1,cache_repeated_computation
with_setup_noise,cache_repeated_computation,repeated_computation,medium,8.0,54,constant_folding|hot_loop|repeated_computation,58,O(n),5,98.35,2,54,10.8,False,False,False,False,False,False,False,True,False,False,False,True,False,False,False,False,False,False,True,0,1,cache_repeated_computation
with_setup_noise,cache_repeated_computation,constant_folding,low,2.0,2,constant_folding|hot_loop|repeated_computation,58,O(n),5,98.35,1,18,41.2,True,False,False,False,False,False,False,False,False,False,False,True,False,False,False,False,False,False,True,0,3,cache_repeated_computation_satellite
with_branch_noise,cache_repeated_computation,hot_loop,medium,10.0,55,hot_loop|repeated_computation,61,O(n),4,98.59,2,18,1.5,False,False,False,False,True,False,False,False,False,False,False,True,False,False,False,False,False,True,False,0,1,cache_repeated_computation
with_branch_noise,cache_repeated_computation,repeated_computation,medium,8.0,57,hot_loop|repeated_computation,61,O(n),4,98.59,2,54,0.5,False,False,False,False,False,False,False,True,False,False,False,True,False,False,False,False,False,True,False,0,1,cache_repeated_computation
with_branch_noise,cache_repeated_computation,repeated_computation,medium,8.0,57,hot_loop|repeated_computation,61,O(n),4,98.59,2,54,0.5,False,False,False,False,False,False,False,True,False,False,False,True,False,False,False,False,False,True,False,0,1,cache_repeated_computation
with_branch_noise,cache_repeated_computation,repeated_computation,medium,8.0,57,hot_loop|repeated_computation,61,O(n),4,98.59,2,54,0.5,False,False,False,False,False,False,False,True,False,False,False,True,False,False,False,False,False,True,False,0,1,cache_repeated_computation
small_input,cache_repeated_computation,hot_loop,medium,10.0,50,hot_loop|repeated_computation,55,O(n),4,98.44,2,18,1.5,False,False,False,False,True,False,False,False,False,False,False,True,False,False,False,False,True,False,False,0,1,cache_repeated_computation
small_input,cache_repeated_computation,repeated_computation,medium,8.0,52,hot_loop|repeated_computation,55,O(n),4,98.44,2,54,0.5,False,False,False,False,False,False,False,True,False,False,False,True,False,False,False,False,True,False,False,0,1,cache_repeated_computation
small_input,cache_repeated_computation,repeated_computation,medium,8.0,52,hot_loop|repeated_computation,55,O(n),4,98.44,2,54,0.5,False,False,False,False,False,False,False,True,False,False,False,True,False,False,False,False,True,False,False,0,1,cache_repeated_computation
small_input,cache_repeated_computation,repeated_computation,medium,8.0,52,hot_loop|repeated_computation,55,O(n),4,98.44,2,54,0.5,False,False,False,False,False,False,False,True,False,False,False,True,False,False,False,False,True,False,False,0,1,cache_repeated_computation
medium_input,cache_repeated_computation,hot_loop,medium,10.0,50,hot_loop|repeated_computation,55,O(n),4,98.44,2,18,1.5,False,False,False,False,True,False,False,False,False,False,False,True,False,False,False,True,False,False,False,0,1,cache_repeated_computation
medium_input,cache_repeated_computation,repeated_computation,medium,8.0,52,hot_loop|repeated_computation,55,O(n),4,98.44,2,54,0.5,False,False,False,False,False,False,False,True,False,False,False,True,False,False,False,True,False,False,False,0,1,cache_repeated_computation
medium_input,cache_repeated_computation,repeated_computation,medium,8.0,52,hot_loop|repeated_computation,55,O(n),4,98.44,2,54,0.5,False,False,False,False,False,False,False,True,False,False,False,True,False,False,False,True,False,False,False,0,1,cache_repeated_computation
medium_input,cache_repeated_computation,repeated_computation,medium,8.0,52,hot_loop|repeated_computation,55,O(n),4,98.44,2,54,0.5,False,False,False,False,False,False,False,True,False,False,False,True,False,False,False,True,False,False,False,0,1,cache_repeated_computation
large_input,cache_repeated_computation,hot_loop,medium,10.0,50,hot_loop|repeated_computation,55,O(n),4,98.44,2,18,1.5,False,False,False,False,True,False,False,False,False,False,False,True,False,False,True,False,False,False,False,0,1,cache_repeated_computation
large_input,cache_repeated_computation,repeated_computation,medium,8.0,52,hot_loop|repeated_computation,55,O(n),4,98.44,2,54,0.5,False,False,False,False,False,False,False,True,False,False,False,True,False,False,True,False,False,False,False,0,1,cache_repeated_computation
large_input,cache_repeated_computation,repeated_computation,medium,8.0,52,hot_loop|repeated_computation,55,O(n),4,98.44,2,54,0.5,False,False,False,False,False,False,False,True,False,False,False,True,False,False,True,False,False,False,False,0,1,cache_repeated_computation
large_input,cache_repeated_computation,repeated_computation,medium,8.0,52,hot_loop|repeated_computation,55,O(n),4,98.44,2,54,0.5,False,False,False,False,False,False,False,True,False,False,False,True,False,False,True,False,False,False,False,0,1,cache_repeated_computation
with_setup_noise,cache_repeated_computation,hot_loop,medium,10.0,52,constant_folding|hot_loop|repeated_computation,58,O(n),5,98.35,2,18,8.8,False,False,False,False,True,False,False,False,False,False,False,True,False,False,False,False,False,False,True,0,1,cache_repeated_computation
with_setup_noise,cache_repeated_computation,repeated_computation,medium,8.0,54,constant_folding|hot_loop|repeated_computation,58,O(n),5,98.35,2,54,10.8,False,False,False,False,False,False,False,True,False,False,False,True,False,False,False,False,False,False,True,0,1,cache_repeated_computation
with_setup_noise,cache_repeated_computation,repeated_computation,medium,8.0,54,constant_folding|hot_loop|repeated_computation,58,O(n),5,98.35,2,54,10.8,False,False,False,False,False,False,False,True,False,False,False,True,False,False,False,False,False,False,True,0,1,cache_repeated_computation
with_setup_noise,cache_repeated_computation,repeated_computation,medium,8.0,54,constant_folding|hot_loop|repeated_computation,58,O(n),5,98.35,2,54,10.8,False,False,False,False,False,False,False,True,False,False,False,True,False,False,False,False,False,False,True,0,1,cache_repeated_computation
with_setup_noise,cache_repeated_computation,constant_folding,low,2.0,2,constant_folding|hot_loop|repeated_computation,58,O(n),5,98.35,1,18,41.2,True,False,False,False,False,False,False,False,False,False,False,True,False,False,False,False,False,False,True,0,3,cache_repeated_computation_satellite
with_branch_noise,cache_repeated_computation,hot_loop,medium,10.0,55,hot_loop|repeated_computation,61,O(n),4,98.59,2,18,1.5,False,False,False,False,True,False,False,False,False,False,False,True,False,False,False,False,False,True,False,0,1,cache_repeated_computation
with_branch_noise,cache_repeated_computation,repeated_computation,medium,8.0,57,hot_loop|repeated_computation,61,O(n),4,98.59,2,54,0.5,False,False,False,False,False,False,False,True,False,False,False,True,False,False,False,False,False,True,False,0,1,cache_repeated_computation
with_branch_noise,cache_repeated_computation,repeated_computation,medium,8.0,57,hot_loop|repeated_computation,61,O(n),4,98.59,2,54,0.5,False,False,False,False,False,False,False,True,False,False,False,True,False,False,False,False,False,True,False,0,1,cache_repeated_computation
with_branch_noise,cache_repeated_computation,repeated_computation,medium,8.0,57,hot_loop|repeated_computation,61,O(n),4,98.59,2,54,0.5,False,False,False,False,False,False,False,True,False,False,False,True,False,False,False,False,False,True,False,0,1,cache_repeated_computation
small_input,cache_repeated_computation,hot_loop,medium,10.0,50,hot_loop|repeated_computation,55,O(n),4,98.44,2,18,1.5,False,False,False,False,True,False,False,False,False,False,False,True,False,False,False,False,True,False,False,0,1,cache_repeated_computation
small_input,cache_repeated_computation,repeated_computation,medium,8.0,52,hot_loop|repeated_computation,55,O(n),4,98.44,2,54,0.5,False,False,False,False,False,False,False,True,False,False,False,True,False,False,False,False,True,False,False,0,1,cache_repeated_computation
small_input,cache_repeated_computation,repeated_computation,medium,8.0,52,hot_loop|repeated_computation,55,O(n),4,98.44,2,54,0.5,False,False,False,False,False,False,False,True,False,False,False,True,False,False,False,False,True,False,False,0,1,cache_repeated_computation
small_input,cache_repeated_computation,repeated_computation,medium,8.0,52,hot_loop|repeated_computation,55,O(n),4,98.44,2,54,0.5,False,False,False,False,False,False,False,True,False,False,False,True,False,False,False,False,True,False,False,0,1,cache_repeated_computation
medium_input,cache_repeated_computation,hot_loop,medium,10.0,50,hot_loop|repeated_computation,55,O(n),4,98.44,2,18,1.5,False,False,False,False,True,False,False,False,False,False,False,True,False,False,False,True,False,False,False,0,1,cache_repeated_computation
medium_input,cache_repeated_computation,repeated_computation,medium,8.0,52,hot_loop|repeated_computation,55,O(n),4,98.44,2,54,0.5,False,False,False,False,False,False,False,True,False,False,False,True,False,False,False,True,False,False,False,0,1,cache_repeated_computation
medium_input,cache_repeated_computation,repeated_computation,medium,8.0,52,hot_loop|repeated_computation,55,O(n),4,98.44,2,54,0.5,False,False,False,False,False,False,False,True,False,False,False,True,False,False,False,True,False,False,False,0,1,cache_repeated_computation
medium_input,cache_repeated_computation,repeated_computation,medium,8.0,52,hot_loop|repeated_computation,55,O(n),4,98.44,2,54,0.5,False,False,False,False,False,False,False,True,False,False,False,True,False,False,False,True,False,False,False,0,1,cache_repeated_computation
large_input,cache_repeated_computation,hot_loop,medium,10.0,50,hot_loop|repeated_computation,55,O(n),4,98.44,2,18,1.5,False,False,False,False,True,False,False,False,False,False,False,True,False,False,True,False,False,False,False,0,1,cache_repeated_computation
large_input,cache_repeated_computation,repeated_computation,medium,8.0,52,hot_loop|repeated_computation,55,O(n),4,98.44,2,54,0.5,False,False,False,False,False,False,False,True,False,False,False,True,False,False,True,False,False,False,False,0,1,cache_repeated_computation
large_input,cache_repeated_computation,repeated_computation,medium,8.0,52,hot_loop|repeated_computation,55,O(n),4,98.44,2,54,0.5,False,False,False,False,False,False,False,True,False,False,False,True,False,False,True,False,False,False,False,0,1,cache_repeated_computation
large_input,cache_repeated_computation,repeated_computation,medium,8.0,52,hot_loop|repeated_computation,55,O(n),4,98.44,2,54,0.5,False,False,False,False,False,False,False,True,False,False,False,True,False,False,True,False,False,False,False,0,1,cache_repeated_computation
with_setup_noise,cache_repeated_computation,hot_loop,medium,10.0,52,constant_folding|hot_loop|repeated_computation,58,O(n),5,98.35,2,18,8.8,False,False,False,False,True,False,False,False,False,False,False,True,False,False,False,False,False,False,True,0,1,cache_repeated_computation
with_setup_noise,cache_repeated_computation,repeated_computation,medium,8.0,54,constant_folding|hot_loop|repeated_computation,58,O(n),5,98.35,2,54,10.8,False,False,False,False,False,False,False,True,False,False,False,True,False,False,False,False,False,False,True,0,1,cache_repeated_computation
with_setup_noise,cache_repeated_computation,repeated_computation,medium,8.0,54,constant_folding|hot_loop|repeated_computation,58,O(n),5,98.35,2,54,10.8,False,False,False,False,False,False,False,True,False,False,False,True,False,False,False,False,False,False,True,0,1,cache_repeated_computation
with_setup_noise,cache_repeated_computation,repeated_computation,medium,8.0,54,constant_folding|hot_loop|repeated_computation,58,O(n),5,98.35,2,54,10.8,False,False,False,False,False,False,False,True,False,False,False,True,False,False,False,False,False,False,True,0,1,cache_repeated_computation
with_setup_noise,cache_repeated_computation,constant_folding,low,2.0,2,constant_folding|hot_loop|repeated_computation,58,O(n),5,98.35,1,18,41.2,True,False,False,False,False,False,False,False,False,False,False,True,False,False,False,False,False,False,True,0,3,cache_repeated_computation_satellite
with_branch_noise,cache_repeated_computation,hot_loop,medium,10.0,55,hot_loop|repeated_computation,61,O(n),4,98.59,2,18,1.5,False,False,False,False,True,False,False,False,False,False,False,True,False,False,False,False,False,True,False,0,1,cache_repeated_computation
with_branch_noise,cache_repeated_computation,repeated_computation,medium,8.0,57,hot_loop|repeated_computation,61,O(n),4,98.59,2,54,0.5,False,False,False,False,False,False,False,True,False,False,False,True,False,False,False,False,False,True,False,0,1,cache_repeated_computation
with_branch_noise,cache_repeated_computation,repeated_computation,medium,8.0,57,hot_loop|repeated_computation,61,O(n),4,98.59,2,54,0.5,False,False,False,False,False,False,False,True,False,False,False,True,False,False,False,False,False,True,False,0,1,cache_repeated_computation
with_branch_noise,cache_repeated_computation,repeated_computation,medium,8.0,57,hot_loop|repeated_computation,61,O(n),4,98.59,2,54,0.5,False,False,False,False,False,False,False,True,False,False,False,True,False,False,False,False,False,True,False,0,1,cache_repeated_computation
small_input,cache_repeated_computation,hot_loop,medium,10.0,50,hot_loop|repeated_computation,55,O(n),4,98.44,2,18,1.5,False,False,False,False,True,False,False,False,False,False,False,True,False,False,False,False,True,False,False,0,1,cache_repeated_computation
small_input,cache_repeated_computation,repeated_computation,medium,8.0,52,hot_loop|repeated_computation,55,O(n),4,98.44,2,54,0.5,False,False,False,False,False,False,False,True,False,False,False,True,False,False,False,False,True,False,False,0,1,cache_repeated_computation
small_input,cache_repeated_computation,repeated_computation,medium,8.0,52,hot_loop|repeated_computation,55,O(n),4,98.44,2,54,0.5,False,False,False,False,False,False,False,True,False,False,False,True,False,False,False,False,True,False,False,0,1,cache_repeated_computation
small_input,cache_repeated_computation,repeated_computation,medium,8.0,52,hot_loop|repeated_computation,55,O(n),4,98.44,2,54,0.5,False,False,False,False,False,False,False,True,False,False,False,True,False,False,False,False,True,False,False,0,1,cache_repeated_computation
medium_input,cache_repeated_computation,hot_loop,medium,10.0,50,hot_loop|repeated_computation,55,O(n),4,98.44,2,18,1.5,False,False,False,False,True,False,False,False,False,False,False,True,False,False,False,True,False,False,False,0,1,cache_repeated_computation
medium_input,cache_repeated_computation,repeated_computation,medium,8.0,52,hot_loop|repeated_computation,55,O(n),4,98.44,2,54,0.5,False,False,False,False,False,False,False,True,False,False,False,True,False,False,False,True,False,False,False,0,1,cache_repeated_computation
medium_input,cache_repeated_computation,repeated_computation,medium,8.0,52,hot_loop|repeated_computation,55,O(n),4,98.44,2,54,0.5,False,False,False,False,False,False,False,True,False,False,False,True,False,False,False,True,False,False,False,0,1,cache_repeated_computation
medium_input,cache_repeated_computation,repeated_computation,medium,8.0,52,hot_loop|repeated_computation,55,O(n),4,98.44,2,54,0.5,False,False,False,False,False,False,False,True,False,False,False,True,False,False,False,True,False,False,False,0,1,cache_repeated_computation
large_input,cache_repeated_computation,hot_loop,medium,10.0,50,hot_loop|repeated_computation,55,O(n),4,98.44,2,18,1.5,False,False,False,False,True,False,False,False,False,False,False,True,False,False,True,False,False,False,False,0,1,cache_repeated_computation
large_input,cache_repeated_computation,repeated_computation,medium,8.0,52,hot_loop|repeated_computation,55,O(n),4,98.44,2,54,0.5,False,False,False,False,False,False,False,True,False,False,False,True,False,False,True,False,False,False,False,0,1,cache_repeated_computation
large_input,cache_repeated_computation,repeated_computation,medium,8.0,52,hot_loop|repeated_computation,55,O(n),4,98.44,2,54,0.5,False,False,False,False,False,False,False,True,False,False,False,True,False,False,True,False,False,False,False,0,1,cache_repeated_computation
large_input,cache_repeated_computation,repeated_computation,medium,8.0,52,hot_loop|repeated_computation,55,O(n),4,98.44,2,54,0.5,False,False,False,False,False,False,False,True,False,False,False,True,False,False,True,False,False,False,False,0,1,cache_repeated_computation
with_setup_noise,cache_repeated_computation,hot_loop,medium,10.0,52,constant_folding|hot_loop|repeated_computation,58,O(n),5,98.35,2,18,8.8,False,False,False,False,True,False,False,False,False,False,False,True,False,False,False,False,False,False,True,0,1,cache_repeated_computation
with_setup_noise,cache_repeated_computation,repeated_computation,medium,8.0,54,constant_folding|hot_loop|repeated_computation,58,O(n),5,98.35,2,54,10.8,False,False,False,False,False,False,False,True,False,False,False,True,False,False,False,False,False,False,True,0,1,cache_repeated_computation
with_setup_noise,cache_repeated_computation,repeated_computation,medium,8.0,54,constant_folding|hot_loop|repeated_computation,58,O(n),5,98.35,2,54,10.8,False,False,False,False,False,False,False,True,False,False,False,True,False,False,False,False,False,False,True,0,1,cache_repeated_computation
with_setup_noise,cache_repeated_computation,repeated_computation,medium,8.0,54,constant_folding|hot_loop|repeated_computation,58,O(n),5,98.35,2,54,10.8,False,False,False,False,False,False,False,True,False,False,False,True,False,False,False,False,False,False,True,0,1,cache_repeated_computation
with_setup_noise,cache_repeated_computation,constant_folding,low,2.0,2,constant_folding|hot_loop|repeated_computation,58,O(n),5,98.35,1,18,41.2,True,False,False,False,False,False,False,False,False,False,False,True,False,False,False,False,False,False,True,0,3,cache_repeated_computation_satellite
with_branch_noise,cache_repeated_computation,hot_loop,medium,10.0,55,hot_loop|repeated_computation,61,O(n),4,98.59,2,18,1.5,False,False,False,False,True,False,False,False,False,False,False,True,False,False,False,False,False,True,False,0,1,cache_repeated_computation
with_branch_noise,cache_repeated_computation,repeated_computation,medium,8.0,57,hot_loop|repeated_computation,61,O(n),4,98.59,2,54,0.5,False,False,False,False,False,False,False,True,False,False,False,True,False,False,False,False,False,True,False,0,1,cache_repeated_computation
with_branch_noise,cache_repeated_computation,repeated_computation,medium,8.0,57,hot_loop|repeated_computation,61,O(n),4,98.59,2,54,0.5,False,False,False,False,False,False,False,True,False,False,False,True,False,False,False,False,False,True,False,0,1,cache_repeated_computation
with_branch_noise,cache_repeated_computation,repeated_computation,medium,8.0,57,hot_loop|repeated_computation,61,O(n),4,98.59,2,54,0.5,False,False,False,False,False,False,False,True,False,False,False,True,False,False,False,False,False,True,False,0,1,cache_repeated_computation
small_input,cache_repeated_computation,hot_loop,medium,10.0,50,hot_loop|repeated_computation,55,O(n),4,98.44,2,18,1.5,False,False,False,False,True,False,False,False,False,False,False,True,False,False,False,False,True,False,False,0,1,cache_repeated_computation
small_input,cache_repeated_computation,repeated_computation,medium,8.0,52,hot_loop|repeated_computation,55,O(n),4,98.44,2,54,0.5,False,False,False,False,False,False,False,True,False,False,False,True,False,False,False,False,True,False,False,0,1,cache_repeated_computation
small_input,cache_repeated_computation,repeated_computation,medium,8.0,52,hot_loop|repeated_computation,55,O(n),4,98.44,2,54,0.5,False,False,False,False,False,False,False,True,False,False,False,True,False,False,False,False,True,False,False,0,1,cache_repeated_computation
small_input,cache_repeated_computation,repeated_computation,medium,8.0,52,hot_loop|repeated_computation,55,O(n),4,98.44,2,54,0.5,False,False,False,False,False,False,False,True,False,False,False,True,False,False,False,False,True,False,False,0,1,cache_repeated_computation
medium_input,cache_repeated_computation,hot_loop,medium,10.0,50,hot_loop|repeated_computation,55,O(n),4,98.44,2,18,1.5,False,False,False,False,True,False,False,False,False,False,False,True,False,False,False,True,False,False,False,0,1,cache_repeated_computation
medium_input,cache_repeated_computation,repeated_computation,medium,8.0,52,hot_loop|repeated_computation,55,O(n),4,98.44,2,54,0.5,False,False,False,False,False,False,False,True,False,False,False,True,False,False,False,True,False,False,False,0,1,cache_repeated_computation
medium_input,cache_repeated_computation,repeated_computation,medium,8.0,52,hot_loop|repeated_computation,55,O(n),4,98.44,2,54,0.5,False,False,False,False,False,False,False,True,False,False,False,True,False,False,False,True,False,False,False,0,1,cache_repeated_computation
medium_input,cache_repeated_computation,repeated_computation,medium,8.0,52,hot_loop|repeated_computation,55,O(n),4,98.44,2,54,0.5,False,False,False,False,False,False,False,True,False,False,False,True,False,False,False,True,False,False,False,0,1,cache_repeated_computation
large_input,cache_repeated_computation,hot_loop,medium,10.0,50,hot_loop|repeated_computation,55,O(n),4,98.44,2,18,1.5,False,False,False,False,True,False,False,False,False,False,False,True,False,False,True,False,False,False,False,0,1,cache_repeated_computation
large_input,cache_repeated_computation,repeated_computation,medium,8.0,52,hot_loop|repeated_computation,55,O(n),4,98.44,2,54,0.5,False,False,False,False,False,False,False,True,False,False,False,True,False,False,True,False,False,False,False,0,1,cache_repeated_computation
large_input,cache_repeated_computation,repeated_computation,medium,8.0,52,hot_loop|repeated_computation,55,O(n),4,98.44,2,54,0.5,False,False,False,False,False,False,False,True,False,False,False,True,False,False,True,False,False,False,False,0,1,cache_repeated_computation
large_input,cache_repeated_computation,repeated_computation,medium,8.0,52,hot_loop|repeated_computation,55,O(n),4,98.44,2,54,0.5,False,False,False,False,False,False,False,True,False,False,False,True,False,False,True,False,False,False,False,0,1,cache_repeated_computation
with_setup_noise,cache_repeated_computation,hot_loop,medium,10.0,52,constant_folding|hot_loop|repeated_computation,58,O(n),5,98.35,2,18,8.8,False,False,False,False,True,False,False,False,False,False,False,True,False,False,False,False,False,False,True,0,1,cache_repeated_computation
with_setup_noise,cache_repeated_computation,repeated_computation,medium,8.0,54,constant_folding|hot_loop|repeated_computation,58,O(n),5,98.35,2,54,10.8,False,False,False,False,False,False,False,True,False,False,False,True,False,False,False,False,False,False,True,0,1,cache_repeated_computation
with_setup_noise,cache_repeated_computation,repeated_computation,medium,8.0,54,constant_folding|hot_loop|repeated_computation,58,O(n),5,98.35,2,54,10.8,False,False,False,False,False,False,False,True,False,False,False,True,False,False,False,False,False,False,True,0,1,cache_repeated_computation
with_setup_noise,cache_repeated_computation,repeated_computation,medium,8.0,54,constant_folding|hot_loop|repeated_computation,58,O(n),5,98.35,2,54,10.8,False,False,False,False,False,False,False,True,False,False,False,True,False,False,False,False,False,False,True,0,1,cache_repeated_computation
with_setup_noise,cache_repeated_computation,constant_folding,low,2.0,2,constant_folding|hot_loop|repeated_computation,58,O(n),5,98.35,1,18,41.2,True,False,False,False,False,False,False,False,False,False,False,True,False,False,False,False,False,False,True,0,3,cache_repeated_computation_satellite
with_branch_noise,cache_repeated_computation,hot_loop,medium,10.0,55,hot_loop|repeated_computation,61,O(n),4,98.59,2,18,1.5,False,False,False,False,True,False,False,False,False,False,False,True,False,False,False,False,False,True,False,0,1,cache_repeated_computation
with_branch_noise,cache_repeated_computation,repeated_computation,medium,8.0,57,hot_loop|repeated_computation,61,O(n),4,98.59,2,54,0.5,False,False,False,False,False,False,False,True,False,False,False,True,False,False,False,False,False,True,False,0,1,cache_repeated_computation
with_branch_noise,cache_repeated_computation,repeated_computation,medium,8.0,57,hot_loop|repeated_computation,61,O(n),4,98.59,2,54,0.5,False,False,False,False,False,False,False,True,False,False,False,True,False,False,False,False,False,True,False,0,1,cache_repeated_computation
with_branch_noise,cache_repeated_computation,repeated_computation,medium,8.0,57,hot_loop|repeated_computation,61,O(n),4,98.59,2,54,0.5,False,False,False,False,False,False,False,True,False,False,False,True,False,False,False,False,False,True,False,0,1,cache_repeated_computation
small_input,cache_repeated_computation,hot_loop,medium,10.0,50,hot_loop|repeated_computation,55,O(n),4,98.44,2,18,1.5,False,False,False,False,True,False,False,False,False,False,False,True,False,False,False,False,True,False,False,0,1,cache_repeated_computation
small_input,cache_repeated_computation,repeated_computation,medium,8.0,52,hot_loop|repeated_computation,55,O(n),4,98.44,2,54,0.5,False,False,False,False,False,False,False,True,False,False,False,True,False,False,False,False,True,False,False,0,1,cache_repeated_computation
small_input,cache_repeated_computation,repeated_computation,medium,8.0,52,hot_loop|repeated_computation,55,O(n),4,98.44,2,54,0.5,False,False,False,False,False,False,False,True,False,False,False,True,False,False,False,False,True,False,False,0,1,cache_repeated_computation
small_input,cache_repeated_computation,repeated_computation,medium,8.0,52,hot_loop|repeated_computation,55,O(n),4,98.44,2,54,0.5,False,False,False,False,False,False,False,True,False,False,False,True,False,False,False,False,True,False,False,0,1,cache_repeated_computation
medium_input,cache_repeated_computation,hot_loop,medium,10.0,50,hot_loop|repeated_computation,55,O(n),4,98.44,2,18,1.5,False,False,False,False,True,False,False,False,False,False,False,True,False,False,False,True,False,False,False,0,1,cache_repeated_computation
medium_input,cache_repeated_computation,repeated_computation,medium,8.0,52,hot_loop|repeated_computation,55,O(n),4,98.44,2,54,0.5,False,False,False,False,False,False,False,True,False,False,False,True,False,False,False,True,False,False,False,0,1,cache_repeated_computation
medium_input,cache_repeated_computation,repeated_computation,medium,8.0,52,hot_loop|repeated_computation,55,O(n),4,98.44,2,54,0.5,False,False,False,False,False,False,False,True,False,False,False,True,False,False,False,True,False,False,False,0,1,cache_repeated_computation
medium_input,cache_repeated_computation,repeated_computation,medium,8.0,52,hot_loop|repeated_computation,55,O(n),4,98.44,2,54,0.5,False,False,False,False,False,False,False,True,False,False,False,True,False,False,False,True,False,False,False,0,1,cache_repeated_computation
large_input,cache_repeated_computation,hot_loop,medium,10.0,50,hot_loop|repeated_computation,55,O(n),4,98.44,2,18,1.5,False,False,False,False,True,False,False,False,False,False,False,True,False,False,True,False,False,False,False,0,1,cache_repeated_computation
large_input,cache_repeated_computation,repeated_computation,medium,8.0,52,hot_loop|repeated_computation,55,O(n),4,98.44,2,54,0.5,False,False,False,False,False,False,False,True,False,False,False,True,False,False,True,False,False,False,False,0,1,cache_repeated_computation
large_input,cache_repeated_computation,repeated_computation,medium,8.0,52,hot_loop|repeated_computation,55,O(n),4,98.44,2,54,0.5,False,False,False,False,False,False,False,True,False,False,False,True,False,False,True,False,False,False,False,0,1,cache_repeated_computation
large_input,cache_repeated_computation,repeated_computation,medium,8.0,52,hot_loop|repeated_computation,55,O(n),4,98.44,2,54,0.5,False,False,False,False,False,False,False,True,False,False,False,True,False,False,True,False,False,False,False,0,1,cache_repeated_computation
with_setup_noise,cache_repeated_computation,hot_loop,medium,10.0,52,constant_folding|hot_loop|repeated_computation,58,O(n),5,98.35,2,18,8.8,False,False,False,False,True,False,False,False,False,False,False,True,False,False,False,False,False,False,True,0,1,cache_repeated_computation
with_setup_noise,cache_repeated_computation,repeated_computation,medium,8.0,54,constant_folding|hot_loop|repeated_computation,58,O(n),5,98.35,2,54,10.8,False,False,False,False,False,False,False,True,False,False,False,True,False,False,False,False,False,False,True,0,1,cache_repeated_computation
with_setup_noise,cache_repeated_computation,repeated_computation,medium,8.0,54,constant_folding|hot_loop|repeated_computation,58,O(n),5,98.35,2,54,10.8,False,False,False,False,False,False,False,True,False,False,False,True,False,False,False,False,False,False,True,0,1,cache_repeated_computation
with_setup_noise,cache_repeated_computation,repeated_computation,medium,8.0,54,constant_folding|hot_loop|repeated_computation,58,O(n),5,98.35,2,54,10.8,False,False,False,False,False,False,False,True,False,False,False,True,False,False,False,False,False,False,True,0,1,cache_repeated_computation
with_setup_noise,cache_repeated_computation,constant_folding,low,2.0,2,constant_folding|hot_loop|repeated_computation,58,O(n),5,98.35,1,18,41.2,True,False,False,False,False,False,False,False,False,False,False,True,False,False,False,False,False,False,True,0,3,cache_repeated_computation_satellite
with_branch_noise,cache_repeated_computation,hot_loop,medium,10.0,55,hot_loop|repeated_computation,61,O(n),4,98.59,2,18,1.5,False,False,False,False,True,False,False,False,False,False,False,True,False,False,False,False,False,True,False,0,1,cache_repeated_computation
with_branch_noise,cache_repeated_computation,repeated_computation,medium,8.0,57,hot_loop|repeated_computation,61,O(n),4,98.59,2,54,0.5,False,False,False,False,False,False,False,True,False,False,False,True,False,False,False,False,False,True,False,0,1,cache_repeated_computation
with_branch_noise,cache_repeated_computation,repeated_computation,medium,8.0,57,hot_loop|repeated_computation,61,O(n),4,98.59,2,54,0.5,False,False,False,False,False,False,False,True,False,False,False,True,False,False,False,False,False,True,False,0,1,cache_repeated_computation
with_branch_noise,cache_repeated_computation,repeated_computation,medium,8.0,57,hot_loop|repeated_computation,61,O(n),4,98.59,2,54,0.5,False,False,False,False,False,False,False,True,False,False,False,True,False,False,False,False,False,True,False,0,1,cache_repeated_computation
small_input,cache_repeated_computation,hot_loop,medium,10.0,50,hot_loop|repeated_computation,55,O(n),4,98.44,2,18,1.5,False,False,False,False,True,False,False,False,False,False,False,True,False,False,False,False,True,False,False,0,1,cache_repeated_computation
small_input,cache_repeated_computation,repeated_computation,medium,8.0,52,hot_loop|repeated_computation,55,O(n),4,98.44,2,54,0.5,False,False,False,False,False,False,False,True,False,False,False,True,False,False,False,False,True,False,False,0,1,cache_repeated_computation
small_input,cache_repeated_computation,repeated_computation,medium,8.0,52,hot_loop|repeated_computation,55,O(n),4,98.44,2,54,0.5,False,False,False,False,False,False,False,True,False,False,False,True,False,False,False,False,True,False,False,0,1,cache_repeated_computation
small_input,cache_repeated_computation,repeated_computation,medium,8.0,52,hot_loop|repeated_computation,55,O(n),4,98.44,2,54,0.5,False,False,False,False,False,False,False,True,False,False,False,True,False,False,False,False,True,False,False,0,1,cache_repeated_computation
medium_input,cache_repeated_computation,hot_loop,medium,10.0,50,hot_loop|repeated_computation,55,O(n),4,98.44,2,18,1.5,False,False,False,False,True,False,False,False,False,False,False,True,False,False,False,True,False,False,False,0,1,cache_repeated_computation
medium_input,cache_repeated_computation,repeated_computation,medium,8.0,52,hot_loop|repeated_computation,55,O(n),4,98.44,2,54,0.5,False,False,False,False,False,False,False,True,False,False,False,True,False,False,False,True,False,False,False,0,1,cache_repeated_computation
medium_input,cache_repeated_computation,repeated_computation,medium,8.0,52,hot_loop|repeated_computation,55,O(n),4,98.44,2,54,0.5,False,False,False,False,False,False,False,True,False,False,False,True,False,False,False,True,False,False,False,0,1,cache_repeated_computation
medium_input,cache_repeated_computation,repeated_computation,medium,8.0,52,hot_loop|repeated_computation,55,O(n),4,98.44,2,54,0.5,False,False,False,False,False,False,False,True,False,False,False,True,False,False,False,True,False,False,False,0,1,cache_repeated_computation
large_input,cache_repeated_computation,hot_loop,medium,10.0,50,hot_loop|repeated_computation,55,O(n),4,98.44,2,18,1.5,False,False,False,False,True,False,False,False,False,False,False,True,False,False,True,False,False,False,False,0,1,cache_repeated_computation
large_input,cache_repeated_computation,repeated_computation,medium,8.0,52,hot_loop|repeated_computation,55,O(n),4,98.44,2,54,0.5,False,False,False,False,False,False,False,True,False,False,False,True,False,False,True,False,False,False,False,0,1,cache_repeated_computation
large_input,cache_repeated_computation,repeated_computation,medium,8.0,52,hot_loop|repeated_computation,55,O(n),4,98.44,2,54,0.5,False,False,False,False,False,False,False,True,False,False,False,True,False,False,True,False,False,False,False,0,1,cache_repeated_computation
large_input,cache_repeated_computation,repeated_computation,medium,8.0,52,hot_loop|repeated_computation,55,O(n),4,98.44,2,54,0.5,False,False,False,False,False,False,False,True,False,False,False,True,False,False,True,False,False,False,False,0,1,cache_repeated_computation
with_setup_noise,cache_repeated_computation,hot_loop,medium,10.0,52,constant_folding|hot_loop|repeated_computation,58,O(n),5,98.35,2,18,8.8,False,False,False,False,True,False,False,False,False,False,False,True,False,False,False,False,False,False,True,0,1,cache_repeated_computation
with_setup_noise,cache_repeated_computation,repeated_computation,medium,8.0,54,constant_folding|hot_loop|repeated_computation,58,O(n),5,98.35,2,54,10.8,False,False,False,False,False,False,False,True,False,False,False,True,False,False,False,False,False,False,True,0,1,cache_repeated_computation
with_setup_noise,cache_repeated_computation,repeated_computation,medium,8.0,54,constant_folding|hot_loop|repeated_computation,58,O(n),5,98.35,2,54,10.8,False,False,False,False,False,False,False,True,False,False,False,True,False,False,False,False,False,False,True,0,1,cache_repeated_computation
with_setup_noise,cache_repeated_computation,repeated_computation,medium,8.0,54,constant_folding|hot_loop|repeated_computation,58,O(n),5,98.35,2,54,10.8,False,False,False,False,False,False,False,True,False,False,False,True,False,False,False,False,False,False,True,0,1,cache_repeated_computation
with_setup_noise,cache_repeated_computation,constant_folding,low,2.0,2,constant_folding|hot_loop|repeated_computation,58,O(n),5,98.35,1,18,41.2,True,False,False,False,False,False,False,False,False,False,False,True,False,False,False,False,False,False,True,0,3,cache_repeated_computation_satellite
with_branch_noise,cache_repeated_computation,hot_loop,medium,10.0,55,hot_loop|repeated_computation,61,O(n),4,98.59,2,18,1.5,False,False,False,False,True,False,False,False,False,False,False,True,False,False,False,False,False,True,False,0,1,cache_repeated_computation
with_branch_noise,cache_repeated_computation,repeated_computation,medium,8.0,57,hot_loop|repeated_computation,61,O(n),4,98.59,2,54,0.5,False,False,False,False,False,False,False,True,False,False,False,True,False,False,False,False,False,True,False,0,1,cache_repeated_computation
with_branch_noise,cache_repeated_computation,repeated_computation,medium,8.0,57,hot_loop|repeated_computation,61,O(n),4,98.59,2,54,0.5,False,False,False,False,False,False,False,True,False,False,False,True,False,False,False,False,False,True,False,0,1,cache_repeated_computation
with_branch_noise,cache_repeated_computation,repeated_computation,medium,8.0,57,hot_loop|repeated_computation,61,O(n),4,98.59,2,54,0.5,False,False,False,False,False,False,False,True,False,False,False,True,False,False,False,False,False,True,False,0,1,cache_repeated_computation
small_input,cache_repeated_computation,hot_loop,medium,10.0,50,hot_loop|repeated_computation,55,O(n),4,98.44,2,18,1.5,False,False,False,False,True,False,False,False,False,False,False,True,False,False,False,False,True,False,False,0,1,cache_repeated_computation
small_input,cache_repeated_computation,repeated_computation,medium,8.0,52,hot_loop|repeated_computation,55,O(n),4,98.44,2,54,0.5,False,False,False,False,False,False,False,True,False,False,False,True,False,False,False,False,True,False,False,0,1,cache_repeated_computation
small_input,cache_repeated_computation,repeated_computation,medium,8.0,52,hot_loop|repeated_computation,55,O(n),4,98.44,2,54,0.5,False,False,False,False,False,False,False,True,False,False,False,True,False,False,False,False,True,False,False,0,1,cache_repeated_computation
small_input,cache_repeated_computation,repeated_computation,medium,8.0,52,hot_loop|repeated_computation,55,O(n),4,98.44,2,54,0.5,False,False,False,False,False,False,False,True,False,False,False,True,False,False,False,False,True,False,False,0,1,cache_repeated_computation
medium_input,cache_repeated_computation,hot_loop,medium,10.0,50,hot_loop|repeated_computation,55,O(n),4,98.44,2,18,1.5,False,False,False,False,True,False,False,False,False,False,False,True,False,False,False,True,False,False,False,0,1,cache_repeated_computation
medium_input,cache_repeated_computation,repeated_computation,medium,8.0,52,hot_loop|repeated_computation,55,O(n),4,98.44,2,54,0.5,False,False,False,False,False,False,False,True,False,False,False,True,False,False,False,True,False,False,False,0,1,cache_repeated_computation
medium_input,cache_repeated_computation,repeated_computation,medium,8.0,52,hot_loop|repeated_computation,55,O(n),4,98.44,2,54,0.5,False,False,False,False,False,False,False,True,False,False,False,True,False,False,False,True,False,False,False,0,1,cache_repeated_computation
medium_input,cache_repeated_computation,repeated_computation,medium,8.0,52,hot_loop|repeated_computation,55,O(n),4,98.44,2,54,0.5,False,False,False,False,False,False,False,True,False,False,False,True,False,False,False,True,False,False,False,0,1,cache_repeated_computation
large_input,cache_repeated_computation,hot_loop,medium,10.0,50,hot_loop|repeated_computation,55,O(n),4,98.44,2,18,1.5,False,False,False,False,True,False,False,False,False,False,False,True,False,False,True,False,False,False,False,0,1,cache_repeated_computation
large_input,cache_repeated_computation,repeated_computation,medium,8.0,52,hot_loop|repeated_computation,55,O(n),4,98.44,2,54,0.5,False,False,False,False,False,False,False,True,False,False,False,True,False,False,True,False,False,False,False,0,1,cache_repeated_computation
large_input,cache_repeated_computation,repeated_computation,medium,8.0,52,hot_loop|repeated_computation,55,O(n),4,98.44,2,54,0.5,False,False,False,False,False,False,False,True,False,False,False,True,False,False,True,False,False,False,False,0,1,cache_repeated_computation
large_input,cache_repeated_computation,repeated_computation,medium,8.0,52,hot_loop|repeated_computation,55,O(n),4,98.44,2,54,0.5,False,False,False,False,False,False,False,True,False,False,False,True,False,False,True,False,False,False,False,0,1,cache_repeated_computation
with_setup_noise,cache_repeated_computation,hot_loop,medium,10.0,52,constant_folding|hot_loop|repeated_computation,58,O(n),5,98.35,2,18,8.8,False,False,False,False,True,False,False,False,False,False,False,True,False,False,False,False,False,False,True,0,1,cache_repeated_computation
with_setup_noise,cache_repeated_computation,repeated_computation,medium,8.0,54,constant_folding|hot_loop|repeated_computation,58,O(n),5,98.35,2,54,10.8,False,False,False,False,False,False,False,True,False,False,False,True,False,False,False,False,False,False,True,0,1,cache_repeated_computation
with_setup_noise,cache_repeated_computation,repeated_computation,medium,8.0,54,constant_folding|hot_loop|repeated_computation,58,O(n),5,98.35,2,54,10.8,False,False,False,False,False,False,False,True,False,False,False,True,False,False,False,False,False,False,True,0,1,cache_repeated_computation
with_setup_noise,cache_repeated_computation,repeated_computation,medium,8.0,54,constant_folding|hot_loop|repeated_computation,58,O(n),5,98.35,2,54,10.8,False,False,False,False,False,False,False,True,False,False,False,True,False,False,False,False,False,False,True,0,1,cache_repeated_computation
with_setup_noise,cache_repeated_computation,constant_folding,low,2.0,2,constant_folding|hot_loop|repeated_computation,58,O(n),5,98.35,1,18,41.2,True,False,False,False,False,False,False,False,False,False,False,True,False,False,False,False,False,False,True,0,3,cache_repeated_computation_satellite
with_branch_noise,cache_repeated_computation,hot_loop,medium,10.0,55,hot_loop|repeated_computation,61,O(n),4,98.59,2,18,1.5,False,False,False,False,True,False,False,False,False,False,False,True,False,False,False,False,False,True,False,0,1,cache_repeated_computation
with_branch_noise,cache_repeated_computation,repeated_computation,medium,8.0,57,hot_loop|repeated_computation,61,O(n),4,98.59,2,54,0.5,False,False,False,False,False,False,False,True,False,False,False,True,False,False,False,False,False,True,False,0,1,cache_repeated_computation
with_branch_noise,cache_repeated_computation,repeated_computation,medium,8.0,57,hot_loop|repeated_computation,61,O(n),4,98.59,2,54,0.5,False,False,False,False,False,False,False,True,False,False,False,True,False,False,False,False,False,True,False,0,1,cache_repeated_computation
with_branch_noise,cache_repeated_computation,repeated_computation,medium,8.0,57,hot_loop|repeated_computation,61,O(n),4,98.59,2,54,0.5,False,False,False,False,False,False,False,True,False,False,False,True,False,False,False,False,False,True,False,0,1,cache_repeated_computation
small_input,cache_repeated_computation,hot_loop,medium,10.0,50,hot_loop|repeated_computation,55,O(n),4,98.44,2,18,1.5,False,False,False,False,True,False,False,False,False,False,False,True,False,False,False,False,True,False,False,0,1,cache_repeated_computation
small_input,cache_repeated_computation,repeated_computation,medium,8.0,52,hot_loop|repeated_computation,55,O(n),4,98.44,2,54,0.5,False,False,False,False,False,False,False,True,False,False,False,True,False,False,False,False,True,False,False,0,1,cache_repeated_computation
small_input,cache_repeated_computation,repeated_computation,medium,8.0,52,hot_loop|repeated_computation,55,O(n),4,98.44,2,54,0.5,False,False,False,False,False,False,False,True,False,False,False,True,False,False,False,False,True,False,False,0,1,cache_repeated_computation
small_input,cache_repeated_computation,repeated_computation,medium,8.0,52,hot_loop|repeated_computation,55,O(n),4,98.44,2,54,0.5,False,False,False,False,False,False,False,True,False,False,False,True,False,False,False,False,True,False,False,0,1,cache_repeated_computation
medium_input,cache_repeated_computation,hot_loop,medium,10.0,50,hot_loop|repeated_computation,55,O(n),4,98.44,2,18,1.5,False,False,False,False,True,False,False,False,False,False,False,True,False,False,False,True,False,False,False,0,1,cache_repeated_computation
medium_input,cache_repeated_computation,repeated_computation,medium,8.0,52,hot_loop|repeated_computation,55,O(n),4,98.44,2,54,0.5,False,False,False,False,False,False,False,True,False,False,False,True,False,False,False,True,False,False,False,0,1,cache_repeated_computation
medium_input,cache_repeated_computation,repeated_computation,medium,8.0,52,hot_loop|repeated_computation,55,O(n),4,98.44,2,54,0.5,False,False,False,False,False,False,False,True,False,False,False,True,False,False,False,True,False,False,False,0,1,cache_repeated_computation
medium_input,cache_repeated_computation,repeated_computation,medium,8.0,52,hot_loop|repeated_computation,55,O(n),4,98.44,2,54,0.5,False,False,False,False,False,False,False,True,False,False,False,True,False,False,False,True,False,False,False,0,1,cache_repeated_computation
large_input,cache_repeated_computation,hot_loop,medium,10.0,50,hot_loop|repeated_computation,55,O(n),4,98.44,2,18,1.5,False,False,False,False,True,False,False,False,False,False,False,True,False,False,True,False,False,False,False,0,1,cache_repeated_computation
large_input,cache_repeated_computation,repeated_computation,medium,8.0,52,hot_loop|repeated_computation,55,O(n),4,98.44,2,54,0.5,False,False,False,False,False,False,False,True,False,False,False,True,False,False,True,False,False,False,False,0,1,cache_repeated_computation
large_input,cache_repeated_computation,repeated_computation,medium,8.0,52,hot_loop|repeated_computation,55,O(n),4,98.44,2,54,0.5,False,False,False,False,False,False,False,True,False,False,False,True,False,False,True,False,False,False,False,0,1,cache_repeated_computation
large_input,cache_repeated_computation,repeated_computation,medium,8.0,52,hot_loop|repeated_computation,55,O(n),4,98.44,2,54,0.5,False,False,False,False,False,False,False,True,False,False,False,True,False,False,True,False,False,False,False,0,1,cache_repeated_computation
with_setup_noise,cache_repeated_computation,hot_loop,medium,10.0,52,constant_folding|hot_loop|repeated_computation,58,O(n),5,98.35,2,18,8.8,False,False,False,False,True,False,False,False,False,False,False,True,False,False,False,False,False,False,True,0,1,cache_repeated_computation
with_setup_noise,cache_repeated_computation,repeated_computation,medium,8.0,54,constant_folding|hot_loop|repeated_computation,58,O(n),5,98.35,2,54,10.8,False,False,False,False,False,False,False,True,False,False,False,True,False,False,False,False,False,False,True,0,1,cache_repeated_computation
with_setup_noise,cache_repeated_computation,repeated_computation,medium,8.0,54,constant_folding|hot_loop|repeated_computation,58,O(n),5,98.35,2,54,10.8,False,False,False,False,False,False,False,True,False,False,False,True,False,False,False,False,False,False,True,0,1,cache_repeated_computation
with_setup_noise,cache_repeated_computation,repeated_computation,medium,8.0,54,constant_folding|hot_loop|repeated_computation,58,O(n),5,98.35,2,54,10.8,False,False,False,False,False,False,False,True,False,False,False,True,False,False,False,False,False,False,True,0,1,cache_repeated_computation
with_setup_noise,cache_repeated_computation,constant_folding,low,2.0,2,constant_folding|hot_loop|repeated_computation,58,O(n),5,98.35,1,18,41.2,True,False,False,False,False,False,False,False,False,False,False,True,False,False,False,False,False,False,True,0,3,cache_repeated_computation_satellite
with_branch_noise,cache_repeated_computation,hot_loop,medium,10.0,55,hot_loop|repeated_computation,61,O(n),4,98.59,2,18,1.5,False,False,False,False,True,False,False,False,False,False,False,True,False,False,False,False,False,True,False,0,1,cache_repeated_computation
with_branch_noise,cache_repeated_computation,repeated_computation,medium,8.0,57,hot_loop|repeated_computation,61,O(n),4,98.59,2,54,0.5,False,False,False,False,False,False,False,True,False,False,False,True,False,False,False,False,False,True,False,0,1,cache_repeated_computation
with_branch_noise,cache_repeated_computation,repeated_computation,medium,8.0,57,hot_loop|repeated_computation,61,O(n),4,98.59,2,54,0.5,False,False,False,False,False,False,False,True,False,False,False,True,False,False,False,False,False,True,False,0,1,cache_repeated_computation
with_branch_noise,cache_repeated_computation,repeated_computation,medium,8.0,57,hot_loop|repeated_computation,61,O(n),4,98.59,2,54,0.5,False,False,False,False,False,False,False,True,False,False,False,True,False,False,False,False,False,True,False,0,1,cache_repeated_computation
small_input,cache_repeated_computation,hot_loop,medium,10.0,50,hot_loop|repeated_computation,55,O(n),4,98.44,2,18,1.5,False,False,False,False,True,False,False,False,False,False,False,True,False,False,False,False,True,False,False,0,1,cache_repeated_computation
small_input,cache_repeated_computation,repeated_computation,medium,8.0,52,hot_loop|repeated_computation,55,O(n),4,98.44,2,54,0.5,False,False,False,False,False,False,False,True,False,False,False,True,False,False,False,False,True,False,False,0,1,cache_repeated_computation
small_input,cache_repeated_computation,repeated_computation,medium,8.0,52,hot_loop|repeated_computation,55,O(n),4,98.44,2,54,0.5,False,False,False,False,False,False,False,True,False,False,False,True,False,False,False,False,True,False,False,0,1,cache_repeated_computation
small_input,cache_repeated_computation,repeated_computation,medium,8.0,52,hot_loop|repeated_computation,55,O(n),4,98.44,2,54,0.5,False,False,False,False,False,False,False,True,False,False,False,True,False,False,False,False,True,False,False,0,1,cache_repeated_computation
medium_input,cache_repeated_computation,hot_loop,medium,10.0,50,hot_loop|repeated_computation,55,O(n),4,98.44,2,18,1.5,False,False,False,False,True,False,False,False,False,False,False,True,False,False,False,True,False,False,False,0,1,cache_repeated_computation
medium_input,cache_repeated_computation,repeated_computation,medium,8.0,52,hot_loop|repeated_computation,55,O(n),4,98.44,2,54,0.5,False,False,False,False,False,False,False,True,False,False,False,True,False,False,False,True,False,False,False,0,1,cache_repeated_computation
medium_input,cache_repeated_computation,repeated_computation,medium,8.0,52,hot_loop|repeated_computation,55,O(n),4,98.44,2,54,0.5,False,False,False,False,False,False,False,True,False,False,False,True,False,False,False,True,False,False,False,0,1,cache_repeated_computation
medium_input,cache_repeated_computation,repeated_computation,medium,8.0,52,hot_loop|repeated_computation,55,O(n),4,98.44,2,54,0.5,False,False,False,False,False,False,False,True,False,False,False,True,False,False,False,True,False,False,False,0,1,cache_repeated_computation
large_input,cache_repeated_computation,hot_loop,medium,10.0,50,hot_loop|repeated_computation,55,O(n),4,98.44,2,18,1.5,False,False,False,False,True,False,False,False,False,False,False,True,False,False,True,False,False,False,False,0,1,cache_repeated_computation
large_input,cache_repeated_computation,repeated_computation,medium,8.0,52,hot_loop|repeated_computation,55,O(n),4,98.44,2,54,0.5,False,False,False,False,False,False,False,True,False,False,False,True,False,False,True,False,False,False,False,0,1,cache_repeated_computation
large_input,cache_repeated_computation,repeated_computation,medium,8.0,52,hot_loop|repeated_computation,55,O(n),4,98.44,2,54,0.5,False,False,False,False,False,False,False,True,False,False,False,True,False,False,True,False,False,False,False,0,1,cache_repeated_computation
large_input,cache_repeated_computation,repeated_computation,medium,8.0,52,hot_loop|repeated_computation,55,O(n),4,98.44,2,54,0.5,False,False,False,False,False,False,False,True,False,False,False,True,False,False,True,False,False,False,False,0,1,cache_repeated_computation
with_setup_noise,cache_repeated_computation,hot_loop,medium,10.0,52,constant_folding|hot_loop|repeated_computation,58,O(n),5,98.35,2,18,8.8,False,False,False,False,True,False,False,False,False,False,False,True,False,False,False,False,False,False,True,0,1,cache_repeated_computation
with_setup_noise,cache_repeated_computation,repeated_computation,medium,8.0,54,constant_folding|hot_loop|repeated_computation,58,O(n),5,98.35,2,54,10.8,False,False,False,False,False,False,False,True,False,False,False,True,False,False,False,False,False,False,True,0,1,cache_repeated_computation
with_setup_noise,cache_repeated_computation,repeated_computation,medium,8.0,54,constant_folding|hot_loop|repeated_computation,58,O(n),5,98.35,2,54,10.8,False,False,False,False,False,False,False,True,False,False,False,True,False,False,False,False,False,False,True,0,1,cache_repeated_computation
with_setup_noise,cache_repeated_computation,repeated_computation,medium,8.0,54,constant_folding|hot_loop|repeated_computation,58,O(n),5,98.35,2,54,10.8,False,False,False,False,False,False,False,True,False,False,False,True,False,False,False,False,False,False,True,0,1,cache_repeated_computation
with_setup_noise,cache_repeated_computation,constant_folding,low,2.0,2,constant_folding|hot_loop|repeated_computation,58,O(n),5,98.35,1,18,41.2,True,False,False,False,False,False,False,False,False,False,False,True,False,False,False,False,False,False,True,0,3,cache_repeated_computation_satellite
with_branch_noise,cache_repeated_computation,hot_loop,medium,10.0,55,hot_loop|repeated_computation,61,O(n),4,98.59,2,18,1.5,False,False,False,False,True,False,False,False,False,False,False,True,False,False,False,False,False,True,False,0,1,cache_repeated_computation
with_branch_noise,cache_repeated_computation,repeated_computation,medium,8.0,57,hot_loop|repeated_computation,61,O(n),4,98.59,2,54,0.5,False,False,False,False,False,False,False,True,False,False,False,True,False,False,False,False,False,True,False,0,1,cache_repeated_computation
with_branch_noise,cache_repeated_computation,repeated_computation,medium,8.0,57,hot_loop|repeated_computation,61,O(n),4,98.59,2,54,0.5,False,False,False,False,False,False,False,True,False,False,False,True,False,False,False,False,False,True,False,0,1,cache_repeated_computation
with_branch_noise,cache_repeated_computation,repeated_computation,medium,8.0,57,hot_loop|repeated_computation,61,O(n),4,98.59,2,54,0.5,False,False,False,False,False,False,False,True,False,False,False,True,False,False,False,False,False,True,False,0,1,cache_repeated_computation
small_input,cache_repeated_computation,hot_loop,medium,10.0,50,hot_loop|repeated_computation,55,O(n),4,98.44,2,18,1.5,False,False,False,False,True,False,False,False,False,False,False,True,False,False,False,False,True,False,False,0,1,cache_repeated_computation
small_input,cache_repeated_computation,repeated_computation,medium,8.0,52,hot_loop|repeated_computation,55,O(n),4,98.44,2,54,0.5,False,False,False,False,False,False,False,True,False,False,False,True,False,False,False,False,True,False,False,0,1,cache_repeated_computation
small_input,cache_repeated_computation,repeated_computation,medium,8.0,52,hot_loop|repeated_computation,55,O(n),4,98.44,2,54,0.5,False,False,False,False,False,False,False,True,False,False,False,True,False,False,False,False,True,False,False,0,1,cache_repeated_computation
small_input,cache_repeated_computation,repeated_computation,medium,8.0,52,hot_loop|repeated_computation,55,O(n),4,98.44,2,54,0.5,False,False,False,False,False,False,False,True,False,False,False,True,False,False,False,False,True,False,False,0,1,cache_repeated_computation
medium_input,cache_repeated_computation,hot_loop,medium,10.0,50,hot_loop|repeated_computation,55,O(n),4,98.44,2,18,1.5,False,False,False,False,True,False,False,False,False,False,False,True,False,False,False,True,False,False,False,0,1,cache_repeated_computation
medium_input,cache_repeated_computation,repeated_computation,medium,8.0,52,hot_loop|repeated_computation,55,O(n),4,98.44,2,54,0.5,False,False,False,False,False,False,False,True,False,False,False,True,False,False,False,True,False,False,False,0,1,cache_repeated_computation
medium_input,cache_repeated_computation,repeated_computation,medium,8.0,52,hot_loop|repeated_computation,55,O(n),4,98.44,2,54,0.5,False,False,False,False,False,False,False,True,False,False,False,True,False,False,False,True,False,False,False,0,1,cache_repeated_computation
medium_input,cache_repeated_computation,repeated_computation,medium,8.0,52,hot_loop|repeated_computation,55,O(n),4,98.44,2,54,0.5,False,False,False,False,False,False,False,True,False,False,False,True,False,False,False,True,False,False,False,0,1,cache_repeated_computation
large_input,cache_repeated_computation,hot_loop,medium,10.0,50,hot_loop|repeated_computation,55,O(n),4,98.44,2,18,1.5,False,False,False,False,True,False,False,False,False,False,False,True,False,False,True,False,False,False,False,0,1,cache_repeated_computation
large_input,cache_repeated_computation,repeated_computation,medium,8.0,52,hot_loop|repeated_computation,55,O(n),4,98.44,2,54,0.5,False,False,False,False,False,False,False,True,False,False,False,True,False,False,True,False,False,False,False,0,1,cache_repeated_computation
large_input,cache_repeated_computation,repeated_computation,medium,8.0,52,hot_loop|repeated_computation,55,O(n),4,98.44,2,54,0.5,False,False,False,False,False,False,False,True,False,False,False,True,False,False,True,False,False,False,False,0,1,cache_repeated_computation
large_input,cache_repeated_computation,repeated_computation,medium,8.0,52,hot_loop|repeated_computation,55,O(n),4,98.44,2,54,0.5,False,False,False,False,False,False,False,True,False,False,False,True,False,False,True,False,False,False,False,0,1,cache_repeated_computation
with_setup_noise,cache_repeated_computation,hot_loop,medium,10.0,52,constant_folding|hot_loop|repeated_computation,58,O(n),5,98.35,2,18,8.8,False,False,False,False,True,False,False,False,False,False,False,True,False,False,False,False,False,False,True,0,1,cache_repeated_computation
with_setup_noise,cache_repeated_computation,repeated_computation,medium,8.0,54,constant_folding|hot_loop|repeated_computation,58,O(n),5,98.35,2,54,10.8,False,False,False,False,False,False,False,True,False,False,False,True,False,False,False,False,False,False,True,0,1,cache_repeated_computation
with_setup_noise,cache_repeated_computation,repeated_computation,medium,8.0,54,constant_folding|hot_loop|repeated_computation,58,O(n),5,98.35,2,54,10.8,False,False,False,False,False,False,False,True,False,False,False,True,False,False,False,False,False,False,True,0,1,cache_repeated_computation
with_setup_noise,cache_repeated_computation,repeated_computation,medium,8.0,54,constant_folding|hot_loop|repeated_computation,58,O(n),5,98.35,2,54,10.8,False,False,False,False,False,False,False,True,False,False,False,True,False,False,False,False,False,False,True,0,1,cache_repeated_computation
with_setup_noise,cache_repeated_computation,constant_folding,low,2.0,2,constant_folding|hot_loop|repeated_computation,58,O(n),5,98.35,1,18,41.2,True,False,False,False,False,False,False,False,False,False,False,True,False,False,False,False,False,False,True,0,3,cache_repeated_computation_satellite
with_branch_noise,cache_repeated_computation,hot_loop,medium,10.0,55,hot_loop|repeated_computation,61,O(n),4,98.59,2,18,1.5,False,False,False,False,True,False,False,False,False,False,False,True,False,False,False,False,False,True,False,0,1,cache_repeated_computation
with_branch_noise,cache_repeated_computation,repeated_computation,medium,8.0,57,hot_loop|repeated_computation,61,O(n),4,98.59,2,54,0.5,False,False,False,False,False,False,False,True,False,False,False,True,False,False,False,False,False,True,False,0,1,cache_repeated_computation
with_branch_noise,cache_repeated_computation,repeated_computation,medium,8.0,57,hot_loop|repeated_computation,61,O(n),4,98.59,2,54,0.5,False,False,False,False,False,False,False,True,False,False,False,True,False,False,False,False,False,True,False,0,1,cache_repeated_computation
with_branch_noise,cache_repeated_computation,repeated_computation,medium,8.0,57,hot_loop|repeated_computation,61,O(n),4,98.59,2,54,0.5,False,False,False,False,False,False,False,True,False,False,False,True,False,False,False,False,False,True,False,0,1,cache_repeated_computation
small_input,cache_repeated_computation,hot_loop,medium,10.0,50,hot_loop|repeated_computation,55,O(n),4,98.44,2,18,1.5,False,False,False,False,True,False,False,False,False,False,False,True,False,False,False,False,True,False,False,0,1,cache_repeated_computation
small_input,cache_repeated_computation,repeated_computation,medium,8.0,52,hot_loop|repeated_computation,55,O(n),4,98.44,2,54,0.5,False,False,False,False,False,False,False,True,False,False,False,True,False,False,False,False,True,False,False,0,1,cache_repeated_computation
small_input,cache_repeated_computation,repeated_computation,medium,8.0,52,hot_loop|repeated_computation,55,O(n),4,98.44,2,54,0.5,False,False,False,False,False,False,False,True,False,False,False,True,False,False,False,False,True,False,False,0,1,cache_repeated_computation
small_input,cache_repeated_computation,repeated_computation,medium,8.0,52,hot_loop|repeated_computation,55,O(n),4,98.44,2,54,0.5,False,False,False,False,False,False,False,True,False,False,False,True,False,False,False,False,True,False,False,0,1,cache_repeated_computation
medium_input,cache_repeated_computation,hot_loop,medium,10.0,50,hot_loop|repeated_computation,55,O(n),4,98.44,2,18,1.5,False,False,False,False,True,False,False,False,False,False,False,True,False,False,False,True,False,False,False,0,1,cache_repeated_computation
medium_input,cache_repeated_computation,repeated_computation,medium,8.0,52,hot_loop|repeated_computation,55,O(n),4,98.44,2,54,0.5,False,False,False,False,False,False,False,True,False,False,False,True,False,False,False,True,False,False,False,0,1,cache_repeated_computation
medium_input,cache_repeated_computation,repeated_computation,medium,8.0,52,hot_loop|repeated_computation,55,O(n),4,98.44,2,54,0.5,False,False,False,False,False,False,False,True,False,False,False,True,False,False,False,True,False,False,False,0,1,cache_repeated_computation
medium_input,cache_repeated_computation,repeated_computation,medium,8.0,52,hot_loop|repeated_computation,55,O(n),4,98.44,2,54,0.5,False,False,False,False,False,False,False,True,False,False,False,True,False,False,False,True,False,False,False,0,1,cache_repeated_computation
large_input,cache_repeated_computation,hot_loop,medium,10.0,50,hot_loop|repeated_computation,55,O(n),4,98.44,2,18,1.5,False,False,False,False,True,False,False,False,False,False,False,True,False,False,True,False,False,False,False,0,1,cache_repeated_computation
large_input,cache_repeated_computation,repeated_computation,medium,8.0,52,hot_loop|repeated_computation,55,O(n),4,98.44,2,54,0.5,False,False,False,False,False,False,False,True,False,False,False,True,False,False,True,False,False,False,False,0,1,cache_repeated_computation
large_input,cache_repeated_computation,repeated_computation,medium,8.0,52,hot_loop|repeated_computation,55,O(n),4,98.44,2,54,0.5,False,False,False,False,False,False,False,True,False,False,False,True,False,False,True,False,False,False,False,0,1,cache_repeated_computation
large_input,cache_repeated_computation,repeated_computation,medium,8.0,52,hot_loop|repeated_computation,55,O(n),4,98.44,2,54,0.5,False,False,False,False,False,False,False,True,False,False,False,True,False,False,True,False,False,False,False,0,1,cache_repeated_computation
with_setup_noise,cache_repeated_computation,hot_loop,medium,10.0,52,constant_folding|hot_loop|repeated_computation,58,O(n),5,98.35,2,18,8.8,False,False,False,False,True,False,False,False,False,False,False,True,False,False,False,False,False,False,True,0,1,cache_repeated_computation
with_setup_noise,cache_repeated_computation,repeated_computation,medium,8.0,54,constant_folding|hot_loop|repeated_computation,58,O(n),5,98.35,2,54,10.8,False,False,False,False,False,False,False,True,False,False,False,True,False,False,False,False,False,False,True,0,1,cache_repeated_computation
with_setup_noise,cache_repeated_computation,repeated_computation,medium,8.0,54,constant_folding|hot_loop|repeated_computation,58,O(n),5,98.35,2,54,10.8,False,False,False,False,False,False,False,True,False,False,False,True,False,False,False,False,False,False,True,0,1,cache_repeated_computation
with_setup_noise,cache_repeated_computation,repeated_computation,medium,8.0,54,constant_folding|hot_loop|repeated_computation,58,O(n),5,98.35,2,54,10.8,False,False,False,False,False,False,False,True,False,False,False,True,False,False,False,False,False,False,True,0,1,cache_repeated_computation
with_setup_noise,cache_repeated_computation,constant_folding,low,2.0,2,constant_folding|hot_loop|repeated_computation,58,O(n),5,98.35,1,18,41.2,True,False,False,False,False,False,False,False,False,False,False,True,False,False,False,False,False,False,True,0,3,cache_repeated_computation_satellite
with_branch_noise,cache_repeated_computation,hot_loop,medium,10.0,55,hot_loop|repeated_computation,61,O(n),4,98.59,2,18,1.5,False,False,False,False,True,False,False,False,False,False,False,True,False,False,False,False,False,True,False,0,1,cache_repeated_computation
with_branch_noise,cache_repeated_computation,repeated_computation,medium,8.0,57,hot_loop|repeated_computation,61,O(n),4,98.59,2,54,0.5,False,False,False,False,False,False,False,True,False,False,False,True,False,False,False,False,False,True,False,0,1,cache_repeated_computation
with_branch_noise,cache_repeated_computation,repeated_computation,medium,8.0,57,hot_loop|repeated_computation,61,O(n),4,98.59,2,54,0.5,False,False,False,False,False,False,False,True,False,False,False,True,False,False,False,False,False,True,False,0,1,cache_repeated_computation
with_branch_noise,cache_repeated_computation,repeated_computation,medium,8.0,57,hot_loop|repeated_computation,61,O(n),4,98.59,2,54,0.5,False,False,False,False,False,False,False,True,False,False,False,True,False,False,False,False,False,True,False,0,1,cache_repeated_computation
small_input,cache_repeated_computation,hot_loop,medium,10.0,50,hot_loop|repeated_computation,55,O(n),4,98.44,2,18,1.5,False,False,False,False,True,False,False,False,False,False,False,True,False,False,False,False,True,False,False,0,1,cache_repeated_computation
small_input,cache_repeated_computation,repeated_computation,medium,8.0,52,hot_loop|repeated_computation,55,O(n),4,98.44,2,54,0.5,False,False,False,False,False,False,False,True,False,False,False,True,False,False,False,False,True,False,False,0,1,cache_repeated_computation
small_input,cache_repeated_computation,repeated_computation,medium,8.0,52,hot_loop|repeated_computation,55,O(n),4,98.44,2,54,0.5,False,False,False,False,False,False,False,True,False,False,False,True,False,False,False,False,True,False,False,0,1,cache_repeated_computation
small_input,cache_repeated_computation,repeated_computation,medium,8.0,52,hot_loop|repeated_computation,55,O(n),4,98.44,2,54,0.5,False,False,False,False,False,False,False,True,False,False,False,True,False,False,False,False,True,False,False,0,1,cache_repeated_computation
medium_input,cache_repeated_computation,hot_loop,medium,10.0,50,hot_loop|repeated_computation,55,O(n),4,98.44,2,18,1.5,False,False,False,False,True,False,False,False,False,False,False,True,False,False,False,True,False,False,False,0,1,cache_repeated_computation
medium_input,cache_repeated_computation,repeated_computation,medium,8.0,52,hot_loop|repeated_computation,55,O(n),4,98.44,2,54,0.5,False,False,False,False,False,False,False,True,False,False,False,True,False,False,False,True,False,False,False,0,1,cache_repeated_computation
medium_input,cache_repeated_computation,repeated_computation,medium,8.0,52,hot_loop|repeated_computation,55,O(n),4,98.44,2,54,0.5,False,False,False,False,False,False,False,True,False,False,False,True,False,False,False,True,False,False,False,0,1,cache_repeated_computation
medium_input,cache_repeated_computation,repeated_computation,medium,8.0,52,hot_loop|repeated_computation,55,O(n),4,98.44,2,54,0.5,False,False,False,False,False,False,False,True,False,False,False,True,False,False,False,True,False,False,False,0,1,cache_repeated_computation
large_input,cache_repeated_computation,hot_loop,medium,10.0,50,hot_loop|repeated_computation,55,O(n),4,98.44,2,18,1.5,False,False,False,False,True,False,False,False,False,False,False,True,False,False,True,False,False,False,False,0,1,cache_repeated_computation
large_input,cache_repeated_computation,repeated_computation,medium,8.0,52,hot_loop|repeated_computation,55,O(n),4,98.44,2,54,0.5,False,False,False,False,False,False,False,True,False,False,False,True,False,False,True,False,False,False,False,0,1,cache_repeated_computation
large_input,cache_repeated_computation,repeated_computation,medium,8.0,52,hot_loop|repeated_computation,55,O(n),4,98.44,2,54,0.5,False,False,False,False,False,False,False,True,False,False,False,True,False,False,True,False,False,False,False,0,1,cache_repeated_computation
large_input,cache_repeated_computation,repeated_computation,medium,8.0,52,hot_loop|repeated_computation,55,O(n),4,98.44,2,54,0.5,False,False,False,False,False,False,False,True,False,False,False,True,False,False,True,False,False,False,False,0,1,cache_repeated_computation
with_setup_noise,cache_repeated_computation,hot_loop,medium,10.0,52,constant_folding|hot_loop|repeated_computation,58,O(n),5,98.35,2,18,8.8,False,False,False,False,True,False,False,False,False,False,False,True,False,False,False,False,False,False,True,0,1,cache_repeated_computation
with_setup_noise,cache_repeated_computation,repeated_computation,medium,8.0,54,constant_folding|hot_loop|repeated_computation,58,O(n),5,98.35,2,54,10.8,False,False,False,False,False,False,False,True,False,False,False,True,False,False,False,False,False,False,True,0,1,cache_repeated_computation
with_setup_noise,cache_repeated_computation,repeated_computation,medium,8.0,54,constant_folding|hot_loop|repeated_computation,58,O(n),5,98.35,2,54,10.8,False,False,False,False,False,False,False,True,False,False,False,True,False,False,False,False,False,False,True,0,1,cache_repeated_computation
with_setup_noise,cache_repeated_computation,repeated_computation,medium,8.0,54,constant_folding|hot_loop|repeated_computation,58,O(n),5,98.35,2,54,10.8,False,False,False,False,False,False,False,True,False,False,False,True,False,False,False,False,False,False,True,0,1,cache_repeated_computation
with_setup_noise,cache_repeated_computation,constant_folding,low,2.0,2,constant_folding|hot_loop|repeated_computation,58,O(n),5,98.35,1,18,41.2,True,False,False,False,False,False,False,False,False,False,False,True,False,False,False,False,False,False,True,0,3,cache_repeated_computation_satellite
with_branch_noise,cache_repeated_computation,hot_loop,medium,10.0,55,hot_loop|repeated_computation,61,O(n),4,98.59,2,18,1.5,False,False,False,False,True,False,False,False,False,False,False,True,False,False,False,False,False,True,False,0,1,cache_repeated_computation
with_branch_noise,cache_repeated_computation,repeated_computation,medium,8.0,57,hot_loop|repeated_computation,61,O(n),4,98.59,2,54,0.5,False,False,False,False,False,False,False,True,False,False,False,True,False,False,False,False,False,True,False,0,1,cache_repeated_computation
with_branch_noise,cache_repeated_computation,repeated_computation,medium,8.0,57,hot_loop|repeated_computation,61,O(n),4,98.59,2,54,0.5,False,False,False,False,False,False,False,True,False,False,False,True,False,False,False,False,False,True,False,0,1,cache_repeated_computation
with_branch_noise,cache_repeated_computation,repeated_computation,medium,8.0,57,hot_loop|repeated_computation,61,O(n),4,98.59,2,54,0.5,False,False,False,False,False,False,False,True,False,False,False,True,False,False,False,False,False,True,False,0,1,cache_repeated_computation
small_input,cache_repeated_computation,hot_loop,medium,10.0,50,hot_loop|repeated_computation,55,O(n),4,98.44,2,18,1.5,False,False,False,False,True,False,False,False,False,False,False,True,False,False,False,False,True,False,False,0,1,cache_repeated_computation
small_input,cache_repeated_computation,repeated_computation,medium,8.0,52,hot_loop|repeated_computation,55,O(n),4,98.44,2,54,0.5,False,False,False,False,False,False,False,True,False,False,False,True,False,False,False,False,True,False,False,0,1,cache_repeated_computation
small_input,cache_repeated_computation,repeated_computation,medium,8.0,52,hot_loop|repeated_computation,55,O(n),4,98.44,2,54,0.5,False,False,False,False,False,False,False,True,False,False,False,True,False,False,False,False,True,False,False,0,1,cache_repeated_computation
small_input,cache_repeated_computation,repeated_computation,medium,8.0,52,hot_loop|repeated_computation,55,O(n),4,98.44,2,54,0.5,False,False,False,False,False,False,False,True,False,False,False,True,False,False,False,False,True,False,False,0,1,cache_repeated_computation
medium_input,cache_repeated_computation,hot_loop,medium,10.0,50,hot_loop|repeated_computation,55,O(n),4,98.44,2,18,1.5,False,False,False,False,True,False,False,False,False,False,False,True,False,False,False,True,False,False,False,0,1,cache_repeated_computation
medium_input,cache_repeated_computation,repeated_computation,medium,8.0,52,hot_loop|repeated_computation,55,O(n),4,98.44,2,54,0.5,False,False,False,False,False,False,False,True,False,False,False,True,False,False,False,True,False,False,False,0,1,cache_repeated_computation
medium_input,cache_repeated_computation,repeated_computation,medium,8.0,52,hot_loop|repeated_computation,55,O(n),4,98.44,2,54,0.5,False,False,False,False,False,False,False,True,False,False,False,True,False,False,False,True,False,False,False,0,1,cache_repeated_computation
medium_input,cache_repeated_computation,repeated_computation,medium,8.0,52,hot_loop|repeated_computation,55,O(n),4,98.44,2,54,0.5,False,False,False,False,False,False,False,True,False,False,False,True,False,False,False,True,False,False,False,0,1,cache_repeated_computation
large_input,cache_repeated_computation,hot_loop,medium,10.0,50,hot_loop|repeated_computation,55,O(n),4,98.44,2,18,1.5,False,False,False,False,True,False,False,False,False,False,False,True,False,False,True,False,False,False,False,0,1,cache_repeated_computation
large_input,cache_repeated_computation,repeated_computation,medium,8.0,52,hot_loop|repeated_computation,55,O(n),4,98.44,2,54,0.5,False,False,False,False,False,False,False,True,False,False,False,True,False,False,True,False,False,False,False,0,1,cache_repeated_computation
large_input,cache_repeated_computation,repeated_computation,medium,8.0,52,hot_loop|repeated_computation,55,O(n),4,98.44,2,54,0.5,False,False,False,False,False,False,False,True,False,False,False,True,False,False,True,False,False,False,False,0,1,cache_repeated_computation
large_input,cache_repeated_computation,repeated_computation,medium,8.0,52,hot_loop|repeated_computation,55,O(n),4,98.44,2,54,0.5,False,False,False,False,False,False,False,True,False,False,False,True,False,False,True,False,False,False,False,0,1,cache_repeated_computation
with_setup_noise,cache_repeated_computation,hot_loop,medium,10.0,52,constant_folding|hot_loop|repeated_computation,58,O(n),5,98.35,2,18,8.8,False,False,False,False,True,False,False,False,False,False,False,True,False,False,False,False,False,False,True,0,1,cache_repeated_computation
with_setup_noise,cache_repeated_computation,repeated_computation,medium,8.0,54,constant_folding|hot_loop|repeated_computation,58,O(n),5,98.35,2,54,10.8,False,False,False,False,False,False,False,True,False,False,False,True,False,False,False,False,False,False,True,0,1,cache_repeated_computation
with_setup_noise,cache_repeated_computation,repeated_computation,medium,8.0,54,constant_folding|hot_loop|repeated_computation,58,O(n),5,98.35,2,54,10.8,False,False,False,False,False,False,False,True,False,False,False,True,False,False,False,False,False,False,True,0,1,cache_repeated_computation
with_setup_noise,cache_repeated_computation,repeated_computation,medium,8.0,54,constant_folding|hot_loop|repeated_computation,58,O(n),5,98.35,2,54,10.8,False,False,False,False,False,False,False,True,False,False,False,True,False,False,False,False,False,False,True,0,1,cache_repeated_computation
with_setup_noise,cache_repeated_computation,constant_folding,low,2.0,2,constant_folding|hot_loop|repeated_computation,58,O(n),5,98.35,1,18,41.2,True,False,False,False,False,False,False,False,False,False,False,True,False,False,False,False,False,False,True,0,3,cache_repeated_computation_satellite
with_branch_noise,cache_repeated_computation,hot_loop,medium,10.0,55,hot_loop|repeated_computation,61,O(n),4,98.59,2,18,1.5,False,False,False,False,True,False,False,False,False,False,False,True,False,False,False,False,False,True,False,0,1,cache_repeated_computation
with_branch_noise,cache_repeated_computation,repeated_computation,medium,8.0,57,hot_loop|repeated_computation,61,O(n),4,98.59,2,54,0.5,False,False,False,False,False,False,False,True,False,False,False,True,False,False,False,False,False,True,False,0,1,cache_repeated_computation
with_branch_noise,cache_repeated_computation,repeated_computation,medium,8.0,57,hot_loop|repeated_computation,61,O(n),4,98.59,2,54,0.5,False,False,False,False,False,False,False,True,False,False,False,True,False,False,False,False,False,True,False,0,1,cache_repeated_computation
with_branch_noise,cache_repeated_computation,repeated_computation,medium,8.0,57,hot_loop|repeated_computation,61,O(n),4,98.59,2,54,0.5,False,False,False,False,False,False,False,True,False,False,False,True,False,False,False,False,False,True,False,0,1,cache_repeated_computation
small_input,cache_repeated_computation,hot_loop,medium,10.0,50,hot_loop|repeated_computation,55,O(n),4,98.44,2,18,1.5,False,False,False,False,True,False,False,False,False,False,False,True,False,False,False,False,True,False,False,0,1,cache_repeated_computation
small_input,cache_repeated_computation,repeated_computation,medium,8.0,52,hot_loop|repeated_computation,55,O(n),4,98.44,2,54,0.5,False,False,False,False,False,False,False,True,False,False,False,True,False,False,False,False,True,False,False,0,1,cache_repeated_computation
small_input,cache_repeated_computation,repeated_computation,medium,8.0,52,hot_loop|repeated_computation,55,O(n),4,98.44,2,54,0.5,False,False,False,False,False,False,False,True,False,False,False,True,False,False,False,False,True,False,False,0,1,cache_repeated_computation
small_input,cache_repeated_computation,repeated_computation,medium,8.0,52,hot_loop|repeated_computation,55,O(n),4,98.44,2,54,0.5,False,False,False,False,False,False,False,True,False,False,False,True,False,False,False,False,True,False,False,0,1,cache_repeated_computation
medium_input,cache_repeated_computation,hot_loop,medium,10.0,50,hot_loop|repeated_computation,55,O(n),4,98.44,2,18,1.5,False,False,False,False,True,False,False,False,False,False,False,True,False,False,False,True,False,False,False,0,1,cache_repeated_computation
medium_input,cache_repeated_computation,repeated_computation,medium,8.0,52,hot_loop|repeated_computation,55,O(n),4,98.44,2,54,0.5,False,False,False,False,False,False,False,True,False,False,False,True,False,False,False,True,False,False,False,0,1,cache_repeated_computation
medium_input,cache_repeated_computation,repeated_computation,medium,8.0,52,hot_loop|repeated_computation,55,O(n),4,98.44,2,54,0.5,False,False,False,False,False,False,False,True,False,False,False,True,False,False,False,True,False,False,False,0,1,cache_repeated_computation
medium_input,cache_repeated_computation,repeated_computation,medium,8.0,52,hot_loop|repeated_computation,55,O(n),4,98.44,2,54,0.5,False,False,False,False,False,False,False,True,False,False,False,True,False,False,False,True,False,False,False,0,1,cache_repeated_computation
large_input,cache_repeated_computation,hot_loop,medium,10.0,50,hot_loop|repeated_computation,55,O(n),4,98.44,2,18,1.5,False,False,False,False,True,False,False,False,False,False,False,True,False,False,True,False,False,False,False,0,1,cache_repeated_computation
large_input,cache_repeated_computation,repeated_computation,medium,8.0,52,hot_loop|repeated_computation,55,O(n),4,98.44,2,54,0.5,False,False,False,False,False,False,False,True,False,False,False,True,False,False,True,False,False,False,False,0,1,cache_repeated_computation
large_input,cache_repeated_computation,repeated_computation,medium,8.0,52,hot_loop|repeated_computation,55,O(n),4,98.44,2,54,0.5,False,False,False,False,False,False,False,True,False,False,False,True,False,False,True,False,False,False,False,0,1,cache_repeated_computation
large_input,cache_repeated_computation,repeated_computation,medium,8.0,52,hot_loop|repeated_computation,55,O(n),4,98.44,2,54,0.5,False,False,False,False,False,False,False,True,False,False,False,True,False,False,True,False,False,False,False,0,1,cache_repeated_computation
with_setup_noise,cache_repeated_computation,hot_loop,medium,10.0,52,constant_folding|hot_loop|repeated_computation,58,O(n),5,98.35,2,18,8.8,False,False,False,False,True,False,False,False,False,False,False,True,False,False,False,False,False,False,True,0,1,cache_repeated_computation
with_setup_noise,cache_repeated_computation,repeated_computation,medium,8.0,54,constant_folding|hot_loop|repeated_computation,58,O(n),5,98.35,2,54,10.8,False,False,False,False,False,False,False,True,False,False,False,True,False,False,False,False,False,False,True,0,1,cache_repeated_computation
with_setup_noise,cache_repeated_computation,repeated_computation,medium,8.0,54,constant_folding|hot_loop|repeated_computation,58,O(n),5,98.35,2,54,10.8,False,False,False,False,False,False,False,True,False,False,False,True,False,False,False,False,False,False,True,0,1,cache_repeated_computation
with_setup_noise,cache_repeated_computation,repeated_computation,medium,8.0,54,constant_folding|hot_loop|repeated_computation,58,O(n),5,98.35,2,54,10.8,False,False,False,False,False,False,False,True,False,False,False,True,False,False,False,False,False,False,True,0,1,cache_repeated_computation
with_setup_noise,cache_repeated_computation,constant_folding,low,2.0,2,constant_folding|hot_loop|repeated_computation,58,O(n),5,98.35,1,18,41.2,True,False,False,False,False,False,False,False,False,False,False,True,False,False,False,False,False,False,True,0,3,cache_repeated_computation_satellite
with_branch_noise,cache_repeated_computation,hot_loop,medium,10.0,55,hot_loop|repeated_computation,61,O(n),4,98.59,2,18,1.5,False,False,False,False,True,False,False,False,False,False,False,True,False,False,False,False,False,True,False,0,1,cache_repeated_computation
with_branch_noise,cache_repeated_computation,repeated_computation,medium,8.0,57,hot_loop|repeated_computation,61,O(n),4,98.59,2,54,0.5,False,False,False,False,False,False,False,True,False,False,False,True,False,False,False,False,False,True,False,0,1,cache_repeated_computation
with_branch_noise,cache_repeated_computation,repeated_computation,medium,8.0,57,hot_loop|repeated_computation,61,O(n),4,98.59,2,54,0.5,False,False,False,False,False,False,False,True,False,False,False,True,False,False,False,False,False,True,False,0,1,cache_repeated_computation
with_branch_noise,cache_repeated_computation,repeated_computation,medium,8.0,57,hot_loop|repeated_computation,61,O(n),4,98.59,2,54,0.5,False,False,False,False,False,False,False,True,False,False,False,True,False,False,False,False,False,True,False,0,1,cache_repeated_computation
small_input,cache_repeated_computation,hot_loop,medium,10.0,50,hot_loop|repeated_computation,55,O(n),4,98.44,2,18,1.5,False,False,False,False,True,False,False,False,False,False,False,True,False,False,False,False,True,False,False,0,1,cache_repeated_computation
small_input,cache_repeated_computation,repeated_computation,medium,8.0,52,hot_loop|repeated_computation,55,O(n),4,98.44,2,54,0.5,False,False,False,False,False,False,False,True,False,False,False,True,False,False,False,False,True,False,False,0,1,cache_repeated_computation
small_input,cache_repeated_computation,repeated_computation,medium,8.0,52,hot_loop|repeated_computation,55,O(n),4,98.44,2,54,0.5,False,False,False,False,False,False,False,True,False,False,False,True,False,False,False,False,True,False,False,0,1,cache_repeated_computation
small_input,cache_repeated_computation,repeated_computation,medium,8.0,52,hot_loop|repeated_computation,55,O(n),4,98.44,2,54,0.5,False,False,False,False,False,False,False,True,False,False,False,True,False,False,False,False,True,False,False,0,1,cache_repeated_computation
medium_input,cache_repeated_computation,hot_loop,medium,10.0,50,hot_loop|repeated_computation,55,O(n),4,98.44,2,18,1.5,False,False,False,False,True,False,False,False,False,False,False,True,False,False,False,True,False,False,False,0,1,cache_repeated_computation
medium_input,cache_repeated_computation,repeated_computation,medium,8.0,52,hot_loop|repeated_computation,55,O(n),4,98.44,2,54,0.5,False,False,False,False,False,False,False,True,False,False,False,True,False,False,False,True,False,False,False,0,1,cache_repeated_computation
medium_input,cache_repeated_computation,repeated_computation,medium,8.0,52,hot_loop|repeated_computation,55,O(n),4,98.44,2,54,0.5,False,False,False,False,False,False,False,True,False,False,False,True,False,False,False,True,False,False,False,0,1,cache_repeated_computation
medium_input,cache_repeated_computation,repeated_computation,medium,8.0,52,hot_loop|repeated_computation,55,O(n),4,98.44,2,54,0.5,False,False,False,False,False,False,False,True,False,False,False,True,False,False,False,True,False,False,False,0,1,cache_repeated_computation
large_input,cache_repeated_computation,hot_loop,medium,10.0,50,hot_loop|repeated_computation,55,O(n),4,98.44,2,18,1.5,False,False,False,False,True,False,False,False,False,False,False,True,False,False,True,False,False,False,False,0,1,cache_repeated_computation
large_input,cache_repeated_computation,repeated_computation,medium,8.0,52,hot_loop|repeated_computation,55,O(n),4,98.44,2,54,0.5,False,False,False,False,False,False,False,True,False,False,False,True,False,False,True,False,False,False,False,0,1,cache_repeated_computation
large_input,cache_repeated_computation,repeated_computation,medium,8.0,52,hot_loop|repeated_computation,55,O(n),4,98.44,2,54,0.5,False,False,False,False,False,False,False,True,False,False,False,True,False,False,True,False,False,False,False,0,1,cache_repeated_computation
large_input,cache_repeated_computation,repeated_computation,medium,8.0,52,hot_loop|repeated_computation,55,O(n),4,98.44,2,54,0.5,False,False,False,False,False,False,False,True,False,False,False,True,False,False,True,False,False,False,False,0,1,cache_repeated_computation
with_setup_noise,cache_repeated_computation,hot_loop,medium,10.0,52,constant_folding|hot_loop|repeated_computation,58,O(n),5,98.35,2,18,8.8,False,False,False,False,True,False,False,False,False,False,False,True,False,False,False,False,False,False,True,0,1,cache_repeated_computation
with_setup_noise,cache_repeated_computation,repeated_computation,medium,8.0,54,constant_folding|hot_loop|repeated_computation,58,O(n),5,98.35,2,54,10.8,False,False,False,False,False,False,False,True,False,False,False,True,False,False,False,False,False,False,True,0,1,cache_repeated_computation
with_setup_noise,cache_repeated_computation,repeated_computation,medium,8.0,54,constant_folding|hot_loop|repeated_computation,58,O(n),5,98.35,2,54,10.8,False,False,False,False,False,False,False,True,False,False,False,True,False,False,False,False,False,False,True,0,1,cache_repeated_computation
with_setup_noise,cache_repeated_computation,repeated_computation,medium,8.0,54,constant_folding|hot_loop|repeated_computation,58,O(n),5,98.35,2,54,10.8,False,False,False,False,False,False,False,True,False,False,False,True,False,False,False,False,False,False,True,0,1,cache_repeated_computation
with_setup_noise,cache_repeated_computation,constant_folding,low,2.0,2,constant_folding|hot_loop|repeated_computation,58,O(n),5,98.35,1,18,41.2,True,False,False,False,False,False,False,False,False,False,False,True,False,False,False,False,False,False,True,0,3,cache_repeated_computation_satellite
with_branch_noise,cache_repeated_computation,hot_loop,medium,10.0,55,hot_loop|repeated_computation,61,O(n),4,98.59,2,18,1.5,False,False,False,False,True,False,False,False,False,False,False,True,False,False,False,False,False,True,False,0,1,cache_repeated_computation
with_branch_noise,cache_repeated_computation,repeated_computation,medium,8.0,57,hot_loop|repeated_computation,61,O(n),4,98.59,2,54,0.5,False,False,False,False,False,False,False,True,False,False,False,True,False,False,False,False,False,True,False,0,1,cache_repeated_computation
with_branch_noise,cache_repeated_computation,repeated_computation,medium,8.0,57,hot_loop|repeated_computation,61,O(n),4,98.59,2,54,0.5,False,False,False,False,False,False,False,True,False,False,False,True,False,False,False,False,False,True,False,0,1,cache_repeated_computation
with_branch_noise,cache_repeated_computation,repeated_computation,medium,8.0,57,hot_loop|repeated_computation,61,O(n),4,98.59,2,54,0.5,False,False,False,False,False,False,False,True,False,False,False,True,False,False,False,False,False,True,False,0,1,cache_repeated_computation
small_input,memoize_expensive_calls,expensive_calls,high,18.0,9,expensive_calls,10,O(n),1,96.78,3,18,0.0,False,False,False,True,False,False,False,False,False,False,False,True,False,False,False,False,True,False,False,3,5,memoize_expensive_calls
medium_input,memoize_expensive_calls,expensive_calls,high,18.0,9,expensive_calls,10,O(n),1,96.78,3,18,0.0,False,False,False,True,False,False,False,False,False,False,False,True,False,False,False,True,False,False,False,3,5,memoize_expensive_calls
large_input,memoize_expensive_calls,expensive_calls,high,18.0,9,expensive_calls,10,O(n),1,96.78,3,14,0.0,False,False,False,True,False,False,False,False,False,False,False,True,False,False,True,False,False,False,False,3,5,memoize_expensive_calls
with_setup_noise,memoize_expensive_calls,expensive_calls,high,18.0,11,constant_folding|expensive_calls,13,O(n),2,96.75,3,18,4.5,False,False,False,True,False,False,False,False,False,False,False,True,False,False,False,False,False,False,True,3,5,memoize_expensive_calls
with_setup_noise,memoize_expensive_calls,constant_folding,low,2.0,2,constant_folding|expensive_calls,13,O(n),2,96.75,1,18,4.5,True,False,False,False,False,False,False,False,False,False,False,True,False,False,False,False,False,False,True,3,0,hoist_invariant
with_branch_noise,memoize_expensive_calls,expensive_calls,high,18.0,14,expensive_calls,16,O(n),1,97.97,3,18,0.0,False,False,False,True,False,False,False,False,False,False,False,True,False,False,False,False,False,True,False,3,5,memoize_expensive_calls
small_input,memoize_expensive_calls,expensive_calls,high,18.0,9,expensive_calls,10,O(n),1,96.78,3,18,0.0,False,False,False,True,False,False,False,False,False,False,False,True,False,False,False,False,True,False,False,3,5,memoize_expensive_calls
medium_input,memoize_expensive_calls,expensive_calls,high,18.0,9,expensive_calls,10,O(n),1,96.78,3,18,0.0,False,False,False,True,False,False,False,False,False,False,False,True,False,False,False,True,False,False,False,3,5,memoize_expensive_calls
large_input,memoize_expensive_calls,expensive_calls,high,18.0,9,expensive_calls,10,O(n),1,96.78,3,14,0.0,False,False,False,True,False,False,False,False,False,False,False,True,False,False,True,False,False,False,False,3,5,memoize_expensive_calls
with_setup_noise,memoize_expensive_calls,expensive_calls,high,18.0,11,constant_folding|expensive_calls,13,O(n),2,96.75,3,18,4.5,False,False,False,True,False,False,False,False,False,False,False,True,False,False,False,False,False,False,True,3,5,memoize_expensive_calls
with_setup_noise,memoize_expensive_calls,constant_folding,low,2.0,2,constant_folding|expensive_calls,13,O(n),2,96.75,1,18,4.5,True,False,False,False,False,False,False,False,False,False,False,True,False,False,False,False,False,False,True,3,0,hoist_invariant
with_branch_noise,memoize_expensive_calls,expensive_calls,high,18.0,14,expensive_calls,16,O(n),1,97.97,3,18,0.0,False,False,False,True,False,False,False,False,False,False,False,True,False,False,False,False,False,True,False,3,5,memoize_expensive_calls
small_input,memoize_expensive_calls,expensive_calls,high,18.0,9,expensive_calls,10,O(n),1,96.78,3,18,0.0,False,False,False,True,False,False,False,False,False,False,False,True,False,False,False,False,True,False,False,3,5,memoize_expensive_calls
medium_input,memoize_expensive_calls,expensive_calls,high,18.0,9,expensive_calls,10,O(n),1,96.78,3,18,0.0,False,False,False,True,False,False,False,False,False,False,False,True,False,False,False,True,False,False,False,3,5,memoize_expensive_calls
large_input,memoize_expensive_calls,expensive_calls,high,18.0,9,expensive_calls,10,O(n),1,96.78,3,14,0.0,False,False,False,True,False,False,False,False,False,False,False,True,False,False,True,False,False,False,False,3,5,memoize_expensive_calls
with_setup_noise,memoize_expensive_calls,expensive_calls,high,18.0,11,constant_folding|expensive_calls,13,O(n),2,96.75,3,18,4.5,False,False,False,True,False,False,False,False,False,False,False,True,False,False,False,False,False,False,True,3,5,memoize_expensive_calls
with_setup_noise,memoize_expensive_calls,constant_folding,low,2.0,2,constant_folding|expensive_calls,13,O(n),2,96.75,1,18,4.5,True,False,False,False,False,False,False,False,False,False,False,True,False,False,False,False,False,False,True,3,0,hoist_invariant
with_branch_noise,memoize_expensive_calls,expensive_calls,high,18.0,14,expensive_calls,16,O(n),1,97.97,3,18,0.0,False,False,False,True,False,False,False,False,False,False,False,True,False,False,False,False,False,True,False,3,5,memoize_expensive_calls
small_input,memoize_expensive_calls,expensive_calls,high,18.0,9,expensive_calls,10,O(n),1,96.78,3,18,0.0,False,False,False,True,False,False,False,False,False,False,False,True,False,False,False,False,True,False,False,3,5,memoize_expensive_calls
medium_input,memoize_expensive_calls,expensive_calls,high,18.0,9,expensive_calls,10,O(n),1,96.78,3,18,0.0,False,False,False,True,False,False,False,False,False,False,False,True,False,False,False,True,False,False,False,3,5,memoize_expensive_calls
large_input,memoize_expensive_calls,expensive_calls,high,18.0,9,expensive_calls,10,O(n),1,96.78,3,14,0.0,False,False,False,True,False,False,False,False,False,False,False,True,False,False,True,False,False,False,False,3,5,memoize_expensive_calls
with_setup_noise,memoize_expensive_calls,expensive_calls,high,18.0,11,constant_folding|expensive_calls,13,O(n),2,96.75,3,18,4.5,False,False,False,True,False,False,False,False,False,False,False,True,False,False,False,False,False,False,True,3,5,memoize_expensive_calls
with_setup_noise,memoize_expensive_calls,constant_folding,low,2.0,2,constant_folding|expensive_calls,13,O(n),2,96.75,1,18,4.5,True,False,False,False,False,False,False,False,False,False,False,True,False,False,False,False,False,False,True,3,0,hoist_invariant
with_branch_noise,memoize_expensive_calls,expensive_calls,high,18.0,14,expensive_calls,16,O(n),1,97.97,3,18,0.0,False,False,False,True,False,False,False,False,False,False,False,True,False,False,False,False,False,True,False,3,5,memoize_expensive_calls
small_input,memoize_expensive_calls,expensive_calls,high,18.0,9,expensive_calls,10,O(n),1,96.78,3,18,0.0,False,False,False,True,False,False,False,False,False,False,False,True,False,False,False,False,True,False,False,3,5,memoize_expensive_calls
medium_input,memoize_expensive_calls,expensive_calls,high,18.0,9,expensive_calls,10,O(n),1,96.78,3,18,0.0,False,False,False,True,False,False,False,False,False,False,False,True,False,False,False,True,False,False,False,3,5,memoize_expensive_calls
large_input,memoize_expensive_calls,expensive_calls,high,18.0,9,expensive_calls,10,O(n²),1,96.0,3,4,0.0,False,False,False,True,False,False,False,False,False,False,False,False,True,False,True,False,False,False,False,3,5,memoize_expensive_calls
with_setup_noise,memoize_expensive_calls,expensive_calls,high,18.0,11,constant_folding|expensive_calls,13,O(n),2,96.75,3,18,4.5,False,False,False,True,False,False,False,False,False,False,False,True,False,False,False,False,False,False,True,3,5,memoize_expensive_calls
with_setup_noise,memoize_expensive_calls,constant_folding,low,2.0,2,constant_folding|expensive_calls,13,O(n),2,96.75,1,18,4.5,True,False,False,False,False,False,False,False,False,False,False,True,False,False,False,False,False,False,True,3,0,hoist_invariant
with_branch_noise,memoize_expensive_calls,expensive_calls,high,18.0,14,expensive_calls,16,O(n),1,97.97,3,18,0.0,False,False,False,True,False,False,False,False,False,False,False,True,False,False,False,False,False,True,False,3,5,memoize_expensive_calls
small_input,memoize_expensive_calls,expensive_calls,high,18.0,9,expensive_calls,10,O(n),1,96.78,3,18,0.0,False,False,False,True,False,False,False,False,False,False,False,True,False,False,False,False,True,False,False,3,5,memoize_expensive_calls
medium_input,memoize_expensive_calls,expensive_calls,high,18.0,9,expensive_calls,10,O(n),1,96.78,3,18,0.0,False,False,False,True,False,False,False,False,False,False,False,True,False,False,False,True,False,False,False,3,5,memoize_expensive_calls
large_input,memoize_expensive_calls,expensive_calls,high,18.0,9,expensive_calls,10,O(n²),1,96.0,3,4,0.0,False,False,False,True,False,False,False,False,False,False,False,False,True,False,True,False,False,False,False,3,5,memoize_expensive_calls
with_setup_noise,memoize_expensive_calls,expensive_calls,high,18.0,11,constant_folding|expensive_calls,13,O(n),2,96.75,3,18,4.5,False,False,False,True,False,False,False,False,False,False,False,True,False,False,False,False,False,False,True,3,5,memoize_expensive_calls
with_setup_noise,memoize_expensive_calls,constant_folding,low,2.0,2,constant_folding|expensive_calls,13,O(n),2,96.75,1,18,4.5,True,False,False,False,False,False,False,False,False,False,False,True,False,False,False,False,False,False,True,3,0,hoist_invariant
with_branch_noise,memoize_expensive_calls,expensive_calls,high,18.0,14,expensive_calls,16,O(n),1,97.97,3,18,0.0,False,False,False,True,False,False,False,False,False,False,False,True,False,False,False,False,False,True,False,3,5,memoize_expensive_calls
small_input,memoize_expensive_calls,expensive_calls,high,18.0,9,expensive_calls,10,O(n),1,96.78,3,18,0.0,False,False,False,True,False,False,False,False,False,False,False,True,False,False,False,False,True,False,False,3,5,memoize_expensive_calls
medium_input,memoize_expensive_calls,expensive_calls,high,18.0,9,expensive_calls,10,O(n),1,96.78,3,18,0.0,False,False,False,True,False,False,False,False,False,False,False,True,False,False,False,True,False,False,False,3,5,memoize_expensive_calls
large_input,memoize_expensive_calls,expensive_calls,high,18.0,9,expensive_calls,10,O(n²),1,96.0,3,4,0.0,False,False,False,True,False,False,False,False,False,False,False,False,True,False,True,False,False,False,False,3,5,memoize_expensive_calls
with_setup_noise,memoize_expensive_calls,expensive_calls,high,18.0,11,constant_folding|expensive_calls,13,O(n),2,96.75,3,18,4.5,False,False,False,True,False,False,False,False,False,False,False,True,False,False,False,False,False,False,True,3,5,memoize_expensive_calls
with_setup_noise,memoize_expensive_calls,constant_folding,low,2.0,2,constant_folding|expensive_calls,13,O(n),2,96.75,1,18,4.5,True,False,False,False,False,False,False,False,False,False,False,True,False,False,False,False,False,False,True,3,0,hoist_invariant
with_branch_noise,memoize_expensive_calls,expensive_calls,high,18.0,14,expensive_calls,16,O(n),1,97.97,3,18,0.0,False,False,False,True,False,False,False,False,False,False,False,True,False,False,False,False,False,True,False,3,5,memoize_expensive_calls
small_input,memoize_expensive_calls,expensive_calls,high,18.0,9,expensive_calls,10,O(n),1,96.78,3,18,0.0,False,False,False,True,False,False,False,False,False,False,False,True,False,False,False,False,True,False,False,3,5,memoize_expensive_calls
medium_input,memoize_expensive_calls,expensive_calls,high,18.0,9,expensive_calls,10,O(n),1,96.78,3,18,0.0,False,False,False,True,False,False,False,False,False,False,False,True,False,False,False,True,False,False,False,3,5,memoize_expensive_calls
large_input,memoize_expensive_calls,expensive_calls,high,18.0,9,expensive_calls,10,O(n),1,96.78,3,14,0.0,False,False,False,True,False,False,False,False,False,False,False,True,False,False,True,False,False,False,False,3,5,memoize_expensive_calls
with_setup_noise,memoize_expensive_calls,expensive_calls,high,18.0,11,constant_folding|expensive_calls,13,O(n),2,96.75,3,18,4.5,False,False,False,True,False,False,False,False,False,False,False,True,False,False,False,False,False,False,True,3,5,memoize_expensive_calls
with_setup_noise,memoize_expensive_calls,constant_folding,low,2.0,2,constant_folding|expensive_calls,13,O(n),2,96.75,1,18,4.5,True,False,False,False,False,False,False,False,False,False,False,True,False,False,False,False,False,False,True,3,0,hoist_invariant
with_branch_noise,memoize_expensive_calls,expensive_calls,high,18.0,14,expensive_calls,16,O(n),1,97.97,3,18,0.0,False,False,False,True,False,False,False,False,False,False,False,True,False,False,False,False,False,True,False,3,5,memoize_expensive_calls
small_input,memoize_expensive_calls,expensive_calls,high,18.0,9,expensive_calls,10,O(n),1,96.78,3,18,0.0,False,False,False,True,False,False,False,False,False,False,False,True,False,False,False,False,True,False,False,3,5,memoize_expensive_calls
medium_input,memoize_expensive_calls,expensive_calls,high,18.0,9,expensive_calls,10,O(n),1,96.78,3,18,0.0,False,False,False,True,False,False,False,False,False,False,False,True,False,False,False,True,False,False,False,3,5,memoize_expensive_calls
large_input,memoize_expensive_calls,expensive_calls,high,18.0,9,expensive_calls,10,O(n),1,96.78,3,14,0.0,False,False,False,True,False,False,False,False,False,False,False,True,False,False,True,False,False,False,False,3,5,memoize_expensive_calls
with_setup_noise,memoize_expensive_calls,expensive_calls,high,18.0,11,constant_folding|expensive_calls,13,O(n),2,96.75,3,18,4.5,False,False,False,True,False,False,False,False,False,False,False,True,False,False,False,False,False,False,True,3,5,memoize_expensive_calls
with_setup_noise,memoize_expensive_calls,constant_folding,low,2.0,2,constant_folding|expensive_calls,13,O(n),2,96.75,1,18,4.5,True,False,False,False,False,False,False,False,False,False,False,True,False,False,False,False,False,False,True,3,0,hoist_invariant
with_branch_noise,memoize_expensive_calls,expensive_calls,high,18.0,14,expensive_calls,16,O(n),1,97.97,3,18,0.0,False,False,False,True,False,False,False,False,False,False,False,True,False,False,False,False,False,True,False,3,5,memoize_expensive_calls
small_input,memoize_expensive_calls,expensive_calls,high,18.0,9,expensive_calls,10,O(n),1,96.78,3,18,0.0,False,False,False,True,False,False,False,False,False,False,False,True,False,False,False,False,True,False,False,3,5,memoize_expensive_calls
medium_input,memoize_expensive_calls,expensive_calls,high,18.0,9,expensive_calls,10,O(n),1,96.78,3,18,0.0,False,False,False,True,False,False,False,False,False,False,False,True,False,False,False,True,False,False,False,3,5,memoize_expensive_calls
large_input,memoize_expensive_calls,expensive_calls,high,18.0,9,expensive_calls,10,O(n),1,96.78,3,14,0.0,False,False,False,True,False,False,False,False,False,False,False,True,False,False,True,False,False,False,False,3,5,memoize_expensive_calls
with_setup_noise,memoize_expensive_calls,expensive_calls,high,18.0,11,constant_folding|expensive_calls,13,O(n),2,96.75,3,18,4.5,False,False,False,True,False,False,False,False,False,False,False,True,False,False,False,False,False,False,True,3,5,memoize_expensive_calls
with_setup_noise,memoize_expensive_calls,constant_folding,low,2.0,2,constant_folding|expensive_calls,13,O(n),2,96.75,1,18,4.5,True,False,False,False,False,False,False,False,False,False,False,True,False,False,False,False,False,False,True,3,0,hoist_invariant
with_branch_noise,memoize_expensive_calls,expensive_calls,high,18.0,14,expensive_calls,16,O(n),1,97.97,3,18,0.0,False,False,False,True,False,False,False,False,False,False,False,True,False,False,False,False,False,True,False,3,5,memoize_expensive_calls
small_input,memoize_expensive_calls,expensive_calls,high,18.0,9,expensive_calls,10,O(n),1,96.78,3,18,0.0,False,False,False,True,False,False,False,False,False,False,False,True,False,False,False,False,True,False,False,3,5,memoize_expensive_calls
medium_input,memoize_expensive_calls,expensive_calls,high,18.0,9,expensive_calls,10,O(n),1,96.78,3,18,0.0,False,False,False,True,False,False,False,False,False,False,False,True,False,False,False,True,False,False,False,3,5,memoize_expensive_calls
large_input,memoize_expensive_calls,expensive_calls,high,18.0,9,expensive_calls,10,O(n),1,96.78,3,14,0.0,False,False,False,True,False,False,False,False,False,False,False,True,False,False,True,False,False,False,False,3,5,memoize_expensive_calls
with_setup_noise,memoize_expensive_calls,expensive_calls,high,18.0,11,constant_folding|expensive_calls,13,O(n),2,96.75,3,18,4.5,False,False,False,True,False,False,False,False,False,False,False,True,False,False,False,False,False,False,True,3,5,memoize_expensive_calls
with_setup_noise,memoize_expensive_calls,constant_folding,low,2.0,2,constant_folding|expensive_calls,13,O(n),2,96.75,1,18,4.5,True,False,False,False,False,False,False,False,False,False,False,True,False,False,False,False,False,False,True,3,0,hoist_invariant
with_branch_noise,memoize_expensive_calls,expensive_calls,high,18.0,14,expensive_calls,16,O(n),1,97.97,3,18,0.0,False,False,False,True,False,False,False,False,False,False,False,True,False,False,False,False,False,True,False,3,5,memoize_expensive_calls
small_input,memoize_expensive_calls,expensive_calls,high,18.0,9,expensive_calls,10,O(n),1,96.78,3,18,0.0,False,False,False,True,False,False,False,False,False,False,False,True,False,False,False,False,True,False,False,3,5,memoize_expensive_calls
medium_input,memoize_expensive_calls,expensive_calls,high,18.0,9,expensive_calls,10,O(n),1,96.78,3,18,0.0,False,False,False,True,False,False,False,False,False,False,False,True,False,False,False,True,False,False,False,3,5,memoize_expensive_calls
large_input,memoize_expensive_calls,expensive_calls,high,18.0,9,expensive_calls,10,O(n),1,96.78,3,14,0.0,False,False,False,True,False,False,False,False,False,False,False,True,False,False,True,False,False,False,False,3,5,memoize_expensive_calls
with_setup_noise,memoize_expensive_calls,expensive_calls,high,18.0,11,constant_folding|expensive_calls,13,O(n),2,96.75,3,18,4.5,False,False,False,True,False,False,False,False,False,False,False,True,False,False,False,False,False,False,True,3,5,memoize_expensive_calls
with_setup_noise,memoize_expensive_calls,constant_folding,low,2.0,2,constant_folding|expensive_calls,13,O(n),2,96.75,1,18,4.5,True,False,False,False,False,False,False,False,False,False,False,True,False,False,False,False,False,False,True,3,0,hoist_invariant
with_branch_noise,memoize_expensive_calls,expensive_calls,high,18.0,14,expensive_calls,16,O(n),1,97.97,3,18,0.0,False,False,False,True,False,False,False,False,False,False,False,True,False,False,False,False,False,True,False,3,5,memoize_expensive_calls
small_input,memoize_expensive_calls,expensive_calls,high,18.0,9,expensive_calls,10,O(n),1,96.78,3,18,0.0,False,False,False,True,False,False,False,False,False,False,False,True,False,False,False,False,True,False,False,3,5,memoize_expensive_calls
medium_input,memoize_expensive_calls,expensive_calls,high,18.0,9,expensive_calls,10,O(n),1,96.78,3,18,0.0,False,False,False,True,False,False,False,False,False,False,False,True,False,False,False,True,False,False,False,3,5,memoize_expensive_calls
large_input,memoize_expensive_calls,expensive_calls,high,18.0,9,expensive_calls,10,O(n),1,96.78,3,14,0.0,False,False,False,True,False,False,False,False,False,False,False,True,False,False,True,False,False,False,False,3,5,memoize_expensive_calls
with_setup_noise,memoize_expensive_calls,expensive_calls,high,18.0,11,constant_folding|expensive_calls,13,O(n),2,96.75,3,18,4.5,False,False,False,True,False,False,False,False,False,False,False,True,False,False,False,False,False,False,True,3,5,memoize_expensive_calls
with_setup_noise,memoize_expensive_calls,constant_folding,low,2.0,2,constant_folding|expensive_calls,13,O(n),2,96.75,1,18,4.5,True,False,False,False,False,False,False,False,False,False,False,True,False,False,False,False,False,False,True,3,0,hoist_invariant
with_branch_noise,memoize_expensive_calls,expensive_calls,high,18.0,14,expensive_calls,16,O(n),1,97.97,3,18,0.0,False,False,False,True,False,False,False,False,False,False,False,True,False,False,False,False,False,True,False,3,5,memoize_expensive_calls
small_input,memoize_expensive_calls,expensive_calls,high,18.0,9,expensive_calls,10,O(n),1,96.78,3,18,0.0,False,False,False,True,False,False,False,False,False,False,False,True,False,False,False,False,True,False,False,3,5,memoize_expensive_calls
medium_input,memoize_expensive_calls,expensive_calls,high,18.0,9,expensive_calls,10,O(n),1,96.78,3,18,0.0,False,False,False,True,False,False,False,False,False,False,False,True,False,False,False,True,False,False,False,3,5,memoize_expensive_calls
large_input,memoize_expensive_calls,expensive_calls,high,18.0,9,expensive_calls,10,O(n),1,96.78,3,14,0.0,False,False,False,True,False,False,False,False,False,False,False,True,False,False,True,False,False,False,False,3,5,memoize_expensive_calls
with_setup_noise,memoize_expensive_calls,expensive_calls,high,18.0,11,constant_folding|expensive_calls,13,O(n),2,96.75,3,18,4.5,False,False,False,True,False,False,False,False,False,False,False,True,False,False,False,False,False,False,True,3,5,memoize_expensive_calls
with_setup_noise,memoize_expensive_calls,constant_folding,low,2.0,2,constant_folding|expensive_calls,13,O(n),2,96.75,1,18,4.5,True,False,False,False,False,False,False,False,False,False,False,True,False,False,False,False,False,False,True,3,0,hoist_invariant
with_branch_noise,memoize_expensive_calls,expensive_calls,high,18.0,14,expensive_calls,16,O(n),1,97.97,3,18,0.0,False,False,False,True,False,False,False,False,False,False,False,True,False,False,False,False,False,True,False,3,5,memoize_expensive_calls
small_input,memoize_expensive_calls,expensive_calls,high,18.0,9,expensive_calls,10,O(n),1,96.78,3,18,0.0,False,False,False,True,False,False,False,False,False,False,False,True,False,False,False,False,True,False,False,3,5,memoize_expensive_calls
medium_input,memoize_expensive_calls,expensive_calls,high,18.0,9,expensive_calls,10,O(n),1,96.78,3,18,0.0,False,False,False,True,False,False,False,False,False,False,False,True,False,False,False,True,False,False,False,3,5,memoize_expensive_calls
large_input,memoize_expensive_calls,expensive_calls,high,18.0,9,expensive_calls,10,O(n²),1,96.0,3,4,0.0,False,False,False,True,False,False,False,False,False,False,False,False,True,False,True,False,False,False,False,3,5,memoize_expensive_calls
with_setup_noise,memoize_expensive_calls,expensive_calls,high,18.0,11,constant_folding|expensive_calls,13,O(n),2,96.75,3,18,4.5,False,False,False,True,False,False,False,False,False,False,False,True,False,False,False,False,False,False,True,3,5,memoize_expensive_calls
with_setup_noise,memoize_expensive_calls,constant_folding,low,2.0,2,constant_folding|expensive_calls,13,O(n),2,96.75,1,18,4.5,True,False,False,False,False,False,False,False,False,False,False,True,False,False,False,False,False,False,True,3,0,hoist_invariant
with_branch_noise,memoize_expensive_calls,expensive_calls,high,18.0,14,expensive_calls,16,O(n),1,97.97,3,18,0.0,False,False,False,True,False,False,False,False,False,False,False,True,False,False,False,False,False,True,False,3,5,memoize_expensive_calls
small_input,memoize_expensive_calls,expensive_calls,high,18.0,9,expensive_calls,10,O(n),1,96.78,3,18,0.0,False,False,False,True,False,False,False,False,False,False,False,True,False,False,False,False,True,False,False,3,5,memoize_expensive_calls
medium_input,memoize_expensive_calls,expensive_calls,high,18.0,9,expensive_calls,10,O(n),1,96.78,3,18,0.0,False,False,False,True,False,False,False,False,False,False,False,True,False,False,False,True,False,False,False,3,5,memoize_expensive_calls
large_input,memoize_expensive_calls,expensive_calls,high,18.0,9,expensive_calls,10,O(n),1,96.78,3,14,0.0,False,False,False,True,False,False,False,False,False,False,False,True,False,False,True,False,False,False,False,3,5,memoize_expensive_calls
with_setup_noise,memoize_expensive_calls,expensive_calls,high,18.0,11,constant_folding|expensive_calls,13,O(n),2,96.75,3,18,4.5,False,False,False,True,False,False,False,False,False,False,False,True,False,False,False,False,False,False,True,3,5,memoize_expensive_calls
with_setup_noise,memoize_expensive_calls,constant_folding,low,2.0,2,constant_folding|expensive_calls,13,O(n),2,96.75,1,18,4.5,True,False,False,False,False,False,False,False,False,False,False,True,False,False,False,False,False,False,True,3,0,hoist_invariant
with_branch_noise,memoize_expensive_calls,expensive_calls,high,18.0,14,expensive_calls,16,O(n),1,97.97,3,18,0.0,False,False,False,True,False,False,False,False,False,False,False,True,False,False,False,False,False,True,False,3,5,memoize_expensive_calls
small_input,memoize_expensive_calls,expensive_calls,high,18.0,9,expensive_calls,10,O(n),1,96.78,3,18,0.0,False,False,False,True,False,False,False,False,False,False,False,True,False,False,False,False,True,False,False,3,5,memoize_expensive_calls
medium_input,memoize_expensive_calls,expensive_calls,high,18.0,9,expensive_calls,10,O(n),1,96.78,3,18,0.0,False,False,False,True,False,False,False,False,False,False,False,True,False,False,False,True,False,False,False,3,5,memoize_expensive_calls
large_input,memoize_expensive_calls,expensive_calls,high,18.0,9,expensive_calls,10,O(n),1,96.78,3,14,0.0,False,False,False,True,False,False,False,False,False,False,False,True,False,False,True,False,False,False,False,3,5,memoize_expensive_calls
with_setup_noise,memoize_expensive_calls,expensive_calls,high,18.0,11,constant_folding|expensive_calls,13,O(n),2,96.75,3,18,4.5,False,False,False,True,False,False,False,False,False,False,False,True,False,False,False,False,False,False,True,3,5,memoize_expensive_calls
with_setup_noise,memoize_expensive_calls,constant_folding,low,2.0,2,constant_folding|expensive_calls,13,O(n),2,96.75,1,18,4.5,True,False,False,False,False,False,False,False,False,False,False,True,False,False,False,False,False,False,True,3,0,hoist_invariant
with_branch_noise,memoize_expensive_calls,expensive_calls,high,18.0,14,expensive_calls,16,O(n),1,97.97,3,18,0.0,False,False,False,True,False,False,False,False,False,False,False,True,False,False,False,False,False,True,False,3,5,memoize_expensive_calls
small_input,memoize_expensive_calls,expensive_calls,high,18.0,9,expensive_calls,10,O(n),1,96.78,3,18,0.0,False,False,False,True,False,False,False,False,False,False,False,True,False,False,False,False,True,False,False,3,5,memoize_expensive_calls
medium_input,memoize_expensive_calls,expensive_calls,high,18.0,9,expensive_calls,10,O(n),1,96.78,3,18,0.0,False,False,False,True,False,False,False,False,False,False,False,True,False,False,False,True,False,False,False,3,5,memoize_expensive_calls
large_input,memoize_expensive_calls,expensive_calls,high,18.0,9,expensive_calls,10,O(n),1,96.78,3,14,0.0,False,False,False,True,False,False,False,False,False,False,False,True,False,False,True,False,False,False,False,3,5,memoize_expensive_calls
with_setup_noise,memoize_expensive_calls,expensive_calls,high,18.0,11,constant_folding|expensive_calls,13,O(n),2,96.75,3,18,4.5,False,False,False,True,False,False,False,False,False,False,False,True,False,False,False,False,False,False,True,3,5,memoize_expensive_calls
with_setup_noise,memoize_expensive_calls,constant_folding,low,2.0,2,constant_folding|expensive_calls,13,O(n),2,96.75,1,18,4.5,True,False,False,False,False,False,False,False,False,False,False,True,False,False,False,False,False,False,True,3,0,hoist_invariant
with_branch_noise,memoize_expensive_calls,expensive_calls,high,18.0,14,expensive_calls,16,O(n),1,97.97,3,18,0.0,False,False,False,True,False,False,False,False,False,False,False,True,False,False,False,False,False,True,False,3,5,memoize_expensive_calls
small_input,replace_string_concat,string_concat_loop,low,5.0,3,string_concat_loop,4,O(n),1,96.17,1,18,0.0,False,False,False,False,False,False,False,False,True,False,False,True,False,False,False,False,True,False,False,5,6,replace_string_concat
medium_input,replace_string_concat,string_concat_loop,medium,10.0,3,string_concat_loop,4,O(n),1,92.83,2,18,0.0,False,False,False,False,False,False,False,False,True,False,False,True,False,False,False,True,False,False,False,5,6,replace_string_concat
large_input,replace_string_concat,string_concat_loop,medium,10.0,3,string_concat_loop,4,O(n),1,92.83,2,18,0.0,False,False,False,False,False,False,False,False,True,False,False,True,False,False,True,False,False,False,False,5,6,replace_string_concat
with_setup_noise,replace_string_concat,string_concat_loop,medium,10.0,5,constant_folding|string_concat_loop,7,O(n),2,94.47,2,18,1.5,False,False,False,False,False,False,False,False,True,False,False,True,False,False,False,False,False,False,True,5,6,replace_string_concat
with_setup_noise,replace_string_concat,constant_folding,low,2.0,2,constant_folding|string_concat_loop,7,O(n),2,94.47,1,18,1.5,True,False,False,False,False,False,False,False,False,False,False,True,False,False,False,False,False,False,True,5,0,hoist_invariant
with_branch_noise,replace_string_concat,string_concat_loop,medium,10.0,8,string_concat_loop,10,O(n),1,97.08,2,18,0.0,False,False,False,False,False,False,False,False,True,False,False,True,False,False,False,False,False,True,False,5,6,replace_string_concat
small_input,replace_string_concat,string_concat_loop,low,5.0,3,string_concat_loop,4,O(n),1,96.17,1,18,0.0,False,False,False,False,False,False,False,False,True,False,False,True,False,False,False,False,True,False,False,5,6,replace_string_concat
medium_input,replace_string_concat,string_concat_loop,medium,10.0,3,string_concat_loop,4,O(n),1,92.83,2,18,0.0,False,False,False,False,False,False,False,False,True,False,False,True,False,False,False,True,False,False,False,5,6,replace_string_concat
large_input,replace_string_concat,string_concat_loop,medium,10.0,3,string_concat_loop,4,O(n),1,92.83,2,18,0.0,False,False,False,False,False,False,False,False,True,False,False,True,False,False,True,False,False,False,False,5,6,replace_string_concat
with_setup_noise,replace_string_concat,string_concat_loop,medium,10.0,5,constant_folding|string_concat_loop,7,O(n),2,94.47,2,18,1.5,False,False,False,False,False,False,False,False,True,False,False,True,False,False,False,False,False,False,True,5,6,replace_string_concat
with_setup_noise,replace_string_concat,constant_folding,low,2.0,2,constant_folding|string_concat_loop,7,O(n),2,94.47,1,18,1.5,True,False,False,False,False,False,False,False,False,False,False,True,False,False,False,False,False,False,True,5,0,hoist_invariant
with_branch_noise,replace_string_concat,string_concat_loop,medium,10.0,8,string_concat_loop,10,O(n),1,97.08,2,18,0.0,False,False,False,False,False,False,False,False,True,False,False,True,False,False,False,False,False,True,False,5,6,replace_string_concat
small_input,replace_string_concat,string_concat_loop,low,5.0,3,string_concat_loop,4,O(n),1,96.17,1,18,0.0,False,False,False,False,False,False,False,False,True,False,False,True,False,False,False,False,True,False,False,5,6,replace_string_concat
medium_input,replace_string_concat,string_concat_loop,medium,10.0,3,string_concat_loop,4,O(n),1,92.83,2,18,0.0,False,False,False,False,False,False,False,False,True,False,False,True,False,False,False,True,False,False,False,5,6,replace_string_concat
large_input,replace_string_concat,string_concat_loop,medium,10.0,3,string_concat_loop,4,O(n),1,92.83,2,18,0.0,False,False,False,False,False,False,False,False,True,False,False,True,False,False,True,False,False,False,False,5,6,replace_string_concat
with_setup_noise,replace_string_concat,string_concat_loop,medium,10.0,5,constant_folding|string_concat_loop,7,O(n),2,94.47,2,18,1.5,False,False,False,False,False,False,False,False,True,False,False,True,False,False,False,False,False,False,True,5,6,replace_string_concat
with_setup_noise,replace_string_concat,constant_folding,low,2.0,2,constant_folding|string_concat_loop,7,O(n),2,94.47,1,18,1.5,True,False,False,False,False,False,False,False,False,False,False,True,False,False,False,False,False,False,True,5,0,hoist_invariant
with_branch_noise,replace_string_concat,string_concat_loop,medium,10.0,8,string_concat_loop,10,O(n),1,97.08,2,18,0.0,False,False,False,False,False,False,False,False,True,False,False,True,False,False,False,False,False,True,False,5,6,replace_string_concat
small_input,replace_string_concat,string_concat_loop,low,5.0,3,string_concat_loop,4,O(n),1,96.17,1,18,0.0,False,False,False,False,False,False,False,False,True,False,False,True,False,False,False,False,True,False,False,5,6,replace_string_concat
medium_input,replace_string_concat,string_concat_loop,medium,10.0,3,string_concat_loop,4,O(n),1,92.83,2,18,0.0,False,False,False,False,False,False,False,False,True,False,False,True,False,False,False,True,False,False,False,5,6,replace_string_concat
large_input,replace_string_concat,string_concat_loop,medium,10.0,3,string_concat_loop,4,O(n),1,92.83,2,18,0.0,False,False,False,False,False,False,False,False,True,False,False,True,False,False,True,False,False,False,False,5,6,replace_string_concat
with_setup_noise,replace_string_concat,string_concat_loop,medium,10.0,5,constant_folding|string_concat_loop,7,O(n),2,94.47,2,18,1.5,False,False,False,False,False,False,False,False,True,False,False,True,False,False,False,False,False,False,True,5,6,replace_string_concat
with_setup_noise,replace_string_concat,constant_folding,low,2.0,2,constant_folding|string_concat_loop,7,O(n),2,94.47,1,18,1.5,True,False,False,False,False,False,False,False,False,False,False,True,False,False,False,False,False,False,True,5,0,hoist_invariant
with_branch_noise,replace_string_concat,string_concat_loop,medium,10.0,8,string_concat_loop,10,O(n),1,97.08,2,18,0.0,False,False,False,False,False,False,False,False,True,False,False,True,False,False,False,False,False,True,False,5,6,replace_string_concat
small_input,replace_string_concat,string_concat_loop,low,5.0,3,string_concat_loop,4,O(n),1,96.17,1,18,0.0,False,False,False,False,False,False,False,False,True,False,False,True,False,False,False,False,True,False,False,5,6,replace_string_concat
medium_input,replace_string_concat,string_concat_loop,medium,10.0,3,string_concat_loop,4,O(n),1,92.83,2,18,0.0,False,False,False,False,False,False,False,False,True,False,False,True,False,False,False,True,False,False,False,5,6,replace_string_concat
large_input,replace_string_concat,string_concat_loop,medium,10.0,3,string_concat_loop,4,O(n),1,92.83,2,18,0.0,False,False,False,False,False,False,False,False,True,False,False,True,False,False,True,False,False,False,False,5,6,replace_string_concat
with_setup_noise,replace_string_concat,string_concat_loop,medium,10.0,5,constant_folding|string_concat_loop,7,O(n),2,94.47,2,18,1.5,False,False,False,False,False,False,False,False,True,False,False,True,False,False,False,False,False,False,True,5,6,replace_string_concat
with_setup_noise,replace_string_concat,constant_folding,low,2.0,2,constant_folding|string_concat_loop,7,O(n),2,94.47,1,18,1.5,True,False,False,False,False,False,False,False,False,False,False,True,False,False,False,False,False,False,True,5,0,hoist_invariant
with_branch_noise,replace_string_concat,string_concat_loop,medium,10.0,8,string_concat_loop,10,O(n),1,97.08,2,18,0.0,False,False,False,False,False,False,False,False,True,False,False,True,False,False,False,False,False,True,False,5,6,replace_string_concat
small_input,replace_string_concat,string_concat_loop,low,5.0,3,string_concat_loop,4,O(n),1,96.17,1,18,0.0,False,False,False,False,False,False,False,False,True,False,False,True,False,False,False,False,True,False,False,5,6,replace_string_concat
medium_input,replace_string_concat,string_concat_loop,medium,10.0,3,string_concat_loop,4,O(n),1,92.83,2,18,0.0,False,False,False,False,False,False,False,False,True,False,False,True,False,False,False,True,False,False,False,5,6,replace_string_concat
large_input,replace_string_concat,string_concat_loop,medium,10.0,3,string_concat_loop,4,O(n),1,92.83,2,18,0.0,False,False,False,False,False,False,False,False,True,False,False,True,False,False,True,False,False,False,False,5,6,replace_string_concat
with_setup_noise,replace_string_concat,string_concat_loop,medium,10.0,5,constant_folding|string_concat_loop,7,O(n),2,94.47,2,18,1.5,False,False,False,False,False,False,False,False,True,False,False,True,False,False,False,False,False,False,True,5,6,replace_string_concat
with_setup_noise,replace_string_concat,constant_folding,low,2.0,2,constant_folding|string_concat_loop,7,O(n),2,94.47,1,18,1.5,True,False,False,False,False,False,False,False,False,False,False,True,False,False,False,False,False,False,True,5,0,hoist_invariant
with_branch_noise,replace_string_concat,string_concat_loop,medium,10.0,8,string_concat_loop,10,O(n),1,97.08,2,18,0.0,False,False,False,False,False,False,False,False,True,False,False,True,False,False,False,False,False,True,False,5,6,replace_string_concat
small_input,replace_string_concat,string_concat_loop,low,5.0,3,string_concat_loop,4,O(n),1,96.17,1,18,0.0,False,False,False,False,False,False,False,False,True,False,False,True,False,False,False,False,True,False,False,5,6,replace_string_concat
medium_input,replace_string_concat,string_concat_loop,medium,10.0,3,string_concat_loop,4,O(n),1,92.83,2,18,0.0,False,False,False,False,False,False,False,False,True,False,False,True,False,False,False,True,False,False,False,5,6,replace_string_concat
large_input,replace_string_concat,string_concat_loop,medium,10.0,3,string_concat_loop,4,O(n),1,92.83,2,18,0.0,False,False,False,False,False,False,False,False,True,False,False,True,False,False,True,False,False,False,False,5,6,replace_string_concat
with_setup_noise,replace_string_concat,string_concat_loop,medium,10.0,5,constant_folding|string_concat_loop,7,O(n),2,94.47,2,18,1.5,False,False,False,False,False,False,False,False,True,False,False,True,False,False,False,False,False,False,True,5,6,replace_string_concat
with_setup_noise,replace_string_concat,constant_folding,low,2.0,2,constant_folding|string_concat_loop,7,O(n),2,94.47,1,18,1.5,True,False,False,False,False,False,False,False,False,False,False,True,False,False,False,False,False,False,True,5,0,hoist_invariant
with_branch_noise,replace_string_concat,string_concat_loop,medium,10.0,8,string_concat_loop,10,O(n),1,97.08,2,18,0.0,False,False,False,False,False,False,False,False,True,False,False,True,False,False,False,False,False,True,False,5,6,replace_string_concat
small_input,replace_string_concat,string_concat_loop,low,5.0,3,string_concat_loop,4,O(n),1,96.17,1,18,0.0,False,False,False,False,False,False,False,False,True,False,False,True,False,False,False,False,True,False,False,5,6,replace_string_concat
medium_input,replace_string_concat,string_concat_loop,medium,10.0,3,string_concat_loop,4,O(n),1,92.83,2,18,0.0,False,False,False,False,False,False,False,False,True,False,False,True,False,False,False,True,False,False,False,5,6,replace_string_concat
large_input,replace_string_concat,string_concat_loop,medium,10.0,3,string_concat_loop,4,O(n),1,92.83,2,18,0.0,False,False,False,False,False,False,False,False,True,False,False,True,False,False,True,False,False,False,False,5,6,replace_string_concat
with_setup_noise,replace_string_concat,string_concat_loop,medium,10.0,5,constant_folding|string_concat_loop,7,O(n),2,94.47,2,18,1.5,False,False,False,False,False,False,False,False,True,False,False,True,False,False,False,False,False,False,True,5,6,replace_string_concat
with_setup_noise,replace_string_concat,constant_folding,low,2.0,2,constant_folding|string_concat_loop,7,O(n),2,94.47,1,18,1.5,True,False,False,False,False,False,False,False,False,False,False,True,False,False,False,False,False,False,True,5,0,hoist_invariant
with_branch_noise,replace_string_concat,string_concat_loop,medium,10.0,8,string_concat_loop,10,O(n),1,97.08,2,18,0.0,False,False,False,False,False,False,False,False,True,False,False,True,False,False,False,False,False,True,False,5,6,replace_string_concat
small_input,replace_string_concat,string_concat_loop,low,5.0,3,string_concat_loop,4,O(n),1,96.17,1,18,0.0,False,False,False,False,False,False,False,False,True,False,False,True,False,False,False,False,True,False,False,5,6,replace_string_concat
medium_input,replace_string_concat,string_concat_loop,medium,10.0,3,string_concat_loop,4,O(n),1,92.83,2,18,0.0,False,False,False,False,False,False,False,False,True,False,False,True,False,False,False,True,False,False,False,5,6,replace_string_concat
large_input,replace_string_concat,string_concat_loop,medium,10.0,3,string_concat_loop,4,O(n),1,92.83,2,18,0.0,False,False,False,False,False,False,False,False,True,False,False,True,False,False,True,False,False,False,False,5,6,replace_string_concat
with_setup_noise,replace_string_concat,string_concat_loop,medium,10.0,5,constant_folding|string_concat_loop,7,O(n),2,94.47,2,18,1.5,False,False,False,False,False,False,False,False,True,False,False,True,False,False,False,False,False,False,True,5,6,replace_string_concat
with_setup_noise,replace_string_concat,constant_folding,low,2.0,2,constant_folding|string_concat_loop,7,O(n),2,94.47,1,18,1.5,True,False,False,False,False,False,False,False,False,False,False,True,False,False,False,False,False,False,True,5,0,hoist_invariant
with_branch_noise,replace_string_concat,string_concat_loop,medium,10.0,8,string_concat_loop,10,O(n),1,97.08,2,18,0.0,False,False,False,False,False,False,False,False,True,False,False,True,False,False,False,False,False,True,False,5,6,replace_string_concat
small_input,replace_string_concat,string_concat_loop,low,5.0,3,string_concat_loop,4,O(n),1,96.17,1,18,0.0,False,False,False,False,False,False,False,False,True,False,False,True,False,False,False,False,True,False,False,5,6,replace_string_concat
medium_input,replace_string_concat,string_concat_loop,medium,10.0,3,string_concat_loop,4,O(n),1,92.83,2,18,0.0,False,False,False,False,False,False,False,False,True,False,False,True,False,False,False,True,False,False,False,5,6,replace_string_concat
large_input,replace_string_concat,string_concat_loop,medium,10.0,3,string_concat_loop,4,O(n),1,92.83,2,18,0.0,False,False,False,False,False,False,False,False,True,False,False,True,False,False,True,False,False,False,False,5,6,replace_string_concat
with_setup_noise,replace_string_concat,string_concat_loop,medium,10.0,5,constant_folding|string_concat_loop,7,O(n),2,94.47,2,18,1.5,False,False,False,False,False,False,False,False,True,False,False,True,False,False,False,False,False,False,True,5,6,replace_string_concat
with_setup_noise,replace_string_concat,constant_folding,low,2.0,2,constant_folding|string_concat_loop,7,O(n),2,94.47,1,18,1.5,True,False,False,False,False,False,False,False,False,False,False,True,False,False,False,False,False,False,True,5,0,hoist_invariant
with_branch_noise,replace_string_concat,string_concat_loop,medium,10.0,8,string_concat_loop,10,O(n),1,97.08,2,18,0.0,False,False,False,False,False,False,False,False,True,False,False,True,False,False,False,False,False,True,False,5,6,replace_string_concat
small_input,replace_string_concat,string_concat_loop,low,5.0,3,string_concat_loop,4,O(n),1,96.17,1,18,0.0,False,False,False,False,False,False,False,False,True,False,False,True,False,False,False,False,True,False,False,5,6,replace_string_concat
medium_input,replace_string_concat,string_concat_loop,medium,10.0,3,string_concat_loop,4,O(n),1,92.83,2,18,0.0,False,False,False,False,False,False,False,False,True,False,False,True,False,False,False,True,False,False,False,5,6,replace_string_concat
large_input,replace_string_concat,string_concat_loop,medium,10.0,3,string_concat_loop,4,O(n),1,92.83,2,18,0.0,False,False,False,False,False,False,False,False,True,False,False,True,False,False,True,False,False,False,False,5,6,replace_string_concat
with_setup_noise,replace_string_concat,string_concat_loop,medium,10.0,5,constant_folding|string_concat_loop,7,O(n),2,94.47,2,18,1.5,False,False,False,False,False,False,False,False,True,False,False,True,False,False,False,False,False,False,True,5,6,replace_string_concat
with_setup_noise,replace_string_concat,constant_folding,low,2.0,2,constant_folding|string_concat_loop,7,O(n),2,94.47,1,18,1.5,True,False,False,False,False,False,False,False,False,False,False,True,False,False,False,False,False,False,True,5,0,hoist_invariant
with_branch_noise,replace_string_concat,string_concat_loop,medium,10.0,8,string_concat_loop,10,O(n),1,97.08,2,18,0.0,False,False,False,False,False,False,False,False,True,False,False,True,False,False,False,False,False,True,False,5,6,replace_string_concat
small_input,replace_string_concat,string_concat_loop,low,5.0,3,string_concat_loop,4,O(n),1,96.17,1,18,0.0,False,False,False,False,False,False,False,False,True,False,False,True,False,False,False,False,True,False,False,5,6,replace_string_concat
medium_input,replace_string_concat,string_concat_loop,medium,10.0,3,string_concat_loop,4,O(n),1,92.83,2,18,0.0,False,False,False,False,False,False,False,False,True,False,False,True,False,False,False,True,False,False,False,5,6,replace_string_concat
large_input,replace_string_concat,string_concat_loop,medium,10.0,3,string_concat_loop,4,O(n),1,92.83,2,18,0.0,False,False,False,False,False,False,False,False,True,False,False,True,False,False,True,False,False,False,False,5,6,replace_string_concat
with_setup_noise,replace_string_concat,string_concat_loop,medium,10.0,5,constant_folding|string_concat_loop,7,O(n),2,94.47,2,18,1.5,False,False,False,False,False,False,False,False,True,False,False,True,False,False,False,False,False,False,True,5,6,replace_string_concat
with_setup_noise,replace_string_concat,constant_folding,low,2.0,2,constant_folding|string_concat_loop,7,O(n),2,94.47,1,18,1.5,True,False,False,False,False,False,False,False,False,False,False,True,False,False,False,False,False,False,True,5,0,hoist_invariant
with_branch_noise,replace_string_concat,string_concat_loop,medium,10.0,8,string_concat_loop,10,O(n),1,97.08,2,18,0.0,False,False,False,False,False,False,False,False,True,False,False,True,False,False,False,False,False,True,False,5,6,replace_string_concat
small_input,replace_string_concat,string_concat_loop,low,5.0,3,string_concat_loop,4,O(n),1,96.17,1,18,0.0,False,False,False,False,False,False,False,False,True,False,False,True,False,False,False,False,True,False,False,5,6,replace_string_concat
medium_input,replace_string_concat,string_concat_loop,medium,10.0,3,string_concat_loop,4,O(n),1,92.83,2,18,0.0,False,False,False,False,False,False,False,False,True,False,False,True,False,False,False,True,False,False,False,5,6,replace_string_concat
large_input,replace_string_concat,string_concat_loop,medium,10.0,3,string_concat_loop,4,O(n),1,92.83,2,18,0.0,False,False,False,False,False,False,False,False,True,False,False,True,False,False,True,False,False,False,False,5,6,replace_string_concat
with_setup_noise,replace_string_concat,string_concat_loop,medium,10.0,5,constant_folding|string_concat_loop,7,O(n),2,94.47,2,18,1.5,False,False,False,False,False,False,False,False,True,False,False,True,False,False,False,False,False,False,True,5,6,replace_string_concat
with_setup_noise,replace_string_concat,constant_folding,low,2.0,2,constant_folding|string_concat_loop,7,O(n),2,94.47,1,18,1.5,True,False,False,False,False,False,False,False,False,False,False,True,False,False,False,False,False,False,True,5,0,hoist_invariant
with_branch_noise,replace_string_concat,string_concat_loop,medium,10.0,8,string_concat_loop,10,O(n),1,97.08,2,18,0.0,False,False,False,False,False,False,False,False,True,False,False,True,False,False,False,False,False,True,False,5,6,replace_string_concat
small_input,replace_string_concat,string_concat_loop,low,5.0,3,string_concat_loop,4,O(n),1,96.17,1,18,0.0,False,False,False,False,False,False,False,False,True,False,False,True,False,False,False,False,True,False,False,5,6,replace_string_concat
medium_input,replace_string_concat,string_concat_loop,medium,10.0,3,string_concat_loop,4,O(n),1,92.83,2,18,0.0,False,False,False,False,False,False,False,False,True,False,False,True,False,False,False,True,False,False,False,5,6,replace_string_concat
large_input,replace_string_concat,string_concat_loop,medium,10.0,3,string_concat_loop,4,O(n),1,92.83,2,18,0.0,False,False,False,False,False,False,False,False,True,False,False,True,False,False,True,False,False,False,False,5,6,replace_string_concat
with_setup_noise,replace_string_concat,string_concat_loop,medium,10.0,5,constant_folding|string_concat_loop,7,O(n),2,94.47,2,18,1.5,False,False,False,False,False,False,False,False,True,False,False,True,False,False,False,False,False,False,True,5,6,replace_string_concat
with_setup_noise,replace_string_concat,constant_folding,low,2.0,2,constant_folding|string_concat_loop,7,O(n),2,94.47,1,18,1.5,True,False,False,False,False,False,False,False,False,False,False,True,False,False,False,False,False,False,True,5,0,hoist_invariant
with_branch_noise,replace_string_concat,string_concat_loop,medium,10.0,8,string_concat_loop,10,O(n),1,97.08,2,18,0.0,False,False,False,False,False,False,False,False,True,False,False,True,False,False,False,False,False,True,False,5,6,replace_string_concat
small_input,replace_string_concat,string_concat_loop,low,5.0,3,string_concat_loop,4,O(n),1,96.17,1,18,0.0,False,False,False,False,False,False,False,False,True,False,False,True,False,False,False,False,True,False,False,5,6,replace_string_concat
medium_input,replace_string_concat,string_concat_loop,medium,10.0,3,string_concat_loop,4,O(n),1,92.83,2,18,0.0,False,False,False,False,False,False,False,False,True,False,False,True,False,False,False,True,False,False,False,5,6,replace_string_concat
large_input,replace_string_concat,string_concat_loop,medium,10.0,3,string_concat_loop,4,O(n),1,92.83,2,18,0.0,False,False,False,False,False,False,False,False,True,False,False,True,False,False,True,False,False,False,False,5,6,replace_string_concat
with_setup_noise,replace_string_concat,string_concat_loop,medium,10.0,5,constant_folding|string_concat_loop,7,O(n),2,94.47,2,18,1.5,False,False,False,False,False,False,False,False,True,False,False,True,False,False,False,False,False,False,True,5,6,replace_string_concat
with_setup_noise,replace_string_concat,constant_folding,low,2.0,2,constant_folding|string_concat_loop,7,O(n),2,94.47,1,18,1.5,True,False,False,False,False,False,False,False,False,False,False,True,False,False,False,False,False,False,True,5,0,hoist_invariant
with_branch_noise,replace_string_concat,string_concat_loop,medium,10.0,8,string_concat_loop,10,O(n),1,97.08,2,18,0.0,False,False,False,False,False,False,False,False,True,False,False,True,False,False,False,False,False,True,False,5,6,replace_string_concat
small_input,replace_string_concat,string_concat_loop,low,5.0,3,string_concat_loop,4,O(n),1,96.17,1,18,0.0,False,False,False,False,False,False,False,False,True,False,False,True,False,False,False,False,True,False,False,5,6,replace_string_concat
medium_input,replace_string_concat,string_concat_loop,medium,10.0,3,string_concat_loop,4,O(n),1,92.83,2,18,0.0,False,False,False,False,False,False,False,False,True,False,False,True,False,False,False,True,False,False,False,5,6,replace_string_concat
large_input,replace_string_concat,string_concat_loop,medium,10.0,3,string_concat_loop,4,O(n),1,92.83,2,18,0.0,False,False,False,False,False,False,False,False,True,False,False,True,False,False,True,False,False,False,False,5,6,replace_string_concat
with_setup_noise,replace_string_concat,string_concat_loop,medium,10.0,5,constant_folding|string_concat_loop,7,O(n),2,94.47,2,18,1.5,False,False,False,False,False,False,False,False,True,False,False,True,False,False,False,False,False,False,True,5,6,replace_string_concat
with_setup_noise,replace_string_concat,constant_folding,low,2.0,2,constant_folding|string_concat_loop,7,O(n),2,94.47,1,18,1.5,True,False,False,False,False,False,False,False,False,False,False,True,False,False,False,False,False,False,True,5,0,hoist_invariant
with_branch_noise,replace_string_concat,string_concat_loop,medium,10.0,8,string_concat_loop,10,O(n),1,97.08,2,18,0.0,False,False,False,False,False,False,False,False,True,False,False,True,False,False,False,False,False,True,False,5,6,replace_string_concat
small_input,replace_string_concat,string_concat_loop,low,5.0,3,string_concat_loop,4,O(n),1,96.17,1,18,0.0,False,False,False,False,False,False,False,False,True,False,False,True,False,False,False,False,True,False,False,5,6,replace_string_concat
medium_input,replace_string_concat,string_concat_loop,medium,10.0,3,string_concat_loop,4,O(n),1,92.83,2,18,0.0,False,False,False,False,False,False,False,False,True,False,False,True,False,False,False,True,False,False,False,5,6,replace_string_concat
large_input,replace_string_concat,string_concat_loop,medium,10.0,3,string_concat_loop,4,O(n),1,92.83,2,18,0.0,False,False,False,False,False,False,False,False,True,False,False,True,False,False,True,False,False,False,False,5,6,replace_string_concat
with_setup_noise,replace_string_concat,string_concat_loop,medium,10.0,5,constant_folding|string_concat_loop,7,O(n),2,94.47,2,18,1.5,False,False,False,False,False,False,False,False,True,False,False,True,False,False,False,False,False,False,True,5,6,replace_string_concat
with_setup_noise,replace_string_concat,constant_folding,low,2.0,2,constant_folding|string_concat_loop,7,O(n),2,94.47,1,18,1.5,True,False,False,False,False,False,False,False,False,False,False,True,False,False,False,False,False,False,True,5,0,hoist_invariant
with_branch_noise,replace_string_concat,string_concat_loop,medium,10.0,8,string_concat_loop,10,O(n),1,97.08,2,18,0.0,False,False,False,False,False,False,False,False,True,False,False,True,False,False,False,False,False,True,False,5,6,replace_string_concat
small_input,replace_string_concat,string_concat_loop,low,5.0,3,string_concat_loop,4,O(n),1,96.17,1,18,0.0,False,False,False,False,False,False,False,False,True,False,False,True,False,False,False,False,True,False,False,5,6,replace_string_concat
medium_input,replace_string_concat,string_concat_loop,medium,10.0,3,string_concat_loop,4,O(n),1,92.83,2,18,0.0,False,False,False,False,False,False,False,False,True,False,False,True,False,False,False,True,False,False,False,5,6,replace_string_concat
large_input,replace_string_concat,string_concat_loop,medium,10.0,3,string_concat_loop,4,O(n),1,92.83,2,18,0.0,False,False,False,False,False,False,False,False,True,False,False,True,False,False,True,False,False,False,False,5,6,replace_string_concat
with_setup_noise,replace_string_concat,string_concat_loop,medium,10.0,5,constant_folding|string_concat_loop,7,O(n),2,94.47,2,18,1.5,False,False,False,False,False,False,False,False,True,False,False,True,False,False,False,False,False,False,True,5,6,replace_string_concat
with_setup_noise,replace_string_concat,constant_folding,low,2.0,2,constant_folding|string_concat_loop,7,O(n),2,94.47,1,18,1.5,True,False,False,False,False,False,False,False,False,False,False,True,False,False,False,False,False,False,True,5,0,hoist_invariant
with_branch_noise,replace_string_concat,string_concat_loop,medium,10.0,8,string_concat_loop,10,O(n),1,97.08,2,18,0.0,False,False,False,False,False,False,False,False,True,False,False,True,False,False,False,False,False,True,False,5,6,replace_string_concat
small_input,cleanup_dead_unused_code,dead_code,medium,7.0,4,dead_code|early_return|unused_vars,10,O(1),3,95.33,2,18,1.0,False,True,False,False,False,False,False,False,False,False,True,False,False,False,False,False,True,False,False,1,2,cleanup_dead_unused_code
small_input,cleanup_dead_unused_code,unused_vars,low,3.0,9,dead_code|early_return|unused_vars,10,O(1),3,95.33,1,18,4.0,False,False,False,False,False,False,False,False,False,True,True,False,False,False,False,False,True,False,False,1,2,cleanup_dead_unused_code
small_input,cleanup_dead_unused_code,early_return,low,3.0,2,dead_code|early_return|unused_vars,10,O(1),3,95.33,1,18,3.0,False,False,True,False,False,False,False,False,False,False,True,False,False,False,False,False,True,False,False,1,2,cleanup_dead_unused_code
medium_input,cleanup_dead_unused_code,dead_code,medium,7.0,4,dead_code|early_return|unused_vars,10,O(1),3,95.33,2,18,1.0,False,True,False,False,False,False,False,False,False,False,True,False,False,False,False,True,False,False,False,1,2,cleanup_dead_unused_code
medium_input,cleanup_dead_unused_code,unused_vars,low,3.0,9,dead_code|early_return|unused_vars,10,O(1),3,95.33,1,18,4.0,False,False,False,False,False,False,False,False,False,True,True,False,False,False,False,True,False,False,False,1,2,cleanup_dead_unused_code
medium_input,cleanup_dead_unused_code,early_return,low,3.0,2,dead_code|early_return|unused_vars,10,O(1),3,95.33,1,18,3.0,False,False,True,False,False,False,False,False,False,False,True,False,False,False,False,True,False,False,False,1,2,cleanup_dead_unused_code
large_input,cleanup_dead_unused_code,dead_code,medium,7.0,4,dead_code|early_return|unused_vars,10,O(1),3,95.33,2,18,1.0,False,True,False,False,False,False,False,False,False,False,True,False,False,False,True,False,False,False,False,1,2,cleanup_dead_unused_code
large_input,cleanup_dead_unused_code,unused_vars,low,3.0,9,dead_code|early_return|unused_vars,10,O(1),3,95.33,1,18,4.0,False,False,False,False,False,False,False,False,False,True,True,False,False,False,True,False,False,False,False,1,2,cleanup_dead_unused_code
large_input,cleanup_dead_unused_code,early_return,low,3.0,2,dead_code|early_return|unused_vars,10,O(1),3,95.33,1,18,3.0,False,False,True,False,False,False,False,False,False,False,True,False,False,False,True,False,False,False,False,1,2,cleanup_dead_unused_code
with_setup_noise,cleanup_dead_unused_code,dead_code,medium,7.0,6,constant_folding|dead_code|early_return|unused_vars,13,O(1),4,95.64,2,18,0.25,False,True,False,False,False,False,False,False,False,False,True,False,False,False,False,False,False,False,True,1,2,cleanup_dead_unused_code
with_setup_noise,cleanup_dead_unused_code,unused_vars,low,3.0,11,constant_folding|dead_code|early_return|unused_vars,13,O(1),4,95.64,1,18,5.25,False,False,False,False,False,False,False,False,False,True,True,False,False,False,False,False,False,False,True,1,2,cleanup_dead_unused_code
with_setup_noise,cleanup_dead_unused_code,early_return,low,3.0,4,constant_folding|dead_code|early_return|unused_vars,13,O(1),4,95.64,1,18,1.75,False,False,True,False,False,False,False,False,False,False,True,False,False,False,False,False,False,False,True,1,2,cleanup_dead_unused_code
with_setup_noise,cleanup_dead_unused_code,constant_folding,low,2.0,2,constant_folding|dead_code|early_return|unused_vars,13,O(1),4,95.64,1,18,3.75,True,False,False,False,False,False,False,False,False,False,True,False,False,False,False,False,False,False,True,1,2,cleanup_dead_unused_code
with_branch_noise,cleanup_dead_unused_code,dead_code,medium,7.0,9,dead_code|early_return|unused_vars,16,O(1),3,97.08,2,18,1.0,False,True,False,False,False,False,False,False,False,False,True,False,False,False,False,False,False,True,False,1,2,cleanup_dead_unused_code
with_branch_noise,cleanup_dead_unused_code,unused_vars,low,3.0,14,dead_code|early_return|unused_vars,16,O(1),3,97.08,1,18,4.0,False,False,False,False,False,False,False,False,False,True,True,False,False,False,False,False,False,True,False,1,2,cleanup_dead_unused_code
with_branch_noise,cleanup_dead_unused_code,early_return,low,3.0,7,dead_code|early_return|unused_vars,16,O(1),3,97.08,1,18,3.0,False,False,True,False,False,False,False,False,False,False,True,False,False,False,False,False,False,True,False,1,2,cleanup_dead_unused_code
small_input,cleanup_dead_unused_code,dead_code,medium,7.0,4,dead_code|early_return|unused_vars,10,O(1),3,95.33,2,18,1.0,False,True,False,False,False,False,False,False,False,False,True,False,False,False,False,False,True,False,False,1,2,cleanup_dead_unused_code
small_input,cleanup_dead_unused_code,unused_vars,low,3.0,9,dead_code|early_return|unused_vars,10,O(1),3,95.33,1,18,4.0,False,False,False,False,False,False,False,False,False,True,True,False,False,False,False,False,True,False,False,1,2,cleanup_dead_unused_code
small_input,cleanup_dead_unused_code,early_return,low,3.0,2,dead_code|early_return|unused_vars,10,O(1),3,95.33,1,18,3.0,False,False,True,False,False,False,False,False,False,False,True,False,False,False,False,False,True,False,False,1,2,cleanup_dead_unused_code
medium_input,cleanup_dead_unused_code,dead_code,medium,7.0,4,dead_code|early_return|unused_vars,10,O(1),3,95.33,2,18,1.0,False,True,False,False,False,False,False,False,False,False,True,False,False,False,False,True,False,False,False,1,2,cleanup_dead_unused_code
medium_input,cleanup_dead_unused_code,unused_vars,low,3.0,9,dead_code|early_return|unused_vars,10,O(1),3,95.33,1,18,4.0,False,False,False,False,False,False,False,False,False,True,True,False,False,False,False,True,False,False,False,1,2,cleanup_dead_unused_code
medium_input,cleanup_dead_unused_code,early_return,low,3.0,2,dead_code|early_return|unused_vars,10,O(1),3,95.33,1,18,3.0,False,False,True,False,False,False,False,False,False,False,True,False,False,False,False,True,False,False,False,1,2,cleanup_dead_unused_code
large_input,cleanup_dead_unused_code,dead_code,medium,7.0,4,dead_code|early_return|unused_vars,10,O(1),3,95.33,2,18,1.0,False,True,False,False,False,False,False,False,False,False,True,False,False,False,True,False,False,False,False,1,2,cleanup_dead_unused_code
large_input,cleanup_dead_unused_code,unused_vars,low,3.0,9,dead_code|early_return|unused_vars,10,O(1),3,95.33,1,18,4.0,False,False,False,False,False,False,False,False,False,True,True,False,False,False,True,False,False,False,False,1,2,cleanup_dead_unused_code
large_input,cleanup_dead_unused_code,early_return,low,3.0,2,dead_code|early_return|unused_vars,10,O(1),3,95.33,1,18,3.0,False,False,True,False,False,False,False,False,False,False,True,False,False,False,True,False,False,False,False,1,2,cleanup_dead_unused_code
with_setup_noise,cleanup_dead_unused_code,dead_code,medium,7.0,6,constant_folding|dead_code|early_return|unused_vars,13,O(1),4,95.64,2,18,0.25,False,True,False,False,False,False,False,False,False,False,True,False,False,False,False,False,False,False,True,1,2,cleanup_dead_unused_code
with_setup_noise,cleanup_dead_unused_code,unused_vars,low,3.0,11,constant_folding|dead_code|early_return|unused_vars,13,O(1),4,95.64,1,18,5.25,False,False,False,False,False,False,False,False,False,True,True,False,False,False,False,False,False,False,True,1,2,cleanup_dead_unused_code
with_setup_noise,cleanup_dead_unused_code,early_return,low,3.0,4,constant_folding|dead_code|early_return|unused_vars,13,O(1),4,95.64,1,18,1.75,False,False,True,False,False,False,False,False,False,False,True,False,False,False,False,False,False,False,True,1,2,cleanup_dead_unused_code
with_setup_noise,cleanup_dead_unused_code,constant_folding,low,2.0,2,constant_folding|dead_code|early_return|unused_vars,13,O(1),4,95.64,1,18,3.75,True,False,False,False,False,False,False,False,False,False,True,False,False,False,False,False,False,False,True,1,2,cleanup_dead_unused_code
with_branch_noise,cleanup_dead_unused_code,dead_code,medium,7.0,9,dead_code|early_return|unused_vars,16,O(1),3,97.08,2,18,1.0,False,True,False,False,False,False,False,False,False,False,True,False,False,False,False,False,False,True,False,1,2,cleanup_dead_unused_code
with_branch_noise,cleanup_dead_unused_code,unused_vars,low,3.0,14,dead_code|early_return|unused_vars,16,O(1),3,97.08,1,18,4.0,False,False,False,False,False,False,False,False,False,True,True,False,False,False,False,False,False,True,False,1,2,cleanup_dead_unused_code
with_branch_noise,cleanup_dead_unused_code,early_return,low,3.0,7,dead_code|early_return|unused_vars,16,O(1),3,97.08,1,18,3.0,False,False,True,False,False,False,False,False,False,False,True,False,False,False,False,False,False,True,False,1,2,cleanup_dead_unused_code
small_input,cleanup_dead_unused_code,dead_code,medium,7.0,4,dead_code|early_return|unused_vars,10,O(1),3,95.33,2,18,1.0,False,True,False,False,False,False,False,False,False,False,True,False,False,False,False,False,True,False,False,1,2,cleanup_dead_unused_code
small_input,cleanup_dead_unused_code,unused_vars,low,3.0,9,dead_code|early_return|unused_vars,10,O(1),3,95.33,1,18,4.0,False,False,False,False,False,False,False,False,False,True,True,False,False,False,False,False,True,False,False,1,2,cleanup_dead_unused_code
small_input,cleanup_dead_unused_code,early_return,low,3.0,2,dead_code|early_return|unused_vars,10,O(1),3,95.33,1,18,3.0,False,False,True,False,False,False,False,False,False,False,True,False,False,False,False,False,True,False,False,1,2,cleanup_dead_unused_code
medium_input,cleanup_dead_unused_code,dead_code,medium,7.0,4,dead_code|early_return|unused_vars,10,O(1),3,95.33,2,18,1.0,False,True,False,False,False,False,False,False,False,False,True,False,False,False,False,True,False,False,False,1,2,cleanup_dead_unused_code
medium_input,cleanup_dead_unused_code,unused_vars,low,3.0,9,dead_code|early_return|unused_vars,10,O(1),3,95.33,1,18,4.0,False,False,False,False,False,False,False,False,False,True,True,False,False,False,False,True,False,False,False,1,2,cleanup_dead_unused_code
medium_input,cleanup_dead_unused_code,early_return,low,3.0,2,dead_code|early_return|unused_vars,10,O(1),3,95.33,1,18,3.0,False,False,True,False,False,False,False,False,False,False,True,False,False,False,False,True,False,False,False,1,2,cleanup_dead_unused_code
large_input,cleanup_dead_unused_code,dead_code,medium,7.0,4,dead_code|early_return|unused_vars,10,O(1),3,95.33,2,18,1.0,False,True,False,False,False,False,False,False,False,False,True,False,False,False,True,False,False,False,False,1,2,cleanup_dead_unused_code
large_input,cleanup_dead_unused_code,unused_vars,low,3.0,9,dead_code|early_return|unused_vars,10,O(1),3,95.33,1,18,4.0,False,False,False,False,False,False,False,False,False,True,True,False,False,False,True,False,False,False,False,1,2,cleanup_dead_unused_code
large_input,cleanup_dead_unused_code,early_return,low,3.0,2,dead_code|early_return|unused_vars,10,O(1),3,95.33,1,18,3.0,False,False,True,False,False,False,False,False,False,False,True,False,False,False,True,False,False,False,False,1,2,cleanup_dead_unused_code
with_setup_noise,cleanup_dead_unused_code,dead_code,medium,7.0,6,constant_folding|dead_code|early_return|unused_vars,13,O(1),4,95.64,2,18,0.25,False,True,False,False,False,False,False,False,False,False,True,False,False,False,False,False,False,False,True,1,2,cleanup_dead_unused_code
with_setup_noise,cleanup_dead_unused_code,unused_vars,low,3.0,11,constant_folding|dead_code|early_return|unused_vars,13,O(1),4,95.64,1,18,5.25,False,False,False,False,False,False,False,False,False,True,True,False,False,False,False,False,False,False,True,1,2,cleanup_dead_unused_code
with_setup_noise,cleanup_dead_unused_code,early_return,low,3.0,4,constant_folding|dead_code|early_return|unused_vars,13,O(1),4,95.64,1,18,1.75,False,False,True,False,False,False,False,False,False,False,True,False,False,False,False,False,False,False,True,1,2,cleanup_dead_unused_code
with_setup_noise,cleanup_dead_unused_code,constant_folding,low,2.0,2,constant_folding|dead_code|early_return|unused_vars,13,O(1),4,95.64,1,18,3.75,True,False,False,False,False,False,False,False,False,False,True,False,False,False,False,False,False,False,True,1,2,cleanup_dead_unused_code
with_branch_noise,cleanup_dead_unused_code,dead_code,medium,7.0,9,dead_code|early_return|unused_vars,16,O(1),3,97.08,2,18,1.0,False,True,False,False,False,False,False,False,False,False,True,False,False,False,False,False,False,True,False,1,2,cleanup_dead_unused_code
with_branch_noise,cleanup_dead_unused_code,unused_vars,low,3.0,14,dead_code|early_return|unused_vars,16,O(1),3,97.08,1,18,4.0,False,False,False,False,False,False,False,False,False,True,True,False,False,False,False,False,False,True,False,1,2,cleanup_dead_unused_code
with_branch_noise,cleanup_dead_unused_code,early_return,low,3.0,7,dead_code|early_return|unused_vars,16,O(1),3,97.08,1,18,3.0,False,False,True,False,False,False,False,False,False,False,True,False,False,False,False,False,False,True,False,1,2,cleanup_dead_unused_code
small_input,cleanup_dead_unused_code,dead_code,medium,7.0,4,dead_code|early_return|unused_vars,10,O(1),3,95.33,2,18,1.0,False,True,False,False,False,False,False,False,False,False,True,False,False,False,False,False,True,False,False,1,2,cleanup_dead_unused_code
small_input,cleanup_dead_unused_code,unused_vars,low,3.0,9,dead_code|early_return|unused_vars,10,O(1),3,95.33,1,18,4.0,False,False,False,False,False,False,False,False,False,True,True,False,False,False,False,False,True,False,False,1,2,cleanup_dead_unused_code
small_input,cleanup_dead_unused_code,early_return,low,3.0,2,dead_code|early_return|unused_vars,10,O(1),3,95.33,1,18,3.0,False,False,True,False,False,False,False,False,False,False,True,False,False,False,False,False,True,False,False,1,2,cleanup_dead_unused_code
medium_input,cleanup_dead_unused_code,dead_code,medium,7.0,4,dead_code|early_return|unused_vars,10,O(1),3,95.33,2,18,1.0,False,True,False,False,False,False,False,False,False,False,True,False,False,False,False,True,False,False,False,1,2,cleanup_dead_unused_code
medium_input,cleanup_dead_unused_code,unused_vars,low,3.0,9,dead_code|early_return|unused_vars,10,O(1),3,95.33,1,18,4.0,False,False,False,False,False,False,False,False,False,True,True,False,False,False,False,True,False,False,False,1,2,cleanup_dead_unused_code
medium_input,cleanup_dead_unused_code,early_return,low,3.0,2,dead_code|early_return|unused_vars,10,O(1),3,95.33,1,18,3.0,False,False,True,False,False,False,False,False,False,False,True,False,False,False,False,True,False,False,False,1,2,cleanup_dead_unused_code
large_input,cleanup_dead_unused_code,dead_code,medium,7.0,4,dead_code|early_return|unused_vars,10,O(1),3,95.33,2,18,1.0,False,True,False,False,False,False,False,False,False,False,True,False,False,False,True,False,False,False,False,1,2,cleanup_dead_unused_code
large_input,cleanup_dead_unused_code,unused_vars,low,3.0,9,dead_code|early_return|unused_vars,10,O(1),3,95.33,1,18,4.0,False,False,False,False,False,False,False,False,False,True,True,False,False,False,True,False,False,False,False,1,2,cleanup_dead_unused_code
large_input,cleanup_dead_unused_code,early_return,low,3.0,2,dead_code|early_return|unused_vars,10,O(1),3,95.33,1,18,3.0,False,False,True,False,False,False,False,False,False,False,True,False,False,False,True,False,False,False,False,1,2,cleanup_dead_unused_code
with_setup_noise,cleanup_dead_unused_code,dead_code,medium,7.0,6,constant_folding|dead_code|early_return|unused_vars,13,O(1),4,95.64,2,18,0.25,False,True,False,False,False,False,False,False,False,False,True,False,False,False,False,False,False,False,True,1,2,cleanup_dead_unused_code
with_setup_noise,cleanup_dead_unused_code,unused_vars,low,3.0,11,constant_folding|dead_code|early_return|unused_vars,13,O(1),4,95.64,1,18,5.25,False,False,False,False,False,False,False,False,False,True,True,False,False,False,False,False,False,False,True,1,2,cleanup_dead_unused_code
with_setup_noise,cleanup_dead_unused_code,early_return,low,3.0,4,constant_folding|dead_code|early_return|unused_vars,13,O(1),4,95.64,1,18,1.75,False,False,True,False,False,False,False,False,False,False,True,False,False,False,False,False,False,False,True,1,2,cleanup_dead_unused_code
with_setup_noise,cleanup_dead_unused_code,constant_folding,low,2.0,2,constant_folding|dead_code|early_return|unused_vars,13,O(1),4,95.64,1,18,3.75,True,False,False,False,False,False,False,False,False,False,True,False,False,False,False,False,False,False,True,1,2,cleanup_dead_unused_code
with_branch_noise,cleanup_dead_unused_code,dead_code,medium,7.0,9,dead_code|early_return|unused_vars,16,O(1),3,97.08,2,18,1.0,False,True,False,False,False,False,False,False,False,False,True,False,False,False,False,False,False,True,False,1,2,cleanup_dead_unused_code
with_branch_noise,cleanup_dead_unused_code,unused_vars,low,3.0,14,dead_code|early_return|unused_vars,16,O(1),3,97.08,1,18,4.0,False,False,False,False,False,False,False,False,False,True,True,False,False,False,False,False,False,True,False,1,2,cleanup_dead_unused_code
with_branch_noise,cleanup_dead_unused_code,early_return,low,3.0,7,dead_code|early_return|unused_vars,16,O(1),3,97.08,1,18,3.0,False,False,True,False,False,False,False,False,False,False,True,False,False,False,False,False,False,True,False,1,2,cleanup_dead_unused_code
small_input,cleanup_dead_unused_code,dead_code,medium,7.0,4,dead_code|early_return|unused_vars,10,O(1),3,95.33,2,18,1.0,False,True,False,False,False,False,False,False,False,False,True,False,False,False,False,False,True,False,False,1,2,cleanup_dead_unused_code
small_input,cleanup_dead_unused_code,unused_vars,low,3.0,9,dead_code|early_return|unused_vars,10,O(1),3,95.33,1,18,4.0,False,False,False,False,False,False,False,False,False,True,True,False,False,False,False,False,True,False,False,1,2,cleanup_dead_unused_code
small_input,cleanup_dead_unused_code,early_return,low,3.0,2,dead_code|early_return|unused_vars,10,O(1),3,95.33,1,18,3.0,False,False,True,False,False,False,False,False,False,False,True,False,False,False,False,False,True,False,False,1,2,cleanup_dead_unused_code
medium_input,cleanup_dead_unused_code,dead_code,medium,7.0,4,dead_code|early_return|unused_vars,10,O(1),3,95.33,2,18,1.0,False,True,False,False,False,False,False,False,False,False,True,False,False,False,False,True,False,False,False,1,2,cleanup_dead_unused_code
medium_input,cleanup_dead_unused_code,unused_vars,low,3.0,9,dead_code|early_return|unused_vars,10,O(1),3,95.33,1,18,4.0,False,False,False,False,False,False,False,False,False,True,True,False,False,False,False,True,False,False,False,1,2,cleanup_dead_unused_code
medium_input,cleanup_dead_unused_code,early_return,low,3.0,2,dead_code|early_return|unused_vars,10,O(1),3,95.33,1,18,3.0,False,False,True,False,False,False,False,False,False,False,True,False,False,False,False,True,False,False,False,1,2,cleanup_dead_unused_code
large_input,cleanup_dead_unused_code,dead_code,medium,7.0,4,dead_code|early_return|unused_vars,10,O(1),3,95.33,2,18,1.0,False,True,False,False,False,False,False,False,False,False,True,False,False,False,True,False,False,False,False,1,2,cleanup_dead_unused_code
large_input,cleanup_dead_unused_code,unused_vars,low,3.0,9,dead_code|early_return|unused_vars,10,O(1),3,95.33,1,18,4.0,False,False,False,False,False,False,False,False,False,True,True,False,False,False,True,False,False,False,False,1,2,cleanup_dead_unused_code
large_input,cleanup_dead_unused_code,early_return,low,3.0,2,dead_code|early_return|unused_vars,10,O(1),3,95.33,1,18,3.0,False,False,True,False,False,False,False,False,False,False,True,False,False,False,True,False,False,False,False,1,2,cleanup_dead_unused_code
with_setup_noise,cleanup_dead_unused_code,dead_code,medium,7.0,6,constant_folding|dead_code|early_return|unused_vars,13,O(1),4,95.64,2,18,0.25,False,True,False,False,False,False,False,False,False,False,True,False,False,False,False,False,False,False,True,1,2,cleanup_dead_unused_code
with_setup_noise,cleanup_dead_unused_code,unused_vars,low,3.0,11,constant_folding|dead_code|early_return|unused_vars,13,O(1),4,95.64,1,18,5.25,False,False,False,False,False,False,False,False,False,True,True,False,False,False,False,False,False,False,True,1,2,cleanup_dead_unused_code
with_setup_noise,cleanup_dead_unused_code,early_return,low,3.0,4,constant_folding|dead_code|early_return|unused_vars,13,O(1),4,95.64,1,18,1.75,False,False,True,False,False,False,False,False,False,False,True,False,False,False,False,False,False,False,True,1,2,cleanup_dead_unused_code
with_setup_noise,cleanup_dead_unused_code,constant_folding,low,2.0,2,constant_folding|dead_code|early_return|unused_vars,13,O(1),4,95.64,1,18,3.75,True,False,False,False,False,False,False,False,False,False,True,False,False,False,False,False,False,False,True,1,2,cleanup_dead_unused_code
with_branch_noise,cleanup_dead_unused_code,dead_code,medium,7.0,9,dead_code|early_return|unused_vars,16,O(1),3,97.08,2,18,1.0,False,True,False,False,False,False,False,False,False,False,True,False,False,False,False,False,False,True,False,1,2,cleanup_dead_unused_code
with_branch_noise,cleanup_dead_unused_code,unused_vars,low,3.0,14,dead_code|early_return|unused_vars,16,O(1),3,97.08,1,18,4.0,False,False,False,False,False,False,False,False,False,True,True,False,False,False,False,False,False,True,False,1,2,cleanup_dead_unused_code
with_branch_noise,cleanup_dead_unused_code,early_return,low,3.0,7,dead_code|early_return|unused_vars,16,O(1),3,97.08,1,18,3.0,False,False,True,False,False,False,False,False,False,False,True,False,False,False,False,False,False,True,False,1,2,cleanup_dead_unused_code
small_input,cleanup_dead_unused_code,dead_code,medium,7.0,4,dead_code|early_return|unused_vars,10,O(1),3,95.33,2,18,1.0,False,True,False,False,False,False,False,False,False,False,True,False,False,False,False,False,True,False,False,1,2,cleanup_dead_unused_code
small_input,cleanup_dead_unused_code,unused_vars,low,3.0,9,dead_code|early_return|unused_vars,10,O(1),3,95.33,1,18,4.0,False,False,False,False,False,False,False,False,False,True,True,False,False,False,False,False,True,False,False,1,2,cleanup_dead_unused_code
small_input,cleanup_dead_unused_code,early_return,low,3.0,2,dead_code|early_return|unused_vars,10,O(1),3,95.33,1,18,3.0,False,False,True,False,False,False,False,False,False,False,True,False,False,False,False,False,True,False,False,1,2,cleanup_dead_unused_code
medium_input,cleanup_dead_unused_code,dead_code,medium,7.0,4,dead_code|early_return|unused_vars,10,O(1),3,95.33,2,18,1.0,False,True,False,False,False,False,False,False,False,False,True,False,False,False,False,True,False,False,False,1,2,cleanup_dead_unused_code
medium_input,cleanup_dead_unused_code,unused_vars,low,3.0,9,dead_code|early_return|unused_vars,10,O(1),3,95.33,1,18,4.0,False,False,False,False,False,False,False,False,False,True,True,False,False,False,False,True,False,False,False,1,2,cleanup_dead_unused_code
medium_input,cleanup_dead_unused_code,early_return,low,3.0,2,dead_code|early_return|unused_vars,10,O(1),3,95.33,1,18,3.0,False,False,True,False,False,False,False,False,False,False,True,False,False,False,False,True,False,False,False,1,2,cleanup_dead_unused_code
large_input,cleanup_dead_unused_code,dead_code,medium,7.0,4,dead_code|early_return|unused_vars,10,O(1),3,95.33,2,18,1.0,False,True,False,False,False,False,False,False,False,False,True,False,False,False,True,False,False,False,False,1,2,cleanup_dead_unused_code
large_input,cleanup_dead_unused_code,unused_vars,low,3.0,9,dead_code|early_return|unused_vars,10,O(1),3,95.33,1,18,4.0,False,False,False,False,False,False,False,False,False,True,True,False,False,False,True,False,False,False,False,1,2,cleanup_dead_unused_code
large_input,cleanup_dead_unused_code,early_return,low,3.0,2,dead_code|early_return|unused_vars,10,O(1),3,95.33,1,18,3.0,False,False,True,False,False,False,False,False,False,False,True,False,False,False,True,False,False,False,False,1,2,cleanup_dead_unused_code
with_setup_noise,cleanup_dead_unused_code,dead_code,medium,7.0,6,constant_folding|dead_code|early_return|unused_vars,13,O(1),4,95.64,2,18,0.25,False,True,False,False,False,False,False,False,False,False,True,False,False,False,False,False,False,False,True,1,2,cleanup_dead_unused_code
with_setup_noise,cleanup_dead_unused_code,unused_vars,low,3.0,11,constant_folding|dead_code|early_return|unused_vars,13,O(1),4,95.64,1,18,5.25,False,False,False,False,False,False,False,False,False,True,True,False,False,False,False,False,False,False,True,1,2,cleanup_dead_unused_code
with_setup_noise,cleanup_dead_unused_code,early_return,low,3.0,4,constant_folding|dead_code|early_return|unused_vars,13,O(1),4,95.64,1,18,1.75,False,False,True,False,False,False,False,False,False,False,True,False,False,False,False,False,False,False,True,1,2,cleanup_dead_unused_code
with_setup_noise,cleanup_dead_unused_code,constant_folding,low,2.0,2,constant_folding|dead_code|early_return|unused_vars,13,O(1),4,95.64,1,18,3.75,True,False,False,False,False,False,False,False,False,False,True,False,False,False,False,False,False,False,True,1,2,cleanup_dead_unused_code
with_branch_noise,cleanup_dead_unused_code,dead_code,medium,7.0,9,dead_code|early_return|unused_vars,16,O(1),3,97.08,2,18,1.0,False,True,False,False,False,False,False,False,False,False,True,False,False,False,False,False,False,True,False,1,2,cleanup_dead_unused_code
with_branch_noise,cleanup_dead_unused_code,unused_vars,low,3.0,14,dead_code|early_return|unused_vars,16,O(1),3,97.08,1,18,4.0,False,False,False,False,False,False,False,False,False,True,True,False,False,False,False,False,False,True,False,1,2,cleanup_dead_unused_code
with_branch_noise,cleanup_dead_unused_code,early_return,low,3.0,7,dead_code|early_return|unused_vars,16,O(1),3,97.08,1,18,3.0,False,False,True,False,False,False,False,False,False,False,True,False,False,False,False,False,False,True,False,1,2,cleanup_dead_unused_code
small_input,cleanup_dead_unused_code,dead_code,medium,7.0,4,dead_code|early_return|unused_vars,10,O(1),3,95.33,2,18,1.0,False,True,False,False,False,False,False,False,False,False,True,False,False,False,False,False,True,False,False,1,2,cleanup_dead_unused_code
small_input,cleanup_dead_unused_code,unused_vars,low,3.0,9,dead_code|early_return|unused_vars,10,O(1),3,95.33,1,18,4.0,False,False,False,False,False,False,False,False,False,True,True,False,False,False,False,False,True,False,False,1,2,cleanup_dead_unused_code
small_input,cleanup_dead_unused_code,early_return,low,3.0,2,dead_code|early_return|unused_vars,10,O(1),3,95.33,1,18,3.0,False,False,True,False,False,False,False,False,False,False,True,False,False,False,False,False,True,False,False,1,2,cleanup_dead_unused_code
medium_input,cleanup_dead_unused_code,dead_code,medium,7.0,4,dead_code|early_return|unused_vars,10,O(1),3,95.33,2,18,1.0,False,True,False,False,False,False,False,False,False,False,True,False,False,False,False,True,False,False,False,1,2,cleanup_dead_unused_code
medium_input,cleanup_dead_unused_code,unused_vars,low,3.0,9,dead_code|early_return|unused_vars,10,O(1),3,95.33,1,18,4.0,False,False,False,False,False,False,False,False,False,True,True,False,False,False,False,True,False,False,False,1,2,cleanup_dead_unused_code
medium_input,cleanup_dead_unused_code,early_return,low,3.0,2,dead_code|early_return|unused_vars,10,O(1),3,95.33,1,18,3.0,False,False,True,False,False,False,False,False,False,False,True,False,False,False,False,True,False,False,False,1,2,cleanup_dead_unused_code
large_input,cleanup_dead_unused_code,dead_code,medium,7.0,4,dead_code|early_return|unused_vars,10,O(1),3,95.33,2,18,1.0,False,True,False,False,False,False,False,False,False,False,True,False,False,False,True,False,False,False,False,1,2,cleanup_dead_unused_code
large_input,cleanup_dead_unused_code,unused_vars,low,3.0,9,dead_code|early_return|unused_vars,10,O(1),3,95.33,1,18,4.0,False,False,False,False,False,False,False,False,False,True,True,False,False,False,True,False,False,False,False,1,2,cleanup_dead_unused_code
large_input,cleanup_dead_unused_code,early_return,low,3.0,2,dead_code|early_return|unused_vars,10,O(1),3,95.33,1,18,3.0,False,False,True,False,False,False,False,False,False,False,True,False,False,False,True,False,False,False,False,1,2,cleanup_dead_unused_code
with_setup_noise,cleanup_dead_unused_code,dead_code,medium,7.0,6,constant_folding|dead_code|early_return|unused_vars,13,O(1),4,95.64,2,18,0.25,False,True,False,False,False,False,False,False,False,False,True,False,False,False,False,False,False,False,True,1,2,cleanup_dead_unused_code
with_setup_noise,cleanup_dead_unused_code,unused_vars,low,3.0,11,constant_folding|dead_code|early_return|unused_vars,13,O(1),4,95.64,1,18,5.25,False,False,False,False,False,False,False,False,False,True,True,False,False,False,False,False,False,False,True,1,2,cleanup_dead_unused_code
with_setup_noise,cleanup_dead_unused_code,early_return,low,3.0,4,constant_folding|dead_code|early_return|unused_vars,13,O(1),4,95.64,1,18,1.75,False,False,True,False,False,False,False,False,False,False,True,False,False,False,False,False,False,False,True,1,2,cleanup_dead_unused_code
with_setup_noise,cleanup_dead_unused_code,constant_folding,low,2.0,2,constant_folding|dead_code|early_return|unused_vars,13,O(1),4,95.64,1,18,3.75,True,False,False,False,False,False,False,False,False,False,True,False,False,False,False,False,False,False,True,1,2,cleanup_dead_unused_code
with_branch_noise,cleanup_dead_unused_code,dead_code,medium,7.0,9,dead_code|early_return|unused_vars,16,O(1),3,97.08,2,18,1.0,False,True,False,False,False,False,False,False,False,False,True,False,False,False,False,False,False,True,False,1,2,cleanup_dead_unused_code
with_branch_noise,cleanup_dead_unused_code,unused_vars,low,3.0,14,dead_code|early_return|unused_vars,16,O(1),3,97.08,1,18,4.0,False,False,False,False,False,False,False,False,False,True,True,False,False,False,False,False,False,True,False,1,2,cleanup_dead_unused_code
with_branch_noise,cleanup_dead_unused_code,early_return,low,3.0,7,dead_code|early_return|unused_vars,16,O(1),3,97.08,1,18,3.0,False,False,True,False,False,False,False,False,False,False,True,False,False,False,False,False,False,True,False,1,2,cleanup_dead_unused_code
small_input,cleanup_dead_unused_code,dead_code,medium,7.0,4,dead_code|early_return|unused_vars,10,O(1),3,95.33,2,18,1.0,False,True,False,False,False,False,False,False,False,False,True,False,False,False,False,False,True,False,False,1,2,cleanup_dead_unused_code
small_input,cleanup_dead_unused_code,unused_vars,low,3.0,9,dead_code|early_return|unused_vars,10,O(1),3,95.33,1,18,4.0,False,False,False,False,False,False,False,False,False,True,True,False,False,False,False,False,True,False,False,1,2,cleanup_dead_unused_code
small_input,cleanup_dead_unused_code,early_return,low,3.0,2,dead_code|early_return|unused_vars,10,O(1),3,95.33,1,18,3.0,False,False,True,False,False,False,False,False,False,False,True,False,False,False,False,False,True,False,False,1,2,cleanup_dead_unused_code
medium_input,cleanup_dead_unused_code,dead_code,medium,7.0,4,dead_code|early_return|unused_vars,10,O(1),3,95.33,2,18,1.0,False,True,False,False,False,False,False,False,False,False,True,False,False,False,False,True,False,False,False,1,2,cleanup_dead_unused_code
medium_input,cleanup_dead_unused_code,unused_vars,low,3.0,9,dead_code|early_return|unused_vars,10,O(1),3,95.33,1,18,4.0,False,False,False,False,False,False,False,False,False,True,True,False,False,False,False,True,False,False,False,1,2,cleanup_dead_unused_code
medium_input,cleanup_dead_unused_code,early_return,low,3.0,2,dead_code|early_return|unused_vars,10,O(1),3,95.33,1,18,3.0,False,False,True,False,False,False,False,False,False,False,True,False,False,False,False,True,False,False,False,1,2,cleanup_dead_unused_code
large_input,cleanup_dead_unused_code,dead_code,medium,7.0,4,dead_code|early_return|unused_vars,10,O(1),3,95.33,2,18,1.0,False,True,False,False,False,False,False,False,False,False,True,False,False,False,True,False,False,False,False,1,2,cleanup_dead_unused_code
large_input,cleanup_dead_unused_code,unused_vars,low,3.0,9,dead_code|early_return|unused_vars,10,O(1),3,95.33,1,18,4.0,False,False,False,False,False,False,False,False,False,True,True,False,False,False,True,False,False,False,False,1,2,cleanup_dead_unused_code
large_input,cleanup_dead_unused_code,early_return,low,3.0,2,dead_code|early_return|unused_vars,10,O(1),3,95.33,1,18,3.0,False,False,True,False,False,False,False,False,False,False,True,False,False,False,True,False,False,False,False,1,2,cleanup_dead_unused_code
with_setup_noise,cleanup_dead_unused_code,dead_code,medium,7.0,6,constant_folding|dead_code|early_return|unused_vars,13,O(1),4,95.64,2,18,0.25,False,True,False,False,False,False,False,False,False,False,True,False,False,False,False,False,False,False,True,1,2,cleanup_dead_unused_code
with_setup_noise,cleanup_dead_unused_code,unused_vars,low,3.0,11,constant_folding|dead_code|early_return|unused_vars,13,O(1),4,95.64,1,18,5.25,False,False,False,False,False,False,False,False,False,True,True,False,False,False,False,False,False,False,True,1,2,cleanup_dead_unused_code
with_setup_noise,cleanup_dead_unused_code,early_return,low,3.0,4,constant_folding|dead_code|early_return|unused_vars,13,O(1),4,95.64,1,18,1.75,False,False,True,False,False,False,False,False,False,False,True,False,False,False,False,False,False,False,True,1,2,cleanup_dead_unused_code
with_setup_noise,cleanup_dead_unused_code,constant_folding,low,2.0,2,constant_folding|dead_code|early_return|unused_vars,13,O(1),4,95.64,1,18,3.75,True,False,False,False,False,False,False,False,False,False,True,False,False,False,False,False,False,False,True,1,2,cleanup_dead_unused_code
with_branch_noise,cleanup_dead_unused_code,dead_code,medium,7.0,9,dead_code|early_return|unused_vars,16,O(1),3,97.08,2,18,1.0,False,True,False,False,False,False,False,False,False,False,True,False,False,False,False,False,False,True,False,1,2,cleanup_dead_unused_code
with_branch_noise,cleanup_dead_unused_code,unused_vars,low,3.0,14,dead_code|early_return|unused_vars,16,O(1),3,97.08,1,18,4.0,False,False,False,False,False,False,False,False,False,True,True,False,False,False,False,False,False,True,False,1,2,cleanup_dead_unused_code
with_branch_noise,cleanup_dead_unused_code,early_return,low,3.0,7,dead_code|early_return|unused_vars,16,O(1),3,97.08,1,18,3.0,False,False,True,False,False,False,False,False,False,False,True,False,False,False,False,False,False,True,False,1,2,cleanup_dead_unused_code
small_input,cleanup_dead_unused_code,dead_code,medium,7.0,4,dead_code|early_return|unused_vars,10,O(1),3,95.33,2,18,1.0,False,True,False,False,False,False,False,False,False,False,True,False,False,False,False,False,True,False,False,1,2,cleanup_dead_unused_code
small_input,cleanup_dead_unused_code,unused_vars,low,3.0,9,dead_code|early_return|unused_vars,10,O(1),3,95.33,1,18,4.0,False,False,False,False,False,False,False,False,False,True,True,False,False,False,False,False,True,False,False,1,2,cleanup_dead_unused_code
small_input,cleanup_dead_unused_code,early_return,low,3.0,2,dead_code|early_return|unused_vars,10,O(1),3,95.33,1,18,3.0,False,False,True,False,False,False,False,False,False,False,True,False,False,False,False,False,True,False,False,1,2,cleanup_dead_unused_code
medium_input,cleanup_dead_unused_code,dead_code,medium,7.0,4,dead_code|early_return|unused_vars,10,O(1),3,95.33,2,18,1.0,False,True,False,False,False,False,False,False,False,False,True,False,False,False,False,True,False,False,False,1,2,cleanup_dead_unused_code
medium_input,cleanup_dead_unused_code,unused_vars,low,3.0,9,dead_code|early_return|unused_vars,10,O(1),3,95.33,1,18,4.0,False,False,False,False,False,False,False,False,False,True,True,False,False,False,False,True,False,False,False,1,2,cleanup_dead_unused_code
medium_input,cleanup_dead_unused_code,early_return,low,3.0,2,dead_code|early_return|unused_vars,10,O(1),3,95.33,1,18,3.0,False,False,True,False,False,False,False,False,False,False,True,False,False,False,False,True,False,False,False,1,2,cleanup_dead_unused_code
large_input,cleanup_dead_unused_code,dead_code,medium,7.0,4,dead_code|early_return|unused_vars,10,O(1),3,95.33,2,18,1.0,False,True,False,False,False,False,False,False,False,False,True,False,False,False,True,False,False,False,False,1,2,cleanup_dead_unused_code
large_input,cleanup_dead_unused_code,unused_vars,low,3.0,9,dead_code|early_return|unused_vars,10,O(1),3,95.33,1,18,4.0,False,False,False,False,False,False,False,False,False,True,True,False,False,False,True,False,False,False,False,1,2,cleanup_dead_unused_code
large_input,cleanup_dead_unused_code,early_return,low,3.0,2,dead_code|early_return|unused_vars,10,O(1),3,95.33,1,18,3.0,False,False,True,False,False,False,False,False,False,False,True,False,False,False,True,False,False,False,False,1,2,cleanup_dead_unused_code
with_setup_noise,cleanup_dead_unused_code,dead_code,medium,7.0,6,constant_folding|dead_code|early_return|unused_vars,13,O(1),4,95.64,2,18,0.25,False,True,False,False,False,False,False,False,False,False,True,False,False,False,False,False,False,False,True,1,2,cleanup_dead_unused_code
with_setup_noise,cleanup_dead_unused_code,unused_vars,low,3.0,11,constant_folding|dead_code|early_return|unused_vars,13,O(1),4,95.64,1,18,5.25,False,False,False,False,False,False,False,False,False,True,True,False,False,False,False,False,False,False,True,1,2,cleanup_dead_unused_code
with_setup_noise,cleanup_dead_unused_code,early_return,low,3.0,4,constant_folding|dead_code|early_return|unused_vars,13,O(1),4,95.64,1,18,1.75,False,False,True,False,False,False,False,False,False,False,True,False,False,False,False,False,False,False,True,1,2,cleanup_dead_unused_code
with_setup_noise,cleanup_dead_unused_code,constant_folding,low,2.0,2,constant_folding|dead_code|early_return|unused_vars,13,O(1),4,95.64,1,18,3.75,True,False,False,False,False,False,False,False,False,False,True,False,False,False,False,False,False,False,True,1,2,cleanup_dead_unused_code
with_branch_noise,cleanup_dead_unused_code,dead_code,medium,7.0,9,dead_code|early_return|unused_vars,16,O(1),3,97.08,2,18,1.0,False,True,False,False,False,False,False,False,False,False,True,False,False,False,False,False,False,True,False,1,2,cleanup_dead_unused_code
with_branch_noise,cleanup_dead_unused_code,unused_vars,low,3.0,14,dead_code|early_return|unused_vars,16,O(1),3,97.08,1,18,4.0,False,False,False,False,False,False,False,False,False,True,True,False,False,False,False,False,False,True,False,1,2,cleanup_dead_unused_code
with_branch_noise,cleanup_dead_unused_code,early_return,low,3.0,7,dead_code|early_return|unused_vars,16,O(1),3,97.08,1,18,3.0,False,False,True,False,False,False,False,False,False,False,True,False,False,False,False,False,False,True,False,1,2,cleanup_dead_unused_code
small_input,cleanup_dead_unused_code,dead_code,medium,7.0,4,dead_code|early_return|unused_vars,10,O(1),3,95.33,2,18,1.0,False,True,False,False,False,False,False,False,False,False,True,False,False,False,False,False,True,False,False,1,2,cleanup_dead_unused_code
small_input,cleanup_dead_unused_code,unused_vars,low,3.0,9,dead_code|early_return|unused_vars,10,O(1),3,95.33,1,18,4.0,False,False,False,False,False,False,False,False,False,True,True,False,False,False,False,False,True,False,False,1,2,cleanup_dead_unused_code
small_input,cleanup_dead_unused_code,early_return,low,3.0,2,dead_code|early_return|unused_vars,10,O(1),3,95.33,1,18,3.0,False,False,True,False,False,False,False,False,False,False,True,False,False,False,False,False,True,False,False,1,2,cleanup_dead_unused_code
medium_input,cleanup_dead_unused_code,dead_code,medium,7.0,4,dead_code|early_return|unused_vars,10,O(1),3,95.33,2,18,1.0,False,True,False,False,False,False,False,False,False,False,True,False,False,False,False,True,False,False,False,1,2,cleanup_dead_unused_code
medium_input,cleanup_dead_unused_code,unused_vars,low,3.0,9,dead_code|early_return|unused_vars,10,O(1),3,95.33,1,18,4.0,False,False,False,False,False,False,False,False,False,True,True,False,False,False,False,True,False,False,False,1,2,cleanup_dead_unused_code
medium_input,cleanup_dead_unused_code,early_return,low,3.0,2,dead_code|early_return|unused_vars,10,O(1),3,95.33,1,18,3.0,False,False,True,False,False,False,False,False,False,False,True,False,False,False,False,True,False,False,False,1,2,cleanup_dead_unused_code
large_input,cleanup_dead_unused_code,dead_code,medium,7.0,4,dead_code|early_return|unused_vars,10,O(1),3,95.33,2,18,1.0,False,True,False,False,False,False,False,False,False,False,True,False,False,False,True,False,False,False,False,1,2,cleanup_dead_unused_code
large_input,cleanup_dead_unused_code,unused_vars,low,3.0,9,dead_code|early_return|unused_vars,10,O(1),3,95.33,1,18,4.0,False,False,False,False,False,False,False,False,False,True,True,False,False,False,True,False,False,False,False,1,2,cleanup_dead_unused_code
large_input,cleanup_dead_unused_code,early_return,low,3.0,2,dead_code|early_return|unused_vars,10,O(1),3,95.33,1,18,3.0,False,False,True,False,False,False,False,False,False,False,True,False,False,False,True,False,False,False,False,1,2,cleanup_dead_unused_code
with_setup_noise,cleanup_dead_unused_code,dead_code,medium,7.0,6,constant_folding|dead_code|early_return|unused_vars,13,O(1),4,95.64,2,18,0.25,False,True,False,False,False,False,False,False,False,False,True,False,False,False,False,False,False,False,True,1,2,cleanup_dead_unused_code
with_setup_noise,cleanup_dead_unused_code,unused_vars,low,3.0,11,constant_folding|dead_code|early_return|unused_vars,13,O(1),4,95.64,1,18,5.25,False,False,False,False,False,False,False,False,False,True,True,False,False,False,False,False,False,False,True,1,2,cleanup_dead_unused_code
with_setup_noise,cleanup_dead_unused_code,early_return,low,3.0,4,constant_folding|dead_code|early_return|unused_vars,13,O(1),4,95.64,1,18,1.75,False,False,True,False,False,False,False,False,False,False,True,False,False,False,False,False,False,False,True,1,2,cleanup_dead_unused_code
with_setup_noise,cleanup_dead_unused_code,constant_folding,low,2.0,2,constant_folding|dead_code|early_return|unused_vars,13,O(1),4,95.64,1,18,3.75,True,False,False,False,False,False,False,False,False,False,True,False,False,False,False,False,False,False,True,1,2,cleanup_dead_unused_code
with_branch_noise,cleanup_dead_unused_code,dead_code,medium,7.0,9,dead_code|early_return|unused_vars,16,O(1),3,97.08,2,18,1.0,False,True,False,False,False,False,False,False,False,False,True,False,False,False,False,False,False,True,False,1,2,cleanup_dead_unused_code
with_branch_noise,cleanup_dead_unused_code,unused_vars,low,3.0,14,dead_code|early_return|unused_vars,16,O(1),3,97.08,1,18,4.0,False,False,False,False,False,False,False,False,False,True,True,False,False,False,False,False,False,True,False,1,2,cleanup_dead_unused_code
with_branch_noise,cleanup_dead_unused_code,early_return,low,3.0,7,dead_code|early_return|unused_vars,16,O(1),3,97.08,1,18,3.0,False,False,True,False,False,False,False,False,False,False,True,False,False,False,False,False,False,True,False,1,2,cleanup_dead_unused_code
small_input,cleanup_dead_unused_code,dead_code,medium,7.0,4,dead_code|early_return|unused_vars,10,O(1),3,95.33,2,18,1.0,False,True,False,False,False,False,False,False,False,False,True,False,False,False,False,False,True,False,False,1,2,cleanup_dead_unused_code
small_input,cleanup_dead_unused_code,unused_vars,low,3.0,9,dead_code|early_return|unused_vars,10,O(1),3,95.33,1,18,4.0,False,False,False,False,False,False,False,False,False,True,True,False,False,False,False,False,True,False,False,1,2,cleanup_dead_unused_code
small_input,cleanup_dead_unused_code,early_return,low,3.0,2,dead_code|early_return|unused_vars,10,O(1),3,95.33,1,18,3.0,False,False,True,False,False,False,False,False,False,False,True,False,False,False,False,False,True,False,False,1,2,cleanup_dead_unused_code
medium_input,cleanup_dead_unused_code,dead_code,medium,7.0,4,dead_code|early_return|unused_vars,10,O(1),3,95.33,2,18,1.0,False,True,False,False,False,False,False,False,False,False,True,False,False,False,False,True,False,False,False,1,2,cleanup_dead_unused_code
medium_input,cleanup_dead_unused_code,unused_vars,low,3.0,9,dead_code|early_return|unused_vars,10,O(1),3,95.33,1,18,4.0,False,False,False,False,False,False,False,False,False,True,True,False,False,False,False,True,False,False,False,1,2,cleanup_dead_unused_code
medium_input,cleanup_dead_unused_code,early_return,low,3.0,2,dead_code|early_return|unused_vars,10,O(1),3,95.33,1,18,3.0,False,False,True,False,False,False,False,False,False,False,True,False,False,False,False,True,False,False,False,1,2,cleanup_dead_unused_code
large_input,cleanup_dead_unused_code,dead_code,medium,7.0,4,dead_code|early_return|unused_vars,10,O(1),3,95.33,2,18,1.0,False,True,False,False,False,False,False,False,False,False,True,False,False,False,True,False,False,False,False,1,2,cleanup_dead_unused_code
large_input,cleanup_dead_unused_code,unused_vars,low,3.0,9,dead_code|early_return|unused_vars,10,O(1),3,95.33,1,18,4.0,False,False,False,False,False,False,False,False,False,True,True,False,False,False,True,False,False,False,False,1,2,cleanup_dead_unused_code
large_input,cleanup_dead_unused_code,early_return,low,3.0,2,dead_code|early_return|unused_vars,10,O(1),3,95.33,1,18,3.0,False,False,True,False,False,False,False,False,False,False,True,False,False,False,True,False,False,False,False,1,2,cleanup_dead_unused_code
with_setup_noise,cleanup_dead_unused_code,dead_code,medium,7.0,6,constant_folding|dead_code|early_return|unused_vars,13,O(1),4,95.64,2,18,0.25,False,True,False,False,False,False,False,False,False,False,True,False,False,False,False,False,False,False,True,1,2,cleanup_dead_unused_code
with_setup_noise,cleanup_dead_unused_code,unused_vars,low,3.0,11,constant_folding|dead_code|early_return|unused_vars,13,O(1),4,95.64,1,18,5.25,False,False,False,False,False,False,False,False,False,True,True,False,False,False,False,False,False,False,True,1,2,cleanup_dead_unused_code
with_setup_noise,cleanup_dead_unused_code,early_return,low,3.0,4,constant_folding|dead_code|early_return|unused_vars,13,O(1),4,95.64,1,18,1.75,False,False,True,False,False,False,False,False,False,False,True,False,False,False,False,False,False,False,True,1,2,cleanup_dead_unused_code
with_setup_noise,cleanup_dead_unused_code,constant_folding,low,2.0,2,constant_folding|dead_code|early_return|unused_vars,13,O(1),4,95.64,1,18,3.75,True,False,False,False,False,False,False,False,False,False,True,False,False,False,False,False,False,False,True,1,2,cleanup_dead_unused_code
with_branch_noise,cleanup_dead_unused_code,dead_code,medium,7.0,9,dead_code|early_return|unused_vars,16,O(1),3,97.08,2,18,1.0,False,True,False,False,False,False,False,False,False,False,True,False,False,False,False,False,False,True,False,1,2,cleanup_dead_unused_code
with_branch_noise,cleanup_dead_unused_code,unused_vars,low,3.0,14,dead_code|early_return|unused_vars,16,O(1),3,97.08,1,18,4.0,False,False,False,False,False,False,False,False,False,True,True,False,False,False,False,False,False,True,False,1,2,cleanup_dead_unused_code
with_branch_noise,cleanup_dead_unused_code,early_return,low,3.0,7,dead_code|early_return|unused_vars,16,O(1),3,97.08,1,18,3.0,False,False,True,False,False,False,False,False,False,False,True,False,False,False,False,False,False,True,False,1,2,cleanup_dead_unused_code
small_input,cleanup_dead_unused_code,dead_code,medium,7.0,4,dead_code|early_return|unused_vars,10,O(1),3,95.33,2,18,1.0,False,True,False,False,False,False,False,False,False,False,True,False,False,False,False,False,True,False,False,1,2,cleanup_dead_unused_code
small_input,cleanup_dead_unused_code,unused_vars,low,3.0,9,dead_code|early_return|unused_vars,10,O(1),3,95.33,1,18,4.0,False,False,False,False,False,False,False,False,False,True,True,False,False,False,False,False,True,False,False,1,2,cleanup_dead_unused_code
small_input,cleanup_dead_unused_code,early_return,low,3.0,2,dead_code|early_return|unused_vars,10,O(1),3,95.33,1,18,3.0,False,False,True,False,False,False,False,False,False,False,True,False,False,False,False,False,True,False,False,1,2,cleanup_dead_unused_code
medium_input,cleanup_dead_unused_code,dead_code,medium,7.0,4,dead_code|early_return|unused_vars,10,O(1),3,95.33,2,18,1.0,False,True,False,False,False,False,False,False,False,False,True,False,False,False,False,True,False,False,False,1,2,cleanup_dead_unused_code
medium_input,cleanup_dead_unused_code,unused_vars,low,3.0,9,dead_code|early_return|unused_vars,10,O(1),3,95.33,1,18,4.0,False,False,False,False,False,False,False,False,False,True,True,False,False,False,False,True,False,False,False,1,2,cleanup_dead_unused_code
medium_input,cleanup_dead_unused_code,early_return,low,3.0,2,dead_code|early_return|unused_vars,10,O(1),3,95.33,1,18,3.0,False,False,True,False,False,False,False,False,False,False,True,False,False,False,False,True,False,False,False,1,2,cleanup_dead_unused_code
large_input,cleanup_dead_unused_code,dead_code,medium,7.0,4,dead_code|early_return|unused_vars,10,O(1),3,95.33,2,18,1.0,False,True,False,False,False,False,False,False,False,False,True,False,False,False,True,False,False,False,False,1,2,cleanup_dead_unused_code
large_input,cleanup_dead_unused_code,unused_vars,low,3.0,9,dead_code|early_return|unused_vars,10,O(1),3,95.33,1,18,4.0,False,False,False,False,False,False,False,False,False,True,True,False,False,False,True,False,False,False,False,1,2,cleanup_dead_unused_code
large_input,cleanup_dead_unused_code,early_return,low,3.0,2,dead_code|early_return|unused_vars,10,O(1),3,95.33,1,18,3.0,False,False,True,False,False,False,False,False,False,False,True,False,False,False,True,False,False,False,False,1,2,cleanup_dead_unused_code
with_setup_noise,cleanup_dead_unused_code,dead_code,medium,7.0,6,constant_folding|dead_code|early_return|unused_vars,13,O(1),4,95.64,2,18,0.25,False,True,False,False,False,False,False,False,False,False,True,False,False,False,False,False,False,False,True,1,2,cleanup_dead_unused_code
with_setup_noise,cleanup_dead_unused_code,unused_vars,low,3.0,11,constant_folding|dead_code|early_return|unused_vars,13,O(1),4,95.64,1,18,5.25,False,False,False,False,False,False,False,False,False,True,True,False,False,False,False,False,False,False,True,1,2,cleanup_dead_unused_code
with_setup_noise,cleanup_dead_unused_code,early_return,low,3.0,4,constant_folding|dead_code|early_return|unused_vars,13,O(1),4,95.64,1,18,1.75,False,False,True,False,False,False,False,False,False,False,True,False,False,False,False,False,False,False,True,1,2,cleanup_dead_unused_code
with_setup_noise,cleanup_dead_unused_code,constant_folding,low,2.0,2,constant_folding|dead_code|early_return|unused_vars,13,O(1),4,95.64,1,18,3.75,True,False,False,False,False,False,False,False,False,False,True,False,False,False,False,False,False,False,True,1,2,cleanup_dead_unused_code
with_branch_noise,cleanup_dead_unused_code,dead_code,medium,7.0,9,dead_code|early_return|unused_vars,16,O(1),3,97.08,2,18,1.0,False,True,False,False,False,False,False,False,False,False,True,False,False,False,False,False,False,True,False,1,2,cleanup_dead_unused_code
with_branch_noise,cleanup_dead_unused_code,unused_vars,low,3.0,14,dead_code|early_return|unused_vars,16,O(1),3,97.08,1,18,4.0,False,False,False,False,False,False,False,False,False,True,True,False,False,False,False,False,False,True,False,1,2,cleanup_dead_unused_code
with_branch_noise,cleanup_dead_unused_code,early_return,low,3.0,7,dead_code|early_return|unused_vars,16,O(1),3,97.08,1,18,3.0,False,False,True,False,False,False,False,False,False,False,True,False,False,False,False,False,False,True,False,1,2,cleanup_dead_unused_code
small_input,cleanup_dead_unused_code,dead_code,medium,7.0,4,dead_code|early_return|unused_vars,10,O(1),3,95.33,2,18,1.0,False,True,False,False,False,False,False,False,False,False,True,False,False,False,False,False,True,False,False,1,2,cleanup_dead_unused_code
small_input,cleanup_dead_unused_code,unused_vars,low,3.0,9,dead_code|early_return|unused_vars,10,O(1),3,95.33,1,18,4.0,False,False,False,False,False,False,False,False,False,True,True,False,False,False,False,False,True,False,False,1,2,cleanup_dead_unused_code
small_input,cleanup_dead_unused_code,early_return,low,3.0,2,dead_code|early_return|unused_vars,10,O(1),3,95.33,1,18,3.0,False,False,True,False,False,False,False,False,False,False,True,False,False,False,False,False,True,False,False,1,2,cleanup_dead_unused_code
medium_input,cleanup_dead_unused_code,dead_code,medium,7.0,4,dead_code|early_return|unused_vars,10,O(1),3,95.33,2,18,1.0,False,True,False,False,False,False,False,False,False,False,True,False,False,False,False,True,False,False,False,1,2,cleanup_dead_unused_code
medium_input,cleanup_dead_unused_code,unused_vars,low,3.0,9,dead_code|early_return|unused_vars,10,O(1),3,95.33,1,18,4.0,False,False,False,False,False,False,False,False,False,True,True,False,False,False,False,True,False,False,False,1,2,cleanup_dead_unused_code
medium_input,cleanup_dead_unused_code,early_return,low,3.0,2,dead_code|early_return|unused_vars,10,O(1),3,95.33,1,18,3.0,False,False,True,False,False,False,False,False,False,False,True,False,False,False,False,True,False,False,False,1,2,cleanup_dead_unused_code
large_input,cleanup_dead_unused_code,dead_code,medium,7.0,4,dead_code|early_return|unused_vars,10,O(1),3,95.33,2,18,1.0,False,True,False,False,False,False,False,False,False,False,True,False,False,False,True,False,False,False,False,1,2,cleanup_dead_unused_code
large_input,cleanup_dead_unused_code,unused_vars,low,3.0,9,dead_code|early_return|unused_vars,10,O(1),3,95.33,1,18,4.0,False,False,False,False,False,False,False,False,False,True,True,False,False,False,True,False,False,False,False,1,2,cleanup_dead_unused_code
large_input,cleanup_dead_unused_code,early_return,low,3.0,2,dead_code|early_return|unused_vars,10,O(1),3,95.33,1,18,3.0,False,False,True,False,False,False,False,False,False,False,True,False,False,False,True,False,False,False,False,1,2,cleanup_dead_unused_code
with_setup_noise,cleanup_dead_unused_code,dead_code,medium,7.0,6,constant_folding|dead_code|early_return|unused_vars,13,O(1),4,95.64,2,18,0.25,False,True,False,False,False,False,False,False,False,False,True,False,False,False,False,False,False,False,True,1,2,cleanup_dead_unused_code
with_setup_noise,cleanup_dead_unused_code,unused_vars,low,3.0,11,constant_folding|dead_code|early_return|unused_vars,13,O(1),4,95.64,1,18,5.25,False,False,False,False,False,False,False,False,False,True,True,False,False,False,False,False,False,False,True,1,2,cleanup_dead_unused_code
with_setup_noise,cleanup_dead_unused_code,early_return,low,3.0,4,constant_folding|dead_code|early_return|unused_vars,13,O(1),4,95.64,1,18,1.75,False,False,True,False,False,False,False,False,False,False,True,False,False,False,False,False,False,False,True,1,2,cleanup_dead_unused_code
with_setup_noise,cleanup_dead_unused_code,constant_folding,low,2.0,2,constant_folding|dead_code|early_return|unused_vars,13,O(1),4,95.64,1,18,3.75,True,False,False,False,False,False,False,False,False,False,True,False,False,False,False,False,False,False,True,1,2,cleanup_dead_unused_code
with_branch_noise,cleanup_dead_unused_code,dead_code,medium,7.0,9,dead_code|early_return|unused_vars,16,O(1),3,97.08,2,18,1.0,False,True,False,False,False,False,False,False,False,False,True,False,False,False,False,False,False,True,False,1,2,cleanup_dead_unused_code
with_branch_noise,cleanup_dead_unused_code,unused_vars,low,3.0,14,dead_code|early_return|unused_vars,16,O(1),3,97.08,1,18,4.0,False,False,False,False,False,False,False,False,False,True,True,False,False,False,False,False,False,True,False,1,2,cleanup_dead_unused_code
with_branch_noise,cleanup_dead_unused_code,early_return,low,3.0,7,dead_code|early_return|unused_vars,16,O(1),3,97.08,1,18,3.0,False,False,True,False,False,False,False,False,False,False,True,False,False,False,False,False,False,True,False,1,2,cleanup_dead_unused_code
small_input,cleanup_dead_unused_code,dead_code,medium,7.0,4,dead_code|early_return|unused_vars,10,O(1),3,95.33,2,18,1.0,False,True,False,False,False,False,False,False,False,False,True,False,False,False,False,False,True,False,False,1,2,cleanup_dead_unused_code
small_input,cleanup_dead_unused_code,unused_vars,low,3.0,9,dead_code|early_return|unused_vars,10,O(1),3,95.33,1,18,4.0,False,False,False,False,False,False,False,False,False,True,True,False,False,False,False,False,True,False,False,1,2,cleanup_dead_unused_code
small_input,cleanup_dead_unused_code,early_return,low,3.0,2,dead_code|early_return|unused_vars,10,O(1),3,95.33,1,18,3.0,False,False,True,False,False,False,False,False,False,False,True,False,False,False,False,False,True,False,False,1,2,cleanup_dead_unused_code
medium_input,cleanup_dead_unused_code,dead_code,medium,7.0,4,dead_code|early_return|unused_vars,10,O(1),3,95.33,2,18,1.0,False,True,False,False,False,False,False,False,False,False,True,False,False,False,False,True,False,False,False,1,2,cleanup_dead_unused_code
medium_input,cleanup_dead_unused_code,unused_vars,low,3.0,9,dead_code|early_return|unused_vars,10,O(1),3,95.33,1,18,4.0,False,False,False,False,False,False,False,False,False,True,True,False,False,False,False,True,False,False,False,1,2,cleanup_dead_unused_code
medium_input,cleanup_dead_unused_code,early_return,low,3.0,2,dead_code|early_return|unused_vars,10,O(1),3,95.33,1,18,3.0,False,False,True,False,False,False,False,False,False,False,True,False,False,False,False,True,False,False,False,1,2,cleanup_dead_unused_code
large_input,cleanup_dead_unused_code,dead_code,medium,7.0,4,dead_code|early_return|unused_vars,10,O(1),3,95.33,2,18,1.0,False,True,False,False,False,False,False,False,False,False,True,False,False,False,True,False,False,False,False,1,2,cleanup_dead_unused_code
large_input,cleanup_dead_unused_code,unused_vars,low,3.0,9,dead_code|early_return|unused_vars,10,O(1),3,95.33,1,18,4.0,False,False,False,False,False,False,False,False,False,True,True,False,False,False,True,False,False,False,False,1,2,cleanup_dead_unused_code
large_input,cleanup_dead_unused_code,early_return,low,3.0,2,dead_code|early_return|unused_vars,10,O(1),3,95.33,1,18,3.0,False,False,True,False,False,False,False,False,False,False,True,False,False,False,True,False,False,False,False,1,2,cleanup_dead_unused_code
with_setup_noise,cleanup_dead_unused_code,dead_code,medium,7.0,6,constant_folding|dead_code|early_return|unused_vars,13,O(1),4,95.64,2,18,0.25,False,True,False,False,False,False,False,False,False,False,True,False,False,False,False,False,False,False,True,1,2,cleanup_dead_unused_code
with_setup_noise,cleanup_dead_unused_code,unused_vars,low,3.0,11,constant_folding|dead_code|early_return|unused_vars,13,O(1),4,95.64,1,18,5.25,False,False,False,False,False,False,False,False,False,True,True,False,False,False,False,False,False,False,True,1,2,cleanup_dead_unused_code
with_setup_noise,cleanup_dead_unused_code,early_return,low,3.0,4,constant_folding|dead_code|early_return|unused_vars,13,O(1),4,95.64,1,18,1.75,False,False,True,False,False,False,False,False,False,False,True,False,False,False,False,False,False,False,True,1,2,cleanup_dead_unused_code
with_setup_noise,cleanup_dead_unused_code,constant_folding,low,2.0,2,constant_folding|dead_code|early_return|unused_vars,13,O(1),4,95.64,1,18,3.75,True,False,False,False,False,False,False,False,False,False,True,False,False,False,False,False,False,False,True,1,2,cleanup_dead_unused_code
with_branch_noise,cleanup_dead_unused_code,dead_code,medium,7.0,9,dead_code|early_return|unused_vars,16,O(1),3,97.08,2,18,1.0,False,True,False,False,False,False,False,False,False,False,True,False,False,False,False,False,False,True,False,1,2,cleanup_dead_unused_code
with_branch_noise,cleanup_dead_unused_code,unused_vars,low,3.0,14,dead_code|early_return|unused_vars,16,O(1),3,97.08,1,18,4.0,False,False,False,False,False,False,False,False,False,True,True,False,False,False,False,False,False,True,False,1,2,cleanup_dead_unused_code
with_branch_noise,cleanup_dead_unused_code,early_return,low,3.0,7,dead_code|early_return|unused_vars,16,O(1),3,97.08,1,18,3.0,False,False,True,False,False,False,False,False,False,False,True,False,False,False,False,False,False,True,False,1,2,cleanup_dead_unused_code
small_input,cleanup_dead_unused_code,dead_code,medium,7.0,4,dead_code|early_return|unused_vars,10,O(1),3,95.33,2,18,1.0,False,True,False,False,False,False,False,False,False,False,True,False,False,False,False,False,True,False,False,1,2,cleanup_dead_unused_code
small_input,cleanup_dead_unused_code,unused_vars,low,3.0,9,dead_code|early_return|unused_vars,10,O(1),3,95.33,1,18,4.0,False,False,False,False,False,False,False,False,False,True,True,False,False,False,False,False,True,False,False,1,2,cleanup_dead_unused_code
small_input,cleanup_dead_unused_code,early_return,low,3.0,2,dead_code|early_return|unused_vars,10,O(1),3,95.33,1,18,3.0,False,False,True,False,False,False,False,False,False,False,True,False,False,False,False,False,True,False,False,1,2,cleanup_dead_unused_code
medium_input,cleanup_dead_unused_code,dead_code,medium,7.0,4,dead_code|early_return|unused_vars,10,O(1),3,95.33,2,18,1.0,False,True,False,False,False,False,False,False,False,False,True,False,False,False,False,True,False,False,False,1,2,cleanup_dead_unused_code
medium_input,cleanup_dead_unused_code,unused_vars,low,3.0,9,dead_code|early_return|unused_vars,10,O(1),3,95.33,1,18,4.0,False,False,False,False,False,False,False,False,False,True,True,False,False,False,False,True,False,False,False,1,2,cleanup_dead_unused_code
medium_input,cleanup_dead_unused_code,early_return,low,3.0,2,dead_code|early_return|unused_vars,10,O(1),3,95.33,1,18,3.0,False,False,True,False,False,False,False,False,False,False,True,False,False,False,False,True,False,False,False,1,2,cleanup_dead_unused_code
large_input,cleanup_dead_unused_code,dead_code,medium,7.0,4,dead_code|early_return|unused_vars,10,O(1),3,95.33,2,18,1.0,False,True,False,False,False,False,False,False,False,False,True,False,False,False,True,False,False,False,False,1,2,cleanup_dead_unused_code
large_input,cleanup_dead_unused_code,unused_vars,low,3.0,9,dead_code|early_return|unused_vars,10,O(1),3,95.33,1,18,4.0,False,False,False,False,False,False,False,False,False,True,True,False,False,False,True,False,False,False,False,1,2,cleanup_dead_unused_code
large_input,cleanup_dead_unused_code,early_return,low,3.0,2,dead_code|early_return|unused_vars,10,O(1),3,95.33,1,18,3.0,False,False,True,False,False,False,False,False,False,False,True,False,False,False,True,False,False,False,False,1,2,cleanup_dead_unused_code
with_setup_noise,cleanup_dead_unused_code,dead_code,medium,7.0,6,constant_folding|dead_code|early_return|unused_vars,13,O(1),4,95.64,2,18,0.25,False,True,False,False,False,False,False,False,False,False,True,False,False,False,False,False,False,False,True,1,2,cleanup_dead_unused_code
with_setup_noise,cleanup_dead_unused_code,unused_vars,low,3.0,11,constant_folding|dead_code|early_return|unused_vars,13,O(1),4,95.64,1,18,5.25,False,False,False,False,False,False,False,False,False,True,True,False,False,False,False,False,False,False,True,1,2,cleanup_dead_unused_code
with_setup_noise,cleanup_dead_unused_code,early_return,low,3.0,4,constant_folding|dead_code|early_return|unused_vars,13,O(1),4,95.64,1,18,1.75,False,False,True,False,False,False,False,False,False,False,True,False,False,False,False,False,False,False,True,1,2,cleanup_dead_unused_code
with_setup_noise,cleanup_dead_unused_code,constant_folding,low,2.0,2,constant_folding|dead_code|early_return|unused_vars,13,O(1),4,95.64,1,18,3.75,True,False,False,False,False,False,False,False,False,False,True,False,False,False,False,False,False,False,True,1,2,cleanup_dead_unused_code
with_branch_noise,cleanup_dead_unused_code,dead_code,medium,7.0,9,dead_code|early_return|unused_vars,16,O(1),3,97.08,2,18,1.0,False,True,False,False,False,False,False,False,False,False,True,False,False,False,False,False,False,True,False,1,2,cleanup_dead_unused_code
with_branch_noise,cleanup_dead_unused_code,unused_vars,low,3.0,14,dead_code|early_return|unused_vars,16,O(1),3,97.08,1,18,4.0,False,False,False,False,False,False,False,False,False,True,True,False,False,False,False,False,False,True,False,1,2,cleanup_dead_unused_code
with_branch_noise,cleanup_dead_unused_code,early_return,low,3.0,7,dead_code|early_return|unused_vars,16,O(1),3,97.08,1,18,3.0,False,False,True,False,False,False,False,False,False,False,True,False,False,False,False,False,False,True,False,1,2,cleanup_dead_unused_code
small_input,cleanup_dead_unused_code,dead_code,medium,7.0,4,dead_code|early_return|unused_vars,10,O(1),3,95.33,2,18,1.0,False,True,False,False,False,False,False,False,False,False,True,False,False,False,False,False,True,False,False,1,2,cleanup_dead_unused_code
small_input,cleanup_dead_unused_code,unused_vars,low,3.0,9,dead_code|early_return|unused_vars,10,O(1),3,95.33,1,18,4.0,False,False,False,False,False,False,False,False,False,True,True,False,False,False,False,False,True,False,False,1,2,cleanup_dead_unused_code
small_input,cleanup_dead_unused_code,early_return,low,3.0,2,dead_code|early_return|unused_vars,10,O(1),3,95.33,1,18,3.0,False,False,True,False,False,False,False,False,False,False,True,False,False,False,False,False,True,False,False,1,2,cleanup_dead_unused_code
medium_input,cleanup_dead_unused_code,dead_code,medium,7.0,4,dead_code|early_return|unused_vars,10,O(1),3,95.33,2,18,1.0,False,True,False,False,False,False,False,False,False,False,True,False,False,False,False,True,False,False,False,1,2,cleanup_dead_unused_code
medium_input,cleanup_dead_unused_code,unused_vars,low,3.0,9,dead_code|early_return|unused_vars,10,O(1),3,95.33,1,18,4.0,False,False,False,False,False,False,False,False,False,True,True,False,False,False,False,True,False,False,False,1,2,cleanup_dead_unused_code
medium_input,cleanup_dead_unused_code,early_return,low,3.0,2,dead_code|early_return|unused_vars,10,O(1),3,95.33,1,18,3.0,False,False,True,False,False,False,False,False,False,False,True,False,False,False,False,True,False,False,False,1,2,cleanup_dead_unused_code
large_input,cleanup_dead_unused_code,dead_code,medium,7.0,4,dead_code|early_return|unused_vars,10,O(1),3,95.33,2,18,1.0,False,True,False,False,False,False,False,False,False,False,True,False,False,False,True,False,False,False,False,1,2,cleanup_dead_unused_code
large_input,cleanup_dead_unused_code,unused_vars,low,3.0,9,dead_code|early_return|unused_vars,10,O(1),3,95.33,1,18,4.0,False,False,False,False,False,False,False,False,False,True,True,False,False,False,True,False,False,False,False,1,2,cleanup_dead_unused_code
large_input,cleanup_dead_unused_code,early_return,low,3.0,2,dead_code|early_return|unused_vars,10,O(1),3,95.33,1,18,3.0,False,False,True,False,False,False,False,False,False,False,True,False,False,False,True,False,False,False,False,1,2,cleanup_dead_unused_code
with_setup_noise,cleanup_dead_unused_code,dead_code,medium,7.0,6,constant_folding|dead_code|early_return|unused_vars,13,O(1),4,95.64,2,18,0.25,False,True,False,False,False,False,False,False,False,False,True,False,False,False,False,False,False,False,True,1,2,cleanup_dead_unused_code
with_setup_noise,cleanup_dead_unused_code,unused_vars,low,3.0,11,constant_folding|dead_code|early_return|unused_vars,13,O(1),4,95.64,1,18,5.25,False,False,False,False,False,False,False,False,False,True,True,False,False,False,False,False,False,False,True,1,2,cleanup_dead_unused_code
with_setup_noise,cleanup_dead_unused_code,early_return,low,3.0,4,constant_folding|dead_code|early_return|unused_vars,13,O(1),4,95.64,1,18,1.75,False,False,True,False,False,False,False,False,False,False,True,False,False,False,False,False,False,False,True,1,2,cleanup_dead_unused_code
with_setup_noise,cleanup_dead_unused_code,constant_folding,low,2.0,2,constant_folding|dead_code|early_return|unused_vars,13,O(1),4,95.64,1,18,3.75,True,False,False,False,False,False,False,False,False,False,True,False,False,False,False,False,False,False,True,1,2,cleanup_dead_unused_code
with_branch_noise,cleanup_dead_unused_code,dead_code,medium,7.0,9,dead_code|early_return|unused_vars,16,O(1),3,97.08,2,18,1.0,False,True,False,False,False,False,False,False,False,False,True,False,False,False,False,False,False,True,False,1,2,cleanup_dead_unused_code
with_branch_noise,cleanup_dead_unused_code,unused_vars,low,3.0,14,dead_code|early_return|unused_vars,16,O(1),3,97.08,1,18,4.0,False,False,False,False,False,False,False,False,False,True,True,False,False,False,False,False,False,True,False,1,2,cleanup_dead_unused_code
with_branch_noise,cleanup_dead_unused_code,early_return,low,3.0,7,dead_code|early_return|unused_vars,16,O(1),3,97.08,1,18,3.0,False,False,True,False,False,False,False,False,False,False,True,False,False,False,False,False,False,True,False,1,2,cleanup_dead_unused_code
small_input,cleanup_dead_unused_code,dead_code,medium,7.0,4,dead_code|early_return|unused_vars,10,O(1),3,95.33,2,18,1.0,False,True,False,False,False,False,False,False,False,False,True,False,False,False,False,False,True,False,False,1,2,cleanup_dead_unused_code
small_input,cleanup_dead_unused_code,unused_vars,low,3.0,9,dead_code|early_return|unused_vars,10,O(1),3,95.33,1,18,4.0,False,False,False,False,False,False,False,False,False,True,True,False,False,False,False,False,True,False,False,1,2,cleanup_dead_unused_code
small_input,cleanup_dead_unused_code,early_return,low,3.0,2,dead_code|early_return|unused_vars,10,O(1),3,95.33,1,18,3.0,False,False,True,False,False,False,False,False,False,False,True,False,False,False,False,False,True,False,False,1,2,cleanup_dead_unused_code
medium_input,cleanup_dead_unused_code,dead_code,medium,7.0,4,dead_code|early_return|unused_vars,10,O(1),3,95.33,2,18,1.0,False,True,False,False,False,False,False,False,False,False,True,False,False,False,False,True,False,False,False,1,2,cleanup_dead_unused_code
medium_input,cleanup_dead_unused_code,unused_vars,low,3.0,9,dead_code|early_return|unused_vars,10,O(1),3,95.33,1,18,4.0,False,False,False,False,False,False,False,False,False,True,True,False,False,False,False,True,False,False,False,1,2,cleanup_dead_unused_code
medium_input,cleanup_dead_unused_code,early_return,low,3.0,2,dead_code|early_return|unused_vars,10,O(1),3,95.33,1,18,3.0,False,False,True,False,False,False,False,False,False,False,True,False,False,False,False,True,False,False,False,1,2,cleanup_dead_unused_code
large_input,cleanup_dead_unused_code,dead_code,medium,7.0,4,dead_code|early_return|unused_vars,10,O(1),3,95.33,2,18,1.0,False,True,False,False,False,False,False,False,False,False,True,False,False,False,True,False,False,False,False,1,2,cleanup_dead_unused_code
large_input,cleanup_dead_unused_code,unused_vars,low,3.0,9,dead_code|early_return|unused_vars,10,O(1),3,95.33,1,18,4.0,False,False,False,False,False,False,False,False,False,True,True,False,False,False,True,False,False,False,False,1,2,cleanup_dead_unused_code
large_input,cleanup_dead_unused_code,early_return,low,3.0,2,dead_code|early_return|unused_vars,10,O(1),3,95.33,1,18,3.0,False,False,True,False,False,False,False,False,False,False,True,False,False,False,True,False,False,False,False,1,2,cleanup_dead_unused_code
with_setup_noise,cleanup_dead_unused_code,dead_code,medium,7.0,6,constant_folding|dead_code|early_return|unused_vars,13,O(1),4,95.64,2,18,0.25,False,True,False,False,False,False,False,False,False,False,True,False,False,False,False,False,False,False,True,1,2,cleanup_dead_unused_code
with_setup_noise,cleanup_dead_unused_code,unused_vars,low,3.0,11,constant_folding|dead_code|early_return|unused_vars,13,O(1),4,95.64,1,18,5.25,False,False,False,False,False,False,False,False,False,True,True,False,False,False,False,False,False,False,True,1,2,cleanup_dead_unused_code
with_setup_noise,cleanup_dead_unused_code,early_return,low,3.0,4,constant_folding|dead_code|early_return|unused_vars,13,O(1),4,95.64,1,18,1.75,False,False,True,False,False,False,False,False,False,False,True,False,False,False,False,False,False,False,True,1,2,cleanup_dead_unused_code
with_setup_noise,cleanup_dead_unused_code,constant_folding,low,2.0,2,constant_folding|dead_code|early_return|unused_vars,13,O(1),4,95.64,1,18,3.75,True,False,False,False,False,False,False,False,False,False,True,False,False,False,False,False,False,False,True,1,2,cleanup_dead_unused_code
with_branch_noise,cleanup_dead_unused_code,dead_code,medium,7.0,9,dead_code|early_return|unused_vars,16,O(1),3,97.08,2,18,1.0,False,True,False,False,False,False,False,False,False,False,True,False,False,False,False,False,False,True,False,1,2,cleanup_dead_unused_code
with_branch_noise,cleanup_dead_unused_code,unused_vars,low,3.0,14,dead_code|early_return|unused_vars,16,O(1),3,97.08,1,18,4.0,False,False,False,False,False,False,False,False,False,True,True,False,False,False,False,False,False,True,False,1,2,cleanup_dead_unused_code
with_branch_noise,cleanup_dead_unused_code,early_return,low,3.0,7,dead_code|early_return|unused_vars,16,O(1),3,97.08,1,18,3.0,False,False,True,False,False,False,False,False,False,False,True,False,False,False,False,False,False,True,False,1,2,cleanup_dead_unused_code
small_input,cleanup_dead_unused_code,dead_code,medium,7.0,4,dead_code|early_return|unused_vars,10,O(1),3,95.33,2,18,1.0,False,True,False,False,False,False,False,False,False,False,True,False,False,False,False,False,True,False,False,1,2,cleanup_dead_unused_code
small_input,cleanup_dead_unused_code,unused_vars,low,3.0,9,dead_code|early_return|unused_vars,10,O(1),3,95.33,1,18,4.0,False,False,False,False,False,False,False,False,False,True,True,False,False,False,False,False,True,False,False,1,2,cleanup_dead_unused_code
small_input,cleanup_dead_unused_code,early_return,low,3.0,2,dead_code|early_return|unused_vars,10,O(1),3,95.33,1,18,3.0,False,False,True,False,False,False,False,False,False,False,True,False,False,False,False,False,True,False,False,1,2,cleanup_dead_unused_code
medium_input,cleanup_dead_unused_code,dead_code,medium,7.0,4,dead_code|early_return|unused_vars,10,O(1),3,95.33,2,18,1.0,False,True,False,False,False,False,False,False,False,False,True,False,False,False,False,True,False,False,False,1,2,cleanup_dead_unused_code
medium_input,cleanup_dead_unused_code,unused_vars,low,3.0,9,dead_code|early_return|unused_vars,10,O(1),3,95.33,1,18,4.0,False,False,False,False,False,False,False,False,False,True,True,False,False,False,False,True,False,False,False,1,2,cleanup_dead_unused_code
medium_input,cleanup_dead_unused_code,early_return,low,3.0,2,dead_code|early_return|unused_vars,10,O(1),3,95.33,1,18,3.0,False,False,True,False,False,False,False,False,False,False,True,False,False,False,False,True,False,False,False,1,2,cleanup_dead_unused_code
large_input,cleanup_dead_unused_code,dead_code,medium,7.0,4,dead_code|early_return|unused_vars,10,O(1),3,95.33,2,18,1.0,False,True,False,False,False,False,False,False,False,False,True,False,False,False,True,False,False,False,False,1,2,cleanup_dead_unused_code
large_input,cleanup_dead_unused_code,unused_vars,low,3.0,9,dead_code|early_return|unused_vars,10,O(1),3,95.33,1,18,4.0,False,False,False,False,False,False,False,False,False,True,True,False,False,False,True,False,False,False,False,1,2,cleanup_dead_unused_code
large_input,cleanup_dead_unused_code,early_return,low,3.0,2,dead_code|early_return|unused_vars,10,O(1),3,95.33,1,18,3.0,False,False,True,False,False,False,False,False,False,False,True,False,False,False,True,False,False,False,False,1,2,cleanup_dead_unused_code
with_setup_noise,cleanup_dead_unused_code,dead_code,medium,7.0,6,constant_folding|dead_code|early_return|unused_vars,13,O(1),4,95.64,2,18,0.25,False,True,False,False,False,False,False,False,False,False,True,False,False,False,False,False,False,False,True,1,2,cleanup_dead_unused_code
with_setup_noise,cleanup_dead_unused_code,unused_vars,low,3.0,11,constant_folding|dead_code|early_return|unused_vars,13,O(1),4,95.64,1,18,5.25,False,False,False,False,False,False,False,False,False,True,True,False,False,False,False,False,False,False,True,1,2,cleanup_dead_unused_code
with_setup_noise,cleanup_dead_unused_code,early_return,low,3.0,4,constant_folding|dead_code|early_return|unused_vars,13,O(1),4,95.64,1,18,1.75,False,False,True,False,False,False,False,False,False,False,True,False,False,False,False,False,False,False,True,1,2,cleanup_dead_unused_code
with_setup_noise,cleanup_dead_unused_code,constant_folding,low,2.0,2,constant_folding|dead_code|early_return|unused_vars,13,O(1),4,95.64,1,18,3.75,True,False,False,False,False,False,False,False,False,False,True,False,False,False,False,False,False,False,True,1,2,cleanup_dead_unused_code
with_branch_noise,cleanup_dead_unused_code,dead_code,medium,7.0,9,dead_code|early_return|unused_vars,16,O(1),3,97.08,2,18,1.0,False,True,False,False,False,False,False,False,False,False,True,False,False,False,False,False,False,True,False,1,2,cleanup_dead_unused_code
with_branch_noise,cleanup_dead_unused_code,unused_vars,low,3.0,14,dead_code|early_return|unused_vars,16,O(1),3,97.08,1,18,4.0,False,False,False,False,False,False,False,False,False,True,True,False,False,False,False,False,False,True,False,1,2,cleanup_dead_unused_code
with_branch_noise,cleanup_dead_unused_code,early_return,low,3.0,7,dead_code|early_return|unused_vars,16,O(1),3,97.08,1,18,3.0,False,False,True,False,False,False,False,False,False,False,True,False,False,False,False,False,False,True,False,1,2,cleanup_dead_unused_code
