variant,strategy,pattern,severity,impact_score,line_number,co_occurring_patterns,source_lines,complexity_class,total_suggestions,score,severity_encoded
base,reduce_nesting,nested_loops,medium,12.0,5,nested_loops,7,O(n²),1,94.57,2
base,reduce_nesting,nested_loops,medium,12.0,5,nested_loops,7,O(n²),1,94.57,2
base,reduce_nesting,nested_loops,medium,12.0,5,nested_loops,7,O(n²),1,94.57,2
base,reduce_nesting,nested_loops,medium,12.0,5,nested_loops,7,O(n²),1,94.57,2
base,reduce_nesting,nested_loops,medium,12.0,5,nested_loops,7,O(n²),1,94.57,2
base,reduce_nesting,nested_loops,medium,12.0,5,nested_loops,7,O(n²),1,94.57,2
base,reduce_nesting,nested_loops,medium,12.0,5,nested_loops,7,O(n²),1,94.57,2
base,reduce_nesting,nested_loops,medium,12.0,5,nested_loops,7,O(n²),1,94.57,2
base,reduce_nesting,nested_loops,medium,12.0,5,nested_loops,7,O(n²),1,94.57,2
base,reduce_nesting,nested_loops,medium,12.0,5,nested_loops,7,O(n²),1,94.57,2
base,reduce_nesting,nested_loops,medium,12.0,5,nested_loops,7,O(n²),1,94.57,2
base,reduce_nesting,nested_loops,medium,12.0,5,nested_loops,7,O(n²),1,94.57,2
base,reduce_nesting,nested_loops,medium,12.0,5,nested_loops,7,O(n²),1,94.57,2
base,reduce_nesting,nested_loops,medium,12.0,5,nested_loops,7,O(n²),1,94.57,2
base,reduce_nesting,nested_loops,medium,12.0,5,nested_loops,7,O(n²),1,94.57,2
base,reduce_nesting,nested_loops,medium,12.0,5,nested_loops,7,O(n²),1,94.57,2
base,reduce_nesting,nested_loops,medium,12.0,5,nested_loops,7,O(n²),1,94.57,2
base,reduce_nesting,nested_loops,medium,12.0,5,nested_loops,7,O(n²),1,94.57,2
base,hoist_invariant,loop_invariant,medium,8.0,5,constant_folding|loop_invariant,7,O(n),2,95.14,2
base,hoist_invariant,constant_folding,low,2.0,5,constant_folding|loop_invariant,7,O(n),2,95.14,1
base,hoist_invariant,loop_invariant,medium,8.0,5,constant_folding|loop_invariant,7,O(n),2,95.14,2
base,hoist_invariant,constant_folding,low,2.0,5,constant_folding|loop_invariant,7,O(n),2,95.14,1
base,hoist_invariant,loop_invariant,medium,8.0,5,constant_folding|loop_invariant,7,O(n),2,95.14,2
base,hoist_invariant,constant_folding,low,2.0,5,constant_folding|loop_invariant,7,O(n),2,95.14,1
base,hoist_invariant,loop_invariant,medium,8.0,5,constant_folding|loop_invariant,7,O(n),2,95.14,2
base,hoist_invariant,constant_folding,low,2.0,5,constant_folding|loop_invariant,7,O(n),2,95.14,1
base,hoist_invariant,loop_invariant,medium,8.0,5,constant_folding|loop_invariant,7,O(n),2,95.14,2
base,hoist_invariant,constant_folding,low,2.0,5,constant_folding|loop_invariant,7,O(n),2,95.14,1
base,hoist_invariant,loop_invariant,medium,8.0,5,constant_folding|loop_invariant,7,O(n),2,95.14,2
base,hoist_invariant,constant_folding,low,2.0,5,constant_folding|loop_invariant,7,O(n),2,95.14,1
base,hoist_invariant,loop_invariant,medium,8.0,5,constant_folding|loop_invariant,7,O(n),2,95.14,2
base,hoist_invariant,constant_folding,low,2.0,5,constant_folding|loop_invariant,7,O(n),2,95.14,1
base,hoist_invariant,loop_invariant,medium,8.0,5,constant_folding|loop_invariant,7,O(n),2,95.14,2
base,hoist_invariant,constant_folding,low,2.0,5,constant_folding|loop_invariant,7,O(n),2,95.14,1
base,hoist_invariant,loop_invariant,medium,8.0,5,constant_folding|loop_invariant,7,O(n),2,95.14,2
base,hoist_invariant,constant_folding,low,2.0,5,constant_folding|loop_invariant,7,O(n),2,95.14,1
base,hoist_invariant,loop_invariant,medium,8.0,5,constant_folding|loop_invariant,7,O(n),2,95.14,2
base,hoist_invariant,constant_folding,low,2.0,5,constant_folding|loop_invariant,7,O(n),2,95.14,1
base,hoist_invariant,loop_invariant,medium,8.0,5,constant_folding|loop_invariant,7,O(n),2,95.14,2
base,hoist_invariant,constant_folding,low,2.0,5,constant_folding|loop_invariant,7,O(n),2,95.14,1
base,hoist_invariant,loop_invariant,medium,8.0,5,constant_folding|loop_invariant,7,O(n),2,95.14,2
base,hoist_invariant,constant_folding,low,2.0,5,constant_folding|loop_invariant,7,O(n),2,95.14,1
base,hoist_invariant,loop_invariant,medium,8.0,5,constant_folding|loop_invariant,7,O(n),2,95.14,2
base,hoist_invariant,constant_folding,low,2.0,5,constant_folding|loop_invariant,7,O(n),2,95.14,1
base,hoist_invariant,loop_invariant,medium,8.0,5,constant_folding|loop_invariant,7,O(n),2,95.14,2
base,hoist_invariant,constant_folding,low,2.0,5,constant_folding|loop_invariant,7,O(n),2,95.14,1
base,hoist_invariant,loop_invariant,medium,8.0,5,constant_folding|loop_invariant,7,O(n),2,95.14,2
base,hoist_invariant,constant_folding,low,2.0,5,constant_folding|loop_invariant,7,O(n),2,95.14,1
base,hoist_invariant,loop_invariant,medium,8.0,5,constant_folding|loop_invariant,7,O(n),2,95.14,2
base,hoist_invariant,constant_folding,low,2.0,5,constant_folding|loop_invariant,7,O(n),2,95.14,1
base,hoist_invariant,loop_invariant,medium,8.0,5,constant_folding|loop_invariant,7,O(n),2,95.14,2
base,hoist_invariant,constant_folding,low,2.0,5,constant_folding|loop_invariant,7,O(n),2,95.14,1
base,hoist_invariant,loop_invariant,medium,8.0,5,constant_folding|loop_invariant,7,O(n),2,95.14,2
base,hoist_invariant,constant_folding,low,2.0,5,constant_folding|loop_invariant,7,O(n),2,95.14,1
base,cache_repeated_computation,hot_loop,medium,10.0,50,hot_loop|repeated_computation,55,O(n),4,98.44,2
base,cache_repeated_computation,repeated_computation,medium,8.0,52,hot_loop|repeated_computation,55,O(n),4,98.44,2
base,cache_repeated_computation,repeated_computation,medium,8.0,52,hot_loop|repeated_computation,55,O(n),4,98.44,2
base,cache_repeated_computation,repeated_computation,medium,8.0,52,hot_loop|repeated_computation,55,O(n),4,98.44,2
base,cache_repeated_computation,hot_loop,medium,10.0,50,hot_loop|repeated_computation,55,O(n),4,98.44,2
base,cache_repeated_computation,repeated_computation,medium,8.0,52,hot_loop|repeated_computation,55,O(n),4,98.44,2
base,cache_repeated_computation,repeated_computation,medium,8.0,52,hot_loop|repeated_computation,55,O(n),4,98.44,2
base,cache_repeated_computation,repeated_computation,medium,8.0,52,hot_loop|repeated_computation,55,O(n),4,98.44,2
base,cache_repeated_computation,hot_loop,medium,10.0,50,hot_loop|repeated_computation,55,O(n),4,98.44,2
base,cache_repeated_computation,repeated_computation,medium,8.0,52,hot_loop|repeated_computation,55,O(n),4,98.44,2
base,cache_repeated_computation,repeated_computation,medium,8.0,52,hot_loop|repeated_computation,55,O(n),4,98.44,2
base,cache_repeated_computation,repeated_computation,medium,8.0,52,hot_loop|repeated_computation,55,O(n),4,98.44,2
base,cache_repeated_computation,hot_loop,medium,10.0,50,hot_loop|repeated_computation,55,O(n),4,98.44,2
base,cache_repeated_computation,repeated_computation,medium,8.0,52,hot_loop|repeated_computation,55,O(n),4,98.44,2
base,cache_repeated_computation,repeated_computation,medium,8.0,52,hot_loop|repeated_computation,55,O(n),4,98.44,2
base,cache_repeated_computation,repeated_computation,medium,8.0,52,hot_loop|repeated_computation,55,O(n),4,98.44,2
base,cache_repeated_computation,hot_loop,medium,10.0,50,hot_loop|repeated_computation,55,O(n),4,98.44,2
base,cache_repeated_computation,repeated_computation,medium,8.0,52,hot_loop|repeated_computation,55,O(n),4,98.44,2
base,cache_repeated_computation,repeated_computation,medium,8.0,52,hot_loop|repeated_computation,55,O(n),4,98.44,2
base,cache_repeated_computation,repeated_computation,medium,8.0,52,hot_loop|repeated_computation,55,O(n),4,98.44,2
base,cache_repeated_computation,hot_loop,medium,10.0,50,hot_loop|repeated_computation,55,O(n),4,98.44,2
base,cache_repeated_computation,repeated_computation,medium,8.0,52,hot_loop|repeated_computation,55,O(n),4,98.44,2
base,cache_repeated_computation,repeated_computation,medium,8.0,52,hot_loop|repeated_computation,55,O(n),4,98.44,2
base,cache_repeated_computation,repeated_computation,medium,8.0,52,hot_loop|repeated_computation,55,O(n),4,98.44,2
base,cache_repeated_computation,hot_loop,medium,10.0,50,hot_loop|repeated_computation,55,O(n),4,98.44,2
base,cache_repeated_computation,repeated_computation,medium,8.0,52,hot_loop|repeated_computation,55,O(n),4,98.44,2
base,cache_repeated_computation,repeated_computation,medium,8.0,52,hot_loop|repeated_computation,55,O(n),4,98.44,2
base,cache_repeated_computation,repeated_computation,medium,8.0,52,hot_loop|repeated_computation,55,O(n),4,98.44,2
base,cache_repeated_computation,hot_loop,medium,10.0,50,hot_loop|repeated_computation,55,O(n),4,98.44,2
base,cache_repeated_computation,repeated_computation,medium,8.0,52,hot_loop|repeated_computation,55,O(n),4,98.44,2
base,cache_repeated_computation,repeated_computation,medium,8.0,52,hot_loop|repeated_computation,55,O(n),4,98.44,2
base,cache_repeated_computation,repeated_computation,medium,8.0,52,hot_loop|repeated_computation,55,O(n),4,98.44,2
base,cache_repeated_computation,hot_loop,medium,10.0,50,hot_loop|repeated_computation,55,O(n),4,98.44,2
base,cache_repeated_computation,repeated_computation,medium,8.0,52,hot_loop|repeated_computation,55,O(n),4,98.44,2
base,cache_repeated_computation,repeated_computation,medium,8.0,52,hot_loop|repeated_computation,55,O(n),4,98.44,2
base,cache_repeated_computation,repeated_computation,medium,8.0,52,hot_loop|repeated_computation,55,O(n),4,98.44,2
base,cache_repeated_computation,hot_loop,medium,10.0,50,hot_loop|repeated_computation,55,O(n),4,98.44,2
base,cache_repeated_computation,repeated_computation,medium,8.0,52,hot_loop|repeated_computation,55,O(n),4,98.44,2
base,cache_repeated_computation,repeated_computation,medium,8.0,52,hot_loop|repeated_computation,55,O(n),4,98.44,2
base,cache_repeated_computation,repeated_computation,medium,8.0,52,hot_loop|repeated_computation,55,O(n),4,98.44,2
base,cache_repeated_computation,hot_loop,medium,10.0,50,hot_loop|repeated_computation,55,O(n),4,98.44,2
base,cache_repeated_computation,repeated_computation,medium,8.0,52,hot_loop|repeated_computation,55,O(n),4,98.44,2
base,cache_repeated_computation,repeated_computation,medium,8.0,52,hot_loop|repeated_computation,55,O(n),4,98.44,2
base,cache_repeated_computation,repeated_computation,medium,8.0,52,hot_loop|repeated_computation,55,O(n),4,98.44,2
base,cache_repeated_computation,hot_loop,medium,10.0,50,hot_loop|repeated_computation,55,O(n),4,98.44,2
base,cache_repeated_computation,repeated_computation,medium,8.0,52,hot_loop|repeated_computation,55,O(n),4,98.44,2
base,cache_repeated_computation,repeated_computation,medium,8.0,52,hot_loop|repeated_computation,55,O(n),4,98.44,2
base,cache_repeated_computation,repeated_computation,medium,8.0,52,hot_loop|repeated_computation,55,O(n),4,98.44,2
base,cache_repeated_computation,hot_loop,medium,10.0,50,hot_loop|repeated_computation,55,O(n),4,98.44,2
base,cache_repeated_computation,repeated_computation,medium,8.0,52,hot_loop|repeated_computation,55,O(n),4,98.44,2
base,cache_repeated_computation,repeated_computation,medium,8.0,52,hot_loop|repeated_computation,55,O(n),4,98.44,2
base,cache_repeated_computation,repeated_computation,medium,8.0,52,hot_loop|repeated_computation,55,O(n),4,98.44,2
base,cache_repeated_computation,hot_loop,medium,10.0,50,hot_loop|repeated_computation,55,O(n),4,98.44,2
base,cache_repeated_computation,repeated_computation,medium,8.0,52,hot_loop|repeated_computation,55,O(n),4,98.44,2
base,cache_repeated_computation,repeated_computation,medium,8.0,52,hot_loop|repeated_computation,55,O(n),4,98.44,2
base,cache_repeated_computation,repeated_computation,medium,8.0,52,hot_loop|repeated_computation,55,O(n),4,98.44,2
base,cache_repeated_computation,hot_loop,medium,10.0,50,hot_loop|repeated_computation,55,O(n),4,98.44,2
base,cache_repeated_computation,repeated_computation,medium,8.0,52,hot_loop|repeated_computation,55,O(n),4,98.44,2
base,cache_repeated_computation,repeated_computation,medium,8.0,52,hot_loop|repeated_computation,55,O(n),4,98.44,2
base,cache_repeated_computation,repeated_computation,medium,8.0,52,hot_loop|repeated_computation,55,O(n),4,98.44,2
base,cache_repeated_computation,hot_loop,medium,10.0,50,hot_loop|repeated_computation,55,O(n),4,98.44,2
base,cache_repeated_computation,repeated_computation,medium,8.0,52,hot_loop|repeated_computation,55,O(n),4,98.44,2
base,cache_repeated_computation,repeated_computation,medium,8.0,52,hot_loop|repeated_computation,55,O(n),4,98.44,2
base,cache_repeated_computation,repeated_computation,medium,8.0,52,hot_loop|repeated_computation,55,O(n),4,98.44,2
base,cache_repeated_computation,hot_loop,medium,10.0,50,hot_loop|repeated_computation,55,O(n),4,98.44,2
base,cache_repeated_computation,repeated_computation,medium,8.0,52,hot_loop|repeated_computation,55,O(n),4,98.44,2
base,cache_repeated_computation,repeated_computation,medium,8.0,52,hot_loop|repeated_computation,55,O(n),4,98.44,2
base,cache_repeated_computation,repeated_computation,medium,8.0,52,hot_loop|repeated_computation,55,O(n),4,98.44,2
base,cache_repeated_computation,hot_loop,medium,10.0,50,hot_loop|repeated_computation,55,O(n),4,98.44,2
base,cache_repeated_computation,repeated_computation,medium,8.0,52,hot_loop|repeated_computation,55,O(n),4,98.44,2
base,cache_repeated_computation,repeated_computation,medium,8.0,52,hot_loop|repeated_computation,55,O(n),4,98.44,2
base,cache_repeated_computation,repeated_computation,medium,8.0,52,hot_loop|repeated_computation,55,O(n),4,98.44,2
base,memoize_expensive_calls,expensive_calls,high,18.0,9,expensive_calls,10,O(n),1,96.78,3
base,memoize_expensive_calls,expensive_calls,high,18.0,9,expensive_calls,10,O(n),1,96.78,3
base,memoize_expensive_calls,expensive_calls,high,18.0,9,expensive_calls,10,O(n),1,96.78,3
base,memoize_expensive_calls,expensive_calls,high,18.0,9,expensive_calls,10,O(n),1,96.78,3
base,memoize_expensive_calls,expensive_calls,high,18.0,9,expensive_calls,10,O(n),1,96.78,3
base,memoize_expensive_calls,expensive_calls,high,18.0,9,expensive_calls,10,O(n),1,96.78,3
base,memoize_expensive_calls,expensive_calls,high,18.0,9,expensive_calls,10,O(n),1,96.78,3
base,memoize_expensive_calls,expensive_calls,high,18.0,9,expensive_calls,10,O(n),1,96.78,3
base,memoize_expensive_calls,expensive_calls,high,18.0,9,expensive_calls,10,O(n),1,96.78,3
base,memoize_expensive_calls,expensive_calls,high,18.0,9,expensive_calls,10,O(n),1,96.78,3
base,memoize_expensive_calls,expensive_calls,high,18.0,9,expensive_calls,10,O(n),1,96.78,3
base,memoize_expensive_calls,expensive_calls,high,18.0,9,expensive_calls,10,O(n),1,96.78,3
base,memoize_expensive_calls,expensive_calls,high,18.0,9,expensive_calls,10,O(n),1,96.78,3
base,memoize_expensive_calls,expensive_calls,high,18.0,9,expensive_calls,10,O(n),1,96.78,3
base,memoize_expensive_calls,expensive_calls,high,18.0,9,expensive_calls,10,O(n),1,96.78,3
base,memoize_expensive_calls,expensive_calls,high,18.0,9,expensive_calls,10,O(n),1,96.78,3
base,memoize_expensive_calls,expensive_calls,high,18.0,9,expensive_calls,10,O(n),1,96.78,3
base,memoize_expensive_calls,expensive_calls,high,18.0,9,expensive_calls,10,O(n),1,96.78,3
base,replace_string_concat,string_concat_loop,low,5.0,3,string_concat_loop,4,O(n),1,96.17,1
base,replace_string_concat,string_concat_loop,low,5.0,3,string_concat_loop,4,O(n),1,96.17,1
base,replace_string_concat,string_concat_loop,low,5.0,3,string_concat_loop,4,O(n),1,96.17,1
base,replace_string_concat,string_concat_loop,low,5.0,3,string_concat_loop,4,O(n),1,96.17,1
base,replace_string_concat,string_concat_loop,low,5.0,3,string_concat_loop,4,O(n),1,96.17,1
base,replace_string_concat,string_concat_loop,low,5.0,3,string_concat_loop,4,O(n),1,96.17,1
base,replace_string_concat,string_concat_loop,low,5.0,3,string_concat_loop,4,O(n),1,96.17,1
base,replace_string_concat,string_concat_loop,low,5.0,3,string_concat_loop,4,O(n),1,96.17,1
base,replace_string_concat,string_concat_loop,low,5.0,3,string_concat_loop,4,O(n),1,96.17,1
base,replace_string_concat,string_concat_loop,low,5.0,3,string_concat_loop,4,O(n),1,96.17,1
base,replace_string_concat,string_concat_loop,low,5.0,3,string_concat_loop,4,O(n),1,96.17,1
base,replace_string_concat,string_concat_loop,low,5.0,3,string_concat_loop,4,O(n),1,96.17,1
base,replace_string_concat,string_concat_loop,low,5.0,3,string_concat_loop,4,O(n),1,96.17,1
base,replace_string_concat,string_concat_loop,medium,10.0,3,string_concat_loop,4,O(n),1,92.83,2
base,replace_string_concat,string_concat_loop,medium,10.0,3,string_concat_loop,4,O(n),1,92.83,2
base,replace_string_concat,string_concat_loop,medium,10.0,3,string_concat_loop,4,O(n),1,92.83,2
base,replace_string_concat,string_concat_loop,low,5.0,3,string_concat_loop,4,O(n),1,96.17,1
base,replace_string_concat,string_concat_loop,low,5.0,3,string_concat_loop,4,O(n),1,96.17,1
base,cleanup_dead_unused_code,dead_code,medium,7.0,4,dead_code|early_return|unused_vars,10,O(1),3,95.33,2
base,cleanup_dead_unused_code,unused_vars,low,3.0,9,dead_code|early_return|unused_vars,10,O(1),3,95.33,1
base,cleanup_dead_unused_code,early_return,low,3.0,2,dead_code|early_return|unused_vars,10,O(1),3,95.33,1
base,cleanup_dead_unused_code,dead_code,medium,7.0,4,dead_code|early_return|unused_vars,10,O(1),3,95.33,2
base,cleanup_dead_unused_code,unused_vars,low,3.0,9,dead_code|early_return|unused_vars,10,O(1),3,95.33,1
base,cleanup_dead_unused_code,early_return,low,3.0,2,dead_code|early_return|unused_vars,10,O(1),3,95.33,1
base,cleanup_dead_unused_code,dead_code,medium,7.0,4,dead_code|early_return|unused_vars,10,O(1),3,95.33,2
base,cleanup_dead_unused_code,unused_vars,low,3.0,9,dead_code|early_return|unused_vars,10,O(1),3,95.33,1
base,cleanup_dead_unused_code,early_return,low,3.0,2,dead_code|early_return|unused_vars,10,O(1),3,95.33,1
base,cleanup_dead_unused_code,dead_code,medium,7.0,4,dead_code|early_return|unused_vars,10,O(1),3,95.33,2
base,cleanup_dead_unused_code,unused_vars,low,3.0,9,dead_code|early_return|unused_vars,10,O(1),3,95.33,1
base,cleanup_dead_unused_code,early_return,low,3.0,2,dead_code|early_return|unused_vars,10,O(1),3,95.33,1
base,cleanup_dead_unused_code,dead_code,medium,7.0,4,dead_code|early_return|unused_vars,10,O(1),3,95.33,2
base,cleanup_dead_unused_code,unused_vars,low,3.0,9,dead_code|early_return|unused_vars,10,O(1),3,95.33,1
base,cleanup_dead_unused_code,early_return,low,3.0,2,dead_code|early_return|unused_vars,10,O(1),3,95.33,1
base,cleanup_dead_unused_code,dead_code,medium,7.0,4,dead_code|early_return|unused_vars,10,O(1),3,95.33,2
base,cleanup_dead_unused_code,unused_vars,low,3.0,9,dead_code|early_return|unused_vars,10,O(1),3,95.33,1
base,cleanup_dead_unused_code,early_return,low,3.0,2,dead_code|early_return|unused_vars,10,O(1),3,95.33,1
base,cleanup_dead_unused_code,dead_code,medium,7.0,4,dead_code|early_return|unused_vars,10,O(1),3,95.33,2
base,cleanup_dead_unused_code,unused_vars,low,3.0,9,dead_code|early_return|unused_vars,10,O(1),3,95.33,1
base,cleanup_dead_unused_code,early_return,low,3.0,2,dead_code|early_return|unused_vars,10,O(1),3,95.33,1
base,cleanup_dead_unused_code,dead_code,medium,7.0,4,dead_code|early_return|unused_vars,10,O(1),3,95.33,2
base,cleanup_dead_unused_code,unused_vars,low,3.0,9,dead_code|early_return|unused_vars,10,O(1),3,95.33,1
base,cleanup_dead_unused_code,early_return,low,3.0,2,dead_code|early_return|unused_vars,10,O(1),3,95.33,1
base,cleanup_dead_unused_code,dead_code,medium,7.0,4,dead_code|early_return|unused_vars,10,O(1),3,95.33,2
base,cleanup_dead_unused_code,unused_vars,low,3.0,9,dead_code|early_return|unused_vars,10,O(1),3,95.33,1
base,cleanup_dead_unused_code,early_return,low,3.0,2,dead_code|early_return|unused_vars,10,O(1),3,95.33,1
base,cleanup_dead_unused_code,dead_code,medium,7.0,4,dead_code|early_return|unused_vars,10,O(1),3,95.33,2
base,cleanup_dead_unused_code,unused_vars,low,3.0,9,dead_code|early_return|unused_vars,10,O(1),3,95.33,1
base,cleanup_dead_unused_code,early_return,low,3.0,2,dead_code|early_return|unused_vars,10,O(1),3,95.33,1
base,cleanup_dead_unused_code,dead_code,medium,7.0,4,dead_code|early_return|unused_vars,10,O(1),3,95.33,2
base,cleanup_dead_unused_code,unused_vars,low,3.0,9,dead_code|early_return|unused_vars,10,O(1),3,95.33,1
base,cleanup_dead_unused_code,early_return,low,3.0,2,dead_code|early_return|unused_vars,10,O(1),3,95.33,1
base,cleanup_dead_unused_code,dead_code,medium,7.0,4,dead_code|early_return|unused_vars,10,O(1),3,95.33,2
base,cleanup_dead_unused_code,unused_vars,low,3.0,9,dead_code|early_return|unused_vars,10,O(1),3,95.33,1
base,cleanup_dead_unused_code,early_return,low,3.0,2,dead_code|early_return|unused_vars,10,O(1),3,95.33,1
base,cleanup_dead_unused_code,dead_code,medium,7.0,4,dead_code|early_return|unused_vars,10,O(1),3,95.33,2
base,cleanup_dead_unused_code,unused_vars,low,3.0,9,dead_code|early_return|unused_vars,10,O(1),3,95.33,1
base,cleanup_dead_unused_code,early_return,low,3.0,2,dead_code|early_return|unused_vars,10,O(1),3,95.33,1
base,cleanup_dead_unused_code,dead_code,medium,7.0,4,dead_code|early_return|unused_vars,10,O(1),3,95.33,2
base,cleanup_dead_unused_code,unused_vars,low,3.0,9,dead_code|early_return|unused_vars,10,O(1),3,95.33,1
base,cleanup_dead_unused_code,early_return,low,3.0,2,dead_code|early_return|unused_vars,10,O(1),3,95.33,1
base,cleanup_dead_unused_code,dead_code,medium,7.0,4,dead_code|early_return|unused_vars,10,O(1),3,95.33,2
base,cleanup_dead_unused_code,unused_vars,low,3.0,9,dead_code|early_return|unused_vars,10,O(1),3,95.33,1
base,cleanup_dead_unused_code,early_return,low,3.0,2,dead_code|early_return|unused_vars,10,O(1),3,95.33,1
base,cleanup_dead_unused_code,dead_code,medium,7.0,4,dead_code|early_return|unused_vars,10,O(1),3,95.33,2
base,cleanup_dead_unused_code,unused_vars,low,3.0,9,dead_code|early_return|unused_vars,10,O(1),3,95.33,1
base,cleanup_dead_unused_code,early_return,low,3.0,2,dead_code|early_return|unused_vars,10,O(1),3,95.33,1
base,cleanup_dead_unused_code,dead_code,medium,7.0,4,dead_code|early_return|unused_vars,10,O(1),3,95.33,2
base,cleanup_dead_unused_code,unused_vars,low,3.0,9,dead_code|early_return|unused_vars,10,O(1),3,95.33,1
base,cleanup_dead_unused_code,early_return,low,3.0,2,dead_code|early_return|unused_vars,10,O(1),3,95.33,1
base,cleanup_dead_unused_code,dead_code,medium,7.0,4,dead_code|early_return|unused_vars,10,O(1),3,95.33,2
base,cleanup_dead_unused_code,unused_vars,low,3.0,9,dead_code|early_return|unused_vars,10,O(1),3,95.33,1
base,cleanup_dead_unused_code,early_return,low,3.0,2,dead_code|early_return|unused_vars,10,O(1),3,95.33,1
small_input,reduce_nesting,nested_loops,medium,12.0,5,nested_loops,7,O(n²),1,94.57,2
medium_input,reduce_nesting,nested_loops,medium,12.0,5,nested_loops,7,O(n²),1,94.57,2
large_input,reduce_nesting,nested_loops,medium,12.0,5,nested_loops,7,O(n²),1,94.57,2
with_setup_noise,reduce_nesting,nested_loops,medium,12.0,7,constant_folding|nested_loops,10,O(n²),2,95.2,2
with_setup_noise,reduce_nesting,constant_folding,low,2.0,2,constant_folding|nested_loops,10,O(n²),2,95.2,1
with_branch_noise,reduce_nesting,nested_loops,medium,12.0,10,nested_loops,13,O(n²),1,96.82,2
small_input,reduce_nesting,nested_loops,medium,12.0,5,nested_loops,7,O(n²),1,94.57,2
medium_input,reduce_nesting,nested_loops,medium,12.0,5,nested_loops,7,O(n²),1,94.57,2
large_input,reduce_nesting,nested_loops,medium,12.0,5,nested_loops,7,O(n²),1,94.57,2
with_setup_noise,reduce_nesting,nested_loops,medium,12.0,7,constant_folding|nested_loops,10,O(n²),2,95.2,2
with_setup_noise,reduce_nesting,constant_folding,low,2.0,2,constant_folding|nested_loops,10,O(n²),2,95.2,1
with_branch_noise,reduce_nesting,nested_loops,medium,12.0,10,nested_loops,13,O(n²),1,96.82,2
small_input,reduce_nesting,nested_loops,medium,12.0,5,nested_loops,7,O(n²),1,94.57,2
medium_input,reduce_nesting,nested_loops,medium,12.0,5,nested_loops,7,O(n²),1,94.57,2
large_input,reduce_nesting,nested_loops,medium,12.0,5,nested_loops,7,O(n²),1,94.57,2
with_setup_noise,reduce_nesting,nested_loops,medium,12.0,7,constant_folding|nested_loops,10,O(n²),2,95.2,2
with_setup_noise,reduce_nesting,constant_folding,low,2.0,2,constant_folding|nested_loops,10,O(n²),2,95.2,1
with_branch_noise,reduce_nesting,nested_loops,medium,12.0,10,nested_loops,13,O(n²),1,96.82,2
small_input,reduce_nesting,nested_loops,medium,12.0,5,nested_loops,7,O(n²),1,94.57,2
medium_input,reduce_nesting,nested_loops,medium,12.0,5,nested_loops,7,O(n²),1,94.57,2
large_input,reduce_nesting,nested_loops,medium,12.0,5,nested_loops,7,O(n²),1,94.57,2
with_setup_noise,reduce_nesting,nested_loops,medium,12.0,7,constant_folding|nested_loops,10,O(n²),2,95.2,2
with_setup_noise,reduce_nesting,constant_folding,low,2.0,2,constant_folding|nested_loops,10,O(n²),2,95.2,1
with_branch_noise,reduce_nesting,nested_loops,medium,12.0,10,nested_loops,13,O(n²),1,96.82,2
small_input,reduce_nesting,nested_loops,medium,12.0,5,nested_loops,7,O(n²),1,94.57,2
medium_input,reduce_nesting,nested_loops,medium,12.0,5,nested_loops,7,O(n²),1,94.57,2
large_input,reduce_nesting,nested_loops,medium,12.0,5,nested_loops,7,O(n²),1,94.57,2
with_setup_noise,reduce_nesting,nested_loops,medium,12.0,7,constant_folding|nested_loops,10,O(n²),2,95.2,2
with_setup_noise,reduce_nesting,constant_folding,low,2.0,2,constant_folding|nested_loops,10,O(n²),2,95.2,1
with_branch_noise,reduce_nesting,nested_loops,medium,12.0,10,nested_loops,13,O(n²),1,96.82,2
small_input,reduce_nesting,nested_loops,medium,12.0,5,nested_loops,7,O(n²),1,94.57,2
medium_input,reduce_nesting,nested_loops,medium,12.0,5,nested_loops,7,O(n²),1,94.57,2
large_input,reduce_nesting,nested_loops,medium,12.0,5,nested_loops,7,O(n²),1,94.57,2
with_setup_noise,reduce_nesting,nested_loops,medium,12.0,7,constant_folding|nested_loops,10,O(n²),2,95.2,2
with_setup_noise,reduce_nesting,constant_folding,low,2.0,2,constant_folding|nested_loops,10,O(n²),2,95.2,1
with_branch_noise,reduce_nesting,nested_loops,medium,12.0,10,nested_loops,13,O(n²),1,96.82,2
small_input,reduce_nesting,nested_loops,medium,12.0,5,nested_loops,7,O(n²),1,94.57,2
medium_input,reduce_nesting,nested_loops,medium,12.0,5,nested_loops,7,O(n²),1,94.57,2
large_input,reduce_nesting,nested_loops,medium,12.0,5,nested_loops,7,O(n²),1,94.57,2
with_setup_noise,reduce_nesting,nested_loops,medium,12.0,7,constant_folding|nested_loops,10,O(n²),2,95.2,2
with_setup_noise,reduce_nesting,constant_folding,low,2.0,2,constant_folding|nested_loops,10,O(n²),2,95.2,1
with_branch_noise,reduce_nesting,nested_loops,medium,12.0,10,nested_loops,13,O(n²),1,96.82,2
small_input,reduce_nesting,nested_loops,medium,12.0,5,nested_loops,7,O(n²),1,94.57,2
medium_input,reduce_nesting,nested_loops,medium,12.0,5,nested_loops,7,O(n²),1,94.57,2
large_input,reduce_nesting,nested_loops,medium,12.0,5,nested_loops,7,O(n²),1,94.57,2
with_setup_noise,reduce_nesting,nested_loops,medium,12.0,7,constant_folding|nested_loops,10,O(n²),2,95.2,2
with_setup_noise,reduce_nesting,constant_folding,low,2.0,2,constant_folding|nested_loops,10,O(n²),2,95.2,1
with_branch_noise,reduce_nesting,nested_loops,medium,12.0,10,nested_loops,13,O(n²),1,96.82,2
small_input,reduce_nesting,nested_loops,medium,12.0,5,nested_loops,7,O(n²),1,94.57,2
medium_input,reduce_nesting,nested_loops,medium,12.0,5,nested_loops,7,O(n²),1,94.57,2
large_input,reduce_nesting,nested_loops,medium,12.0,5,nested_loops,7,O(n²),1,94.57,2
with_setup_noise,reduce_nesting,nested_loops,medium,12.0,7,constant_folding|nested_loops,10,O(n²),2,95.2,2
with_setup_noise,reduce_nesting,constant_folding,low,2.0,2,constant_folding|nested_loops,10,O(n²),2,95.2,1
with_branch_noise,reduce_nesting,nested_loops,medium,12.0,10,nested_loops,13,O(n²),1,96.82,2
small_input,reduce_nesting,nested_loops,medium,12.0,5,nested_loops,7,O(n²),1,94.57,2
medium_input,reduce_nesting,nested_loops,medium,12.0,5,nested_loops,7,O(n²),1,94.57,2
large_input,reduce_nesting,nested_loops,medium,12.0,5,nested_loops,7,O(n²),1,94.57,2
with_setup_noise,reduce_nesting,nested_loops,medium,12.0,7,constant_folding|nested_loops,10,O(n²),2,95.2,2
with_setup_noise,reduce_nesting,constant_folding,low,2.0,2,constant_folding|nested_loops,10,O(n²),2,95.2,1
with_branch_noise,reduce_nesting,nested_loops,medium,12.0,10,nested_loops,13,O(n²),1,96.82,2
small_input,reduce_nesting,nested_loops,medium,12.0,5,nested_loops,7,O(n²),1,94.57,2
medium_input,reduce_nesting,nested_loops,medium,12.0,5,nested_loops,7,O(n²),1,94.57,2
large_input,reduce_nesting,nested_loops,medium,12.0,5,nested_loops,7,O(n²),1,94.57,2
with_setup_noise,reduce_nesting,nested_loops,medium,12.0,7,constant_folding|nested_loops,10,O(n²),2,95.2,2
with_setup_noise,reduce_nesting,constant_folding,low,2.0,2,constant_folding|nested_loops,10,O(n²),2,95.2,1
with_branch_noise,reduce_nesting,nested_loops,medium,12.0,10,nested_loops,13,O(n²),1,96.82,2
small_input,reduce_nesting,nested_loops,medium,12.0,5,nested_loops,7,O(n²),1,94.57,2
medium_input,reduce_nesting,nested_loops,medium,12.0,5,nested_loops,7,O(n²),1,94.57,2
large_input,reduce_nesting,nested_loops,medium,12.0,5,nested_loops,7,O(n²),1,94.57,2
with_setup_noise,reduce_nesting,nested_loops,medium,12.0,7,constant_folding|nested_loops,10,O(n²),2,95.2,2
with_setup_noise,reduce_nesting,constant_folding,low,2.0,2,constant_folding|nested_loops,10,O(n²),2,95.2,1
with_branch_noise,reduce_nesting,nested_loops,medium,12.0,10,nested_loops,13,O(n²),1,96.82,2
small_input,reduce_nesting,nested_loops,medium,12.0,5,nested_loops,7,O(n²),1,94.57,2
medium_input,reduce_nesting,nested_loops,medium,12.0,5,nested_loops,7,O(n²),1,94.57,2
large_input,reduce_nesting,nested_loops,medium,12.0,5,nested_loops,7,O(n²),1,94.57,2
with_setup_noise,reduce_nesting,nested_loops,medium,12.0,7,constant_folding|nested_loops,10,O(n²),2,95.2,2
with_setup_noise,reduce_nesting,constant_folding,low,2.0,2,constant_folding|nested_loops,10,O(n²),2,95.2,1
with_branch_noise,reduce_nesting,nested_loops,medium,12.0,10,nested_loops,13,O(n²),1,96.82,2
small_input,reduce_nesting,nested_loops,medium,12.0,5,nested_loops,7,O(n²),1,94.57,2
medium_input,reduce_nesting,nested_loops,medium,12.0,5,nested_loops,7,O(n²),1,94.57,2
large_input,reduce_nesting,nested_loops,medium,12.0,5,nested_loops,7,O(n²),1,94.57,2
with_setup_noise,reduce_nesting,nested_loops,medium,12.0,7,constant_folding|nested_loops,10,O(n²),2,95.2,2
with_setup_noise,reduce_nesting,constant_folding,low,2.0,2,constant_folding|nested_loops,10,O(n²),2,95.2,1
with_branch_noise,reduce_nesting,nested_loops,medium,12.0,10,nested_loops,13,O(n²),1,96.82,2
small_input,reduce_nesting,nested_loops,medium,12.0,5,nested_loops,7,O(n²),1,94.57,2
medium_input,reduce_nesting,nested_loops,medium,12.0,5,nested_loops,7,O(n²),1,94.57,2
large_input,reduce_nesting,nested_loops,medium,12.0,5,nested_loops,7,O(n²),1,94.57,2
with_setup_noise,reduce_nesting,nested_loops,medium,12.0,7,constant_folding|nested_loops,10,O(n²),2,95.2,2
with_setup_noise,reduce_nesting,constant_folding,low,2.0,2,constant_folding|nested_loops,10,O(n²),2,95.2,1
with_branch_noise,reduce_nesting,nested_loops,medium,12.0,10,nested_loops,13,O(n²),1,96.82,2
small_input,reduce_nesting,nested_loops,medium,12.0,5,nested_loops,7,O(n²),1,94.57,2
medium_input,reduce_nesting,nested_loops,medium,12.0,5,nested_loops,7,O(n²),1,94.57,2
large_input,reduce_nesting,nested_loops,medium,12.0,5,nested_loops,7,O(n²),1,94.57,2
with_setup_noise,reduce_nesting,nested_loops,medium,12.0,7,constant_folding|nested_loops,10,O(n²),2,95.2,2
with_setup_noise,reduce_nesting,constant_folding,low,2.0,2,constant_folding|nested_loops,10,O(n²),2,95.2,1
with_branch_noise,reduce_nesting,nested_loops,medium,12.0,10,nested_loops,13,O(n²),1,96.82,2
small_input,reduce_nesting,nested_loops,medium,12.0,5,nested_loops,7,O(n²),1,94.57,2
medium_input,reduce_nesting,nested_loops,medium,12.0,5,nested_loops,7,O(n²),1,94.57,2
large_input,reduce_nesting,nested_loops,medium,12.0,5,nested_loops,7,O(n²),1,94.57,2
with_setup_noise,reduce_nesting,nested_loops,medium,12.0,7,constant_folding|nested_loops,10,O(n²),2,95.2,2
with_setup_noise,reduce_nesting,constant_folding,low,2.0,2,constant_folding|nested_loops,10,O(n²),2,95.2,1
with_branch_noise,reduce_nesting,nested_loops,medium,12.0,10,nested_loops,13,O(n²),1,96.82,2
small_input,reduce_nesting,nested_loops,medium,12.0,5,nested_loops,7,O(n²),1,94.57,2
medium_input,reduce_nesting,nested_loops,medium,12.0,5,nested_loops,7,O(n²),1,94.57,2
large_input,reduce_nesting,nested_loops,medium,12.0,5,nested_loops,7,O(n²),1,94.57,2
with_setup_noise,reduce_nesting,nested_loops,medium,12.0,7,constant_folding|nested_loops,10,O(n²),2,95.2,2
with_setup_noise,reduce_nesting,constant_folding,low,2.0,2,constant_folding|nested_loops,10,O(n²),2,95.2,1
with_branch_noise,reduce_nesting,nested_loops,medium,12.0,10,nested_loops,13,O(n²),1,96.82,2
small_input,hoist_invariant,loop_invariant,medium,8.0,5,constant_folding|loop_invariant,7,O(n),2,95.14,2
small_input,hoist_invariant,constant_folding,low,2.0,5,constant_folding|loop_invariant,7,O(n),2,95.14,1
medium_input,hoist_invariant,loop_invariant,medium,8.0,5,constant_folding|loop_invariant,7,O(n),2,95.14,2
medium_input,hoist_invariant,constant_folding,low,2.0,5,constant_folding|loop_invariant,7,O(n),2,95.14,1
large_input,hoist_invariant,loop_invariant,medium,8.0,5,constant_folding|loop_invariant,7,O(n),2,95.14,2
large_input,hoist_invariant,constant_folding,low,2.0,5,constant_folding|loop_invariant,7,O(n),2,95.14,1
with_setup_noise,hoist_invariant,loop_invariant,medium,8.0,7,constant_folding|loop_invariant,10,O(n),3,95.6,2
with_setup_noise,hoist_invariant,constant_folding,low,2.0,2,constant_folding|loop_invariant,10,O(n),3,95.6,1
with_setup_noise,hoist_invariant,constant_folding,low,2.0,7,constant_folding|loop_invariant,10,O(n),3,95.6,1
with_branch_noise,hoist_invariant,loop_invariant,medium,8.0,10,constant_folding|loop_invariant,13,O(n),2,97.33,2
with_branch_noise,hoist_invariant,constant_folding,low,2.0,10,constant_folding|loop_invariant,13,O(n),2,97.33,1
small_input,hoist_invariant,loop_invariant,medium,8.0,5,constant_folding|loop_invariant,7,O(n),2,95.14,2
small_input,hoist_invariant,constant_folding,low,2.0,5,constant_folding|loop_invariant,7,O(n),2,95.14,1
medium_input,hoist_invariant,loop_invariant,medium,8.0,5,constant_folding|loop_invariant,7,O(n),2,95.14,2
medium_input,hoist_invariant,constant_folding,low,2.0,5,constant_folding|loop_invariant,7,O(n),2,95.14,1
large_input,hoist_invariant,loop_invariant,medium,8.0,5,constant_folding|loop_invariant,7,O(n),2,95.14,2
large_input,hoist_invariant,constant_folding,low,2.0,5,constant_folding|loop_invariant,7,O(n),2,95.14,1
with_setup_noise,hoist_invariant,loop_invariant,medium,8.0,7,constant_folding|loop_invariant,10,O(n),3,95.6,2
with_setup_noise,hoist_invariant,constant_folding,low,2.0,2,constant_folding|loop_invariant,10,O(n),3,95.6,1
with_setup_noise,hoist_invariant,constant_folding,low,2.0,7,constant_folding|loop_invariant,10,O(n),3,95.6,1
with_branch_noise,hoist_invariant,loop_invariant,medium,8.0,10,constant_folding|loop_invariant,13,O(n),2,97.33,2
with_branch_noise,hoist_invariant,constant_folding,low,2.0,10,constant_folding|loop_invariant,13,O(n),2,97.33,1
small_input,hoist_invariant,loop_invariant,medium,8.0,5,constant_folding|loop_invariant,7,O(n),2,95.14,2
small_input,hoist_invariant,constant_folding,low,2.0,5,constant_folding|loop_invariant,7,O(n),2,95.14,1
medium_input,hoist_invariant,loop_invariant,medium,8.0,5,constant_folding|loop_invariant,7,O(n),2,95.14,2
medium_input,hoist_invariant,constant_folding,low,2.0,5,constant_folding|loop_invariant,7,O(n),2,95.14,1
large_input,hoist_invariant,loop_invariant,medium,8.0,5,constant_folding|loop_invariant,7,O(n),2,95.14,2
large_input,hoist_invariant,constant_folding,low,2.0,5,constant_folding|loop_invariant,7,O(n),2,95.14,1
with_setup_noise,hoist_invariant,loop_invariant,medium,8.0,7,constant_folding|loop_invariant,10,O(n),3,95.6,2
with_setup_noise,hoist_invariant,constant_folding,low,2.0,2,constant_folding|loop_invariant,10,O(n),3,95.6,1
with_setup_noise,hoist_invariant,constant_folding,low,2.0,7,constant_folding|loop_invariant,10,O(n),3,95.6,1
with_branch_noise,hoist_invariant,loop_invariant,medium,8.0,10,constant_folding|loop_invariant,13,O(n),2,97.33,2
with_branch_noise,hoist_invariant,constant_folding,low,2.0,10,constant_folding|loop_invariant,13,O(n),2,97.33,1
small_input,hoist_invariant,loop_invariant,medium,8.0,5,constant_folding|loop_invariant,7,O(n),2,95.14,2
small_input,hoist_invariant,constant_folding,low,2.0,5,constant_folding|loop_invariant,7,O(n),2,95.14,1
medium_input,hoist_invariant,loop_invariant,medium,8.0,5,constant_folding|loop_invariant,7,O(n),2,95.14,2
medium_input,hoist_invariant,constant_folding,low,2.0,5,constant_folding|loop_invariant,7,O(n),2,95.14,1
large_input,hoist_invariant,loop_invariant,medium,8.0,5,constant_folding|loop_invariant,7,O(n),2,95.14,2
large_input,hoist_invariant,constant_folding,low,2.0,5,constant_folding|loop_invariant,7,O(n),2,95.14,1
with_setup_noise,hoist_invariant,loop_invariant,medium,8.0,7,constant_folding|loop_invariant,10,O(n),3,95.6,2
with_setup_noise,hoist_invariant,constant_folding,low,2.0,2,constant_folding|loop_invariant,10,O(n),3,95.6,1
with_setup_noise,hoist_invariant,constant_folding,low,2.0,7,constant_folding|loop_invariant,10,O(n),3,95.6,1
with_branch_noise,hoist_invariant,loop_invariant,medium,8.0,10,constant_folding|loop_invariant,13,O(n),2,97.33,2
with_branch_noise,hoist_invariant,constant_folding,low,2.0,10,constant_folding|loop_invariant,13,O(n),2,97.33,1
small_input,hoist_invariant,loop_invariant,medium,8.0,5,constant_folding|loop_invariant,7,O(n),2,95.14,2
small_input,hoist_invariant,constant_folding,low,2.0,5,constant_folding|loop_invariant,7,O(n),2,95.14,1
medium_input,hoist_invariant,loop_invariant,medium,8.0,5,constant_folding|loop_invariant,7,O(n),2,95.14,2
medium_input,hoist_invariant,constant_folding,low,2.0,5,constant_folding|loop_invariant,7,O(n),2,95.14,1
large_input,hoist_invariant,loop_invariant,medium,8.0,5,constant_folding|loop_invariant,7,O(n),2,95.14,2
large_input,hoist_invariant,constant_folding,low,2.0,5,constant_folding|loop_invariant,7,O(n),2,95.14,1
with_setup_noise,hoist_invariant,loop_invariant,medium,8.0,7,constant_folding|loop_invariant,10,O(n),3,95.6,2
with_setup_noise,hoist_invariant,constant_folding,low,2.0,2,constant_folding|loop_invariant,10,O(n),3,95.6,1
with_setup_noise,hoist_invariant,constant_folding,low,2.0,7,constant_folding|loop_invariant,10,O(n),3,95.6,1
with_branch_noise,hoist_invariant,loop_invariant,medium,8.0,10,constant_folding|loop_invariant,13,O(n),2,97.33,2
with_branch_noise,hoist_invariant,constant_folding,low,2.0,10,constant_folding|loop_invariant,13,O(n),2,97.33,1
small_input,hoist_invariant,loop_invariant,medium,8.0,5,constant_folding|loop_invariant,7,O(n),2,95.14,2
small_input,hoist_invariant,constant_folding,low,2.0,5,constant_folding|loop_invariant,7,O(n),2,95.14,1
medium_input,hoist_invariant,loop_invariant,medium,8.0,5,constant_folding|loop_invariant,7,O(n),2,95.14,2
medium_input,hoist_invariant,constant_folding,low,2.0,5,constant_folding|loop_invariant,7,O(n),2,95.14,1
large_input,hoist_invariant,loop_invariant,medium,8.0,5,constant_folding|loop_invariant,7,O(n),2,95.14,2
large_input,hoist_invariant,constant_folding,low,2.0,5,constant_folding|loop_invariant,7,O(n),2,95.14,1
with_setup_noise,hoist_invariant,loop_invariant,medium,8.0,7,constant_folding|loop_invariant,10,O(n),3,95.6,2
with_setup_noise,hoist_invariant,constant_folding,low,2.0,2,constant_folding|loop_invariant,10,O(n),3,95.6,1
with_setup_noise,hoist_invariant,constant_folding,low,2.0,7,constant_folding|loop_invariant,10,O(n),3,95.6,1
with_branch_noise,hoist_invariant,loop_invariant,medium,8.0,10,constant_folding|loop_invariant,13,O(n),2,97.33,2
with_branch_noise,hoist_invariant,constant_folding,low,2.0,10,constant_folding|loop_invariant,13,O(n),2,97.33,1
small_input,hoist_invariant,loop_invariant,medium,8.0,5,constant_folding|loop_invariant,7,O(n),2,95.14,2
small_input,hoist_invariant,constant_folding,low,2.0,5,constant_folding|loop_invariant,7,O(n),2,95.14,1
medium_input,hoist_invariant,loop_invariant,medium,8.0,5,constant_folding|loop_invariant,7,O(n),2,95.14,2
medium_input,hoist_invariant,constant_folding,low,2.0,5,constant_folding|loop_invariant,7,O(n),2,95.14,1
large_input,hoist_invariant,loop_invariant,medium,8.0,5,constant_folding|loop_invariant,7,O(n),2,95.14,2
large_input,hoist_invariant,constant_folding,low,2.0,5,constant_folding|loop_invariant,7,O(n),2,95.14,1
with_setup_noise,hoist_invariant,loop_invariant,medium,8.0,7,constant_folding|loop_invariant,10,O(n),3,95.6,2
with_setup_noise,hoist_invariant,constant_folding,low,2.0,2,constant_folding|loop_invariant,10,O(n),3,95.6,1
with_setup_noise,hoist_invariant,constant_folding,low,2.0,7,constant_folding|loop_invariant,10,O(n),3,95.6,1
with_branch_noise,hoist_invariant,loop_invariant,medium,8.0,10,constant_folding|loop_invariant,13,O(n),2,97.33,2
with_branch_noise,hoist_invariant,constant_folding,low,2.0,10,constant_folding|loop_invariant,13,O(n),2,97.33,1
small_input,hoist_invariant,loop_invariant,medium,8.0,5,constant_folding|loop_invariant,7,O(n),2,95.14,2
small_input,hoist_invariant,constant_folding,low,2.0,5,constant_folding|loop_invariant,7,O(n),2,95.14,1
medium_input,hoist_invariant,loop_invariant,medium,8.0,5,constant_folding|loop_invariant,7,O(n),2,95.14,2
medium_input,hoist_invariant,constant_folding,low,2.0,5,constant_folding|loop_invariant,7,O(n),2,95.14,1
large_input,hoist_invariant,loop_invariant,medium,8.0,5,constant_folding|loop_invariant,7,O(n),2,95.14,2
large_input,hoist_invariant,constant_folding,low,2.0,5,constant_folding|loop_invariant,7,O(n),2,95.14,1
with_setup_noise,hoist_invariant,loop_invariant,medium,8.0,7,constant_folding|loop_invariant,10,O(n),3,95.6,2
with_setup_noise,hoist_invariant,constant_folding,low,2.0,2,constant_folding|loop_invariant,10,O(n),3,95.6,1
with_setup_noise,hoist_invariant,constant_folding,low,2.0,7,constant_folding|loop_invariant,10,O(n),3,95.6,1
with_branch_noise,hoist_invariant,loop_invariant,medium,8.0,10,constant_folding|loop_invariant,13,O(n),2,97.33,2
with_branch_noise,hoist_invariant,constant_folding,low,2.0,10,constant_folding|loop_invariant,13,O(n),2,97.33,1
small_input,hoist_invariant,loop_invariant,medium,8.0,5,constant_folding|loop_invariant,7,O(n),2,95.14,2
small_input,hoist_invariant,constant_folding,low,2.0,5,constant_folding|loop_invariant,7,O(n),2,95.14,1
medium_input,hoist_invariant,loop_invariant,medium,8.0,5,constant_folding|loop_invariant,7,O(n),2,95.14,2
medium_input,hoist_invariant,constant_folding,low,2.0,5,constant_folding|loop_invariant,7,O(n),2,95.14,1
large_input,hoist_invariant,loop_invariant,medium,8.0,5,constant_folding|loop_invariant,7,O(n),2,95.14,2
large_input,hoist_invariant,constant_folding,low,2.0,5,constant_folding|loop_invariant,7,O(n),2,95.14,1
with_setup_noise,hoist_invariant,loop_invariant,medium,8.0,7,constant_folding|loop_invariant,10,O(n),3,95.6,2
with_setup_noise,hoist_invariant,constant_folding,low,2.0,2,constant_folding|loop_invariant,10,O(n),3,95.6,1
with_setup_noise,hoist_invariant,constant_folding,low,2.0,7,constant_folding|loop_invariant,10,O(n),3,95.6,1
with_branch_noise,hoist_invariant,loop_invariant,medium,8.0,10,constant_folding|loop_invariant,13,O(n),2,97.33,2
with_branch_noise,hoist_invariant,constant_folding,low,2.0,10,constant_folding|loop_invariant,13,O(n),2,97.33,1
small_input,hoist_invariant,loop_invariant,medium,8.0,5,constant_folding|loop_invariant,7,O(n),2,95.14,2
small_input,hoist_invariant,constant_folding,low,2.0,5,constant_folding|loop_invariant,7,O(n),2,95.14,1
medium_input,hoist_invariant,loop_invariant,medium,8.0,5,constant_folding|loop_invariant,7,O(n),2,95.14,2
medium_input,hoist_invariant,constant_folding,low,2.0,5,constant_folding|loop_invariant,7,O(n),2,95.14,1
large_input,hoist_invariant,loop_invariant,medium,8.0,5,constant_folding|loop_invariant,7,O(n),2,95.14,2
large_input,hoist_invariant,constant_folding,low,2.0,5,constant_folding|loop_invariant,7,O(n),2,95.14,1
with_setup_noise,hoist_invariant,loop_invariant,medium,8.0,7,constant_folding|loop_invariant,10,O(n),3,95.6,2
with_setup_noise,hoist_invariant,constant_folding,low,2.0,2,constant_folding|loop_invariant,10,O(n),3,95.6,1
with_setup_noise,hoist_invariant,constant_folding,low,2.0,7,constant_folding|loop_invariant,10,O(n),3,95.6,1
with_branch_noise,hoist_invariant,loop_invariant,medium,8.0,10,constant_folding|loop_invariant,13,O(n),2,97.33,2
with_branch_noise,hoist_invariant,constant_folding,low,2.0,10,constant_folding|loop_invariant,13,O(n),2,97.33,1
small_input,hoist_invariant,loop_invariant,medium,8.0,5,constant_folding|loop_invariant,7,O(n),2,95.14,2
small_input,hoist_invariant,constant_folding,low,2.0,5,constant_folding|loop_invariant,7,O(n),2,95.14,1
medium_input,hoist_invariant,loop_invariant,medium,8.0,5,constant_folding|loop_invariant,7,O(n),2,95.14,2
medium_input,hoist_invariant,constant_folding,low,2.0,5,constant_folding|loop_invariant,7,O(n),2,95.14,1
large_input,hoist_invariant,loop_invariant,medium,8.0,5,constant_folding|loop_invariant,7,O(n),2,95.14,2
large_input,hoist_invariant,constant_folding,low,2.0,5,constant_folding|loop_invariant,7,O(n),2,95.14,1
with_setup_noise,hoist_invariant,loop_invariant,medium,8.0,7,constant_folding|loop_invariant,10,O(n),3,95.6,2
with_setup_noise,hoist_invariant,constant_folding,low,2.0,2,constant_folding|loop_invariant,10,O(n),3,95.6,1
with_setup_noise,hoist_invariant,constant_folding,low,2.0,7,constant_folding|loop_invariant,10,O(n),3,95.6,1
with_branch_noise,hoist_invariant,loop_invariant,medium,8.0,10,constant_folding|loop_invariant,13,O(n),2,97.33,2
with_branch_noise,hoist_invariant,constant_folding,low,2.0,10,constant_folding|loop_invariant,13,O(n),2,97.33,1
small_input,hoist_invariant,loop_invariant,medium,8.0,5,constant_folding|loop_invariant,7,O(n),2,95.14,2
small_input,hoist_invariant,constant_folding,low,2.0,5,constant_folding|loop_invariant,7,O(n),2,95.14,1
medium_input,hoist_invariant,loop_invariant,medium,8.0,5,constant_folding|loop_invariant,7,O(n),2,95.14,2
medium_input,hoist_invariant,constant_folding,low,2.0,5,constant_folding|loop_invariant,7,O(n),2,95.14,1
large_input,hoist_invariant,loop_invariant,medium,8.0,5,constant_folding|loop_invariant,7,O(n),2,95.14,2
large_input,hoist_invariant,constant_folding,low,2.0,5,constant_folding|loop_invariant,7,O(n),2,95.14,1
with_setup_noise,hoist_invariant,loop_invariant,medium,8.0,7,constant_folding|loop_invariant,10,O(n),3,95.6,2
with_setup_noise,hoist_invariant,constant_folding,low,2.0,2,constant_folding|loop_invariant,10,O(n),3,95.6,1
with_setup_noise,hoist_invariant,constant_folding,low,2.0,7,constant_folding|loop_invariant,10,O(n),3,95.6,1
with_branch_noise,hoist_invariant,loop_invariant,medium,8.0,10,constant_folding|loop_invariant,13,O(n),2,97.33,2
with_branch_noise,hoist_invariant,constant_folding,low,2.0,10,constant_folding|loop_invariant,13,O(n),2,97.33,1
small_input,hoist_invariant,loop_invariant,medium,8.0,5,constant_folding|loop_invariant,7,O(n),2,95.14,2
small_input,hoist_invariant,constant_folding,low,2.0,5,constant_folding|loop_invariant,7,O(n),2,95.14,1
medium_input,hoist_invariant,loop_invariant,medium,8.0,5,constant_folding|loop_invariant,7,O(n),2,95.14,2
medium_input,hoist_invariant,constant_folding,low,2.0,5,constant_folding|loop_invariant,7,O(n),2,95.14,1
large_input,hoist_invariant,loop_invariant,medium,8.0,5,constant_folding|loop_invariant,7,O(n),2,95.14,2
large_input,hoist_invariant,constant_folding,low,2.0,5,constant_folding|loop_invariant,7,O(n),2,95.14,1
with_setup_noise,hoist_invariant,loop_invariant,medium,8.0,7,constant_folding|loop_invariant,10,O(n),3,95.6,2
with_setup_noise,hoist_invariant,constant_folding,low,2.0,2,constant_folding|loop_invariant,10,O(n),3,95.6,1
with_setup_noise,hoist_invariant,constant_folding,low,2.0,7,constant_folding|loop_invariant,10,O(n),3,95.6,1
with_branch_noise,hoist_invariant,loop_invariant,medium,8.0,10,constant_folding|loop_invariant,13,O(n),2,97.33,2
with_branch_noise,hoist_invariant,constant_folding,low,2.0,10,constant_folding|loop_invariant,13,O(n),2,97.33,1
small_input,hoist_invariant,loop_invariant,medium,8.0,5,constant_folding|loop_invariant,7,O(n),2,95.14,2
small_input,hoist_invariant,constant_folding,low,2.0,5,constant_folding|loop_invariant,7,O(n),2,95.14,1
medium_input,hoist_invariant,loop_invariant,medium,8.0,5,constant_folding|loop_invariant,7,O(n),2,95.14,2
medium_input,hoist_invariant,constant_folding,low,2.0,5,constant_folding|loop_invariant,7,O(n),2,95.14,1
large_input,hoist_invariant,loop_invariant,medium,8.0,5,constant_folding|loop_invariant,7,O(n),2,95.14,2
large_input,hoist_invariant,constant_folding,low,2.0,5,constant_folding|loop_invariant,7,O(n),2,95.14,1
with_setup_noise,hoist_invariant,loop_invariant,medium,8.0,7,constant_folding|loop_invariant,10,O(n),3,95.6,2
with_setup_noise,hoist_invariant,constant_folding,low,2.0,2,constant_folding|loop_invariant,10,O(n),3,95.6,1
with_setup_noise,hoist_invariant,constant_folding,low,2.0,7,constant_folding|loop_invariant,10,O(n),3,95.6,1
with_branch_noise,hoist_invariant,loop_invariant,medium,8.0,10,constant_folding|loop_invariant,13,O(n),2,97.33,2
with_branch_noise,hoist_invariant,constant_folding,low,2.0,10,constant_folding|loop_invariant,13,O(n),2,97.33,1
small_input,hoist_invariant,loop_invariant,medium,8.0,5,constant_folding|loop_invariant,7,O(n),2,95.14,2
small_input,hoist_invariant,constant_folding,low,2.0,5,constant_folding|loop_invariant,7,O(n),2,95.14,1
medium_input,hoist_invariant,loop_invariant,medium,8.0,5,constant_folding|loop_invariant,7,O(n),2,95.14,2
medium_input,hoist_invariant,constant_folding,low,2.0,5,constant_folding|loop_invariant,7,O(n),2,95.14,1
large_input,hoist_invariant,loop_invariant,medium,8.0,5,constant_folding|loop_invariant,7,O(n),2,95.14,2
large_input,hoist_invariant,constant_folding,low,2.0,5,constant_folding|loop_invariant,7,O(n),2,95.14,1
with_setup_noise,hoist_invariant,loop_invariant,medium,8.0,7,constant_folding|loop_invariant,10,O(n),3,95.6,2
with_setup_noise,hoist_invariant,constant_folding,low,2.0,2,constant_folding|loop_invariant,10,O(n),3,95.6,1
with_setup_noise,hoist_invariant,constant_folding,low,2.0,7,constant_folding|loop_invariant,10,O(n),3,95.6,1
with_branch_noise,hoist_invariant,loop_invariant,medium,8.0,10,constant_folding|loop_invariant,13,O(n),2,97.33,2
with_branch_noise,hoist_invariant,constant_folding,low,2.0,10,constant_folding|loop_invariant,13,O(n),2,97.33,1
small_input,hoist_invariant,loop_invariant,medium,8.0,5,constant_folding|loop_invariant,7,O(n),2,95.14,2
small_input,hoist_invariant,constant_folding,low,2.0,5,constant_folding|loop_invariant,7,O(n),2,95.14,1
medium_input,hoist_invariant,loop_invariant,medium,8.0,5,constant_folding|loop_invariant,7,O(n),2,95.14,2
medium_input,hoist_invariant,constant_folding,low,2.0,5,constant_folding|loop_invariant,7,O(n),2,95.14,1
large_input,hoist_invariant,loop_invariant,medium,8.0,5,constant_folding|loop_invariant,7,O(n),2,95.14,2
large_input,hoist_invariant,constant_folding,low,2.0,5,constant_folding|loop_invariant,7,O(n),2,95.14,1
with_setup_noise,hoist_invariant,loop_invariant,medium,8.0,7,constant_folding|loop_invariant,10,O(n),3,95.6,2
with_setup_noise,hoist_invariant,constant_folding,low,2.0,2,constant_folding|loop_invariant,10,O(n),3,95.6,1
with_setup_noise,hoist_invariant,constant_folding,low,2.0,7,constant_folding|loop_invariant,10,O(n),3,95.6,1
with_branch_noise,hoist_invariant,loop_invariant,medium,8.0,10,constant_folding|loop_invariant,13,O(n),2,97.33,2
with_branch_noise,hoist_invariant,constant_folding,low,2.0,10,constant_folding|loop_invariant,13,O(n),2,97.33,1
small_input,hoist_invariant,loop_invariant,medium,8.0,5,constant_folding|loop_invariant,7,O(n),2,95.14,2
small_input,hoist_invariant,constant_folding,low,2.0,5,constant_folding|loop_invariant,7,O(n),2,95.14,1
medium_input,hoist_invariant,loop_invariant,medium,8.0,5,constant_folding|loop_invariant,7,O(n),2,95.14,2
medium_input,hoist_invariant,constant_folding,low,2.0,5,constant_folding|loop_invariant,7,O(n),2,95.14,1
large_input,hoist_invariant,loop_invariant,medium,8.0,5,constant_folding|loop_invariant,7,O(n),2,95.14,2
large_input,hoist_invariant,constant_folding,low,2.0,5,constant_folding|loop_invariant,7,O(n),2,95.14,1
with_setup_noise,hoist_invariant,loop_invariant,medium,8.0,7,constant_folding|loop_invariant,10,O(n),3,95.6,2
with_setup_noise,hoist_invariant,constant_folding,low,2.0,2,constant_folding|loop_invariant,10,O(n),3,95.6,1
with_setup_noise,hoist_invariant,constant_folding,low,2.0,7,constant_folding|loop_invariant,10,O(n),3,95.6,1
with_branch_noise,hoist_invariant,loop_invariant,medium,8.0,10,constant_folding|loop_invariant,13,O(n),2,97.33,2
with_branch_noise,hoist_invariant,constant_folding,low,2.0,10,constant_folding|loop_invariant,13,O(n),2,97.33,1
small_input,hoist_invariant,loop_invariant,medium,8.0,5,constant_folding|loop_invariant,7,O(n),2,95.14,2
small_input,hoist_invariant,constant_folding,low,2.0,5,constant_folding|loop_invariant,7,O(n),2,95.14,1
medium_input,hoist_invariant,loop_invariant,medium,8.0,5,constant_folding|loop_invariant,7,O(n),2,95.14,2
medium_input,hoist_invariant,constant_folding,low,2.0,5,constant_folding|loop_invariant,7,O(n),2,95.14,1
large_input,hoist_invariant,loop_invariant,medium,8.0,5,constant_folding|loop_invariant,7,O(n),2,95.14,2
large_input,hoist_invariant,constant_folding,low,2.0,5,constant_folding|loop_invariant,7,O(n),2,95.14,1
with_setup_noise,hoist_invariant,loop_invariant,medium,8.0,7,constant_folding|loop_invariant,10,O(n),3,95.6,2
with_setup_noise,hoist_invariant,constant_folding,low,2.0,2,constant_folding|loop_invariant,10,O(n),3,95.6,1
with_setup_noise,hoist_invariant,constant_folding,low,2.0,7,constant_folding|loop_invariant,10,O(n),3,95.6,1
with_branch_noise,hoist_invariant,loop_invariant,medium,8.0,10,constant_folding|loop_invariant,13,O(n),2,97.33,2
with_branch_noise,hoist_invariant,constant_folding,low,2.0,10,constant_folding|loop_invariant,13,O(n),2,97.33,1
small_input,cache_repeated_computation,hot_loop,medium,10.0,50,hot_loop|repeated_computation,55,O(n),4,98.44,2
small_input,cache_repeated_computation,repeated_computation,medium,8.0,52,hot_loop|repeated_computation,55,O(n),4,98.44,2
small_input,cache_repeated_computation,repeated_computation,medium,8.0,52,hot_loop|repeated_computation,55,O(n),4,98.44,2
small_input,cache_repeated_computation,repeated_computation,medium,8.0,52,hot_loop|repeated_computation,55,O(n),4,98.44,2
medium_input,cache_repeated_computation,hot_loop,medium,10.0,50,hot_loop|repeated_computation,55,O(n),4,98.44,2
medium_input,cache_repeated_computation,repeated_computation,medium,8.0,52,hot_loop|repeated_computation,55,O(n),4,98.44,2
medium_input,cache_repeated_computation,repeated_computation,medium,8.0,52,hot_loop|repeated_computation,55,O(n),4,98.44,2
medium_input,cache_repeated_computation,repeated_computation,medium,8.0,52,hot_loop|repeated_computation,55,O(n),4,98.44,2
large_input,cache_repeated_computation,hot_loop,medium,10.0,50,hot_loop|repeated_computation,55,O(n),4,98.44,2
large_input,cache_repeated_computation,repeated_computation,medium,8.0,52,hot_loop|repeated_computation,55,O(n),4,98.44,2
large_input,cache_repeated_computation,repeated_computation,medium,8.0,52,hot_loop|repeated_computation,55,O(n),4,98.44,2
large_input,cache_repeated_computation,repeated_computation,medium,8.0,52,hot_loop|repeated_computation,55,O(n),4,98.44,2
with_setup_noise,cache_repeated_computation,hot_loop,medium,10.0,52,constant_folding|hot_loop|repeated_computation,58,O(n),5,98.35,2
with_setup_noise,cache_repeated_computation,repeated_computation,medium,8.0,54,constant_folding|hot_loop|repeated_computation,58,O(n),5,98.35,2
with_setup_noise,cache_repeated_computation,repeated_computation,medium,8.0,54,constant_folding|hot_loop|repeated_computation,58,O(n),5,98.35,2
with_setup_noise,cache_repeated_computation,repeated_computation,medium,8.0,54,constant_folding|hot_loop|repeated_computation,58,O(n),5,98.35,2
with_setup_noise,cache_repeated_computation,constant_folding,low,2.0,2,constant_folding|hot_loop|repeated_computation,58,O(n),5,98.35,1
with_branch_noise,cache_repeated_computation,hot_loop,medium,10.0,55,hot_loop|repeated_computation,61,O(n),4,98.59,2
with_branch_noise,cache_repeated_computation,repeated_computation,medium,8.0,57,hot_loop|repeated_computation,61,O(n),4,98.59,2
with_branch_noise,cache_repeated_computation,repeated_computation,medium,8.0,57,hot_loop|repeated_computation,61,O(n),4,98.59,2
with_branch_noise,cache_repeated_computation,repeated_computation,medium,8.0,57,hot_loop|repeated_computation,61,O(n),4,98.59,2
small_input,cache_repeated_computation,hot_loop,medium,10.0,50,hot_loop|repeated_computation,55,O(n),4,98.44,2
small_input,cache_repeated_computation,repeated_computation,medium,8.0,52,hot_loop|repeated_computation,55,O(n),4,98.44,2
small_input,cache_repeated_computation,repeated_computation,medium,8.0,52,hot_loop|repeated_computation,55,O(n),4,98.44,2
small_input,cache_repeated_computation,repeated_computation,medium,8.0,52,hot_loop|repeated_computation,55,O(n),4,98.44,2
medium_input,cache_repeated_computation,hot_loop,medium,10.0,50,hot_loop|repeated_computation,55,O(n),4,98.44,2
medium_input,cache_repeated_computation,repeated_computation,medium,8.0,52,hot_loop|repeated_computation,55,O(n),4,98.44,2
medium_input,cache_repeated_computation,repeated_computation,medium,8.0,52,hot_loop|repeated_computation,55,O(n),4,98.44,2
medium_input,cache_repeated_computation,repeated_computation,medium,8.0,52,hot_loop|repeated_computation,55,O(n),4,98.44,2
large_input,cache_repeated_computation,hot_loop,medium,10.0,50,hot_loop|repeated_computation,55,O(n),4,98.44,2
large_input,cache_repeated_computation,repeated_computation,medium,8.0,52,hot_loop|repeated_computation,55,O(n),4,98.44,2
large_input,cache_repeated_computation,repeated_computation,medium,8.0,52,hot_loop|repeated_computation,55,O(n),4,98.44,2
large_input,cache_repeated_computation,repeated_computation,medium,8.0,52,hot_loop|repeated_computation,55,O(n),4,98.44,2
with_setup_noise,cache_repeated_computation,hot_loop,medium,10.0,52,constant_folding|hot_loop|repeated_computation,58,O(n),5,98.35,2
with_setup_noise,cache_repeated_computation,repeated_computation,medium,8.0,54,constant_folding|hot_loop|repeated_computation,58,O(n),5,98.35,2
with_setup_noise,cache_repeated_computation,repeated_computation,medium,8.0,54,constant_folding|hot_loop|repeated_computation,58,O(n),5,98.35,2
with_setup_noise,cache_repeated_computation,repeated_computation,medium,8.0,54,constant_folding|hot_loop|repeated_computation,58,O(n),5,98.35,2
with_setup_noise,cache_repeated_computation,constant_folding,low,2.0,2,constant_folding|hot_loop|repeated_computation,58,O(n),5,98.35,1
with_branch_noise,cache_repeated_computation,hot_loop,medium,10.0,55,hot_loop|repeated_computation,61,O(n),4,98.59,2
with_branch_noise,cache_repeated_computation,repeated_computation,medium,8.0,57,hot_loop|repeated_computation,61,O(n),4,98.59,2
with_branch_noise,cache_repeated_computation,repeated_computation,medium,8.0,57,hot_loop|repeated_computation,61,O(n),4,98.59,2
with_branch_noise,cache_repeated_computation,repeated_computation,medium,8.0,57,hot_loop|repeated_computation,61,O(n),4,98.59,2
small_input,cache_repeated_computation,hot_loop,medium,10.0,50,hot_loop|repeated_computation,55,O(n),4,98.44,2
small_input,cache_repeated_computation,repeated_computation,medium,8.0,52,hot_loop|repeated_computation,55,O(n),4,98.44,2
small_input,cache_repeated_computation,repeated_computation,medium,8.0,52,hot_loop|repeated_computation,55,O(n),4,98.44,2
small_input,cache_repeated_computation,repeated_computation,medium,8.0,52,hot_loop|repeated_computation,55,O(n),4,98.44,2
medium_input,cache_repeated_computation,hot_loop,medium,10.0,50,hot_loop|repeated_computation,55,O(n),4,98.44,2
medium_input,cache_repeated_computation,repeated_computation,medium,8.0,52,hot_loop|repeated_computation,55,O(n),4,98.44,2
medium_input,cache_repeated_computation,repeated_computation,medium,8.0,52,hot_loop|repeated_computation,55,O(n),4,98.44,2
medium_input,cache_repeated_computation,repeated_computation,medium,8.0,52,hot_loop|repeated_computation,55,O(n),4,98.44,2
large_input,cache_repeated_computation,hot_loop,medium,10.0,50,hot_loop|repeated_computation,55,O(n),4,98.44,2
large_input,cache_repeated_computation,repeated_computation,medium,8.0,52,hot_loop|repeated_computation,55,O(n),4,98.44,2
large_input,cache_repeated_computation,repeated_computation,medium,8.0,52,hot_loop|repeated_computation,55,O(n),4,98.44,2
large_input,cache_repeated_computation,repeated_computation,medium,8.0,52,hot_loop|repeated_computation,55,O(n),4,98.44,2
with_setup_noise,cache_repeated_computation,hot_loop,medium,10.0,52,constant_folding|hot_loop|repeated_computation,58,O(n),5,98.35,2
with_setup_noise,cache_repeated_computation,repeated_computation,medium,8.0,54,constant_folding|hot_loop|repeated_computation,58,O(n),5,98.35,2
with_setup_noise,cache_repeated_computation,repeated_computation,medium,8.0,54,constant_folding|hot_loop|repeated_computation,58,O(n),5,98.35,2
with_setup_noise,cache_repeated_computation,repeated_computation,medium,8.0,54,constant_folding|hot_loop|repeated_computation,58,O(n),5,98.35,2
with_setup_noise,cache_repeated_computation,constant_folding,low,2.0,2,constant_folding|hot_loop|repeated_computation,58,O(n),5,98.35,1
with_branch_noise,cache_repeated_computation,hot_loop,medium,10.0,55,hot_loop|repeated_computation,61,O(n),4,98.59,2
with_branch_noise,cache_repeated_computation,repeated_computation,medium,8.0,57,hot_loop|repeated_computation,61,O(n),4,98.59,2
with_branch_noise,cache_repeated_computation,repeated_computation,medium,8.0,57,hot_loop|repeated_computation,61,O(n),4,98.59,2
with_branch_noise,cache_repeated_computation,repeated_computation,medium,8.0,57,hot_loop|repeated_computation,61,O(n),4,98.59,2
small_input,cache_repeated_computation,hot_loop,medium,10.0,50,hot_loop|repeated_computation,55,O(n),4,98.44,2
small_input,cache_repeated_computation,repeated_computation,medium,8.0,52,hot_loop|repeated_computation,55,O(n),4,98.44,2
small_input,cache_repeated_computation,repeated_computation,medium,8.0,52,hot_loop|repeated_computation,55,O(n),4,98.44,2
small_input,cache_repeated_computation,repeated_computation,medium,8.0,52,hot_loop|repeated_computation,55,O(n),4,98.44,2
medium_input,cache_repeated_computation,hot_loop,medium,10.0,50,hot_loop|repeated_computation,55,O(n),4,98.44,2
medium_input,cache_repeated_computation,repeated_computation,medium,8.0,52,hot_loop|repeated_computation,55,O(n),4,98.44,2
medium_input,cache_repeated_computation,repeated_computation,medium,8.0,52,hot_loop|repeated_computation,55,O(n),4,98.44,2
medium_input,cache_repeated_computation,repeated_computation,medium,8.0,52,hot_loop|repeated_computation,55,O(n),4,98.44,2
large_input,cache_repeated_computation,hot_loop,medium,10.0,50,hot_loop|repeated_computation,55,O(n),4,98.44,2
large_input,cache_repeated_computation,repeated_computation,medium,8.0,52,hot_loop|repeated_computation,55,O(n),4,98.44,2
large_input,cache_repeated_computation,repeated_computation,medium,8.0,52,hot_loop|repeated_computation,55,O(n),4,98.44,2
large_input,cache_repeated_computation,repeated_computation,medium,8.0,52,hot_loop|repeated_computation,55,O(n),4,98.44,2
with_setup_noise,cache_repeated_computation,hot_loop,medium,10.0,52,constant_folding|hot_loop|repeated_computation,58,O(n),5,98.35,2
with_setup_noise,cache_repeated_computation,repeated_computation,medium,8.0,54,constant_folding|hot_loop|repeated_computation,58,O(n),5,98.35,2
with_setup_noise,cache_repeated_computation,repeated_computation,medium,8.0,54,constant_folding|hot_loop|repeated_computation,58,O(n),5,98.35,2
with_setup_noise,cache_repeated_computation,repeated_computation,medium,8.0,54,constant_folding|hot_loop|repeated_computation,58,O(n),5,98.35,2
with_setup_noise,cache_repeated_computation,constant_folding,low,2.0,2,constant_folding|hot_loop|repeated_computation,58,O(n),5,98.35,1
with_branch_noise,cache_repeated_computation,hot_loop,medium,10.0,55,hot_loop|repeated_computation,61,O(n),4,98.59,2
with_branch_noise,cache_repeated_computation,repeated_computation,medium,8.0,57,hot_loop|repeated_computation,61,O(n),4,98.59,2
with_branch_noise,cache_repeated_computation,repeated_computation,medium,8.0,57,hot_loop|repeated_computation,61,O(n),4,98.59,2
with_branch_noise,cache_repeated_computation,repeated_computation,medium,8.0,57,hot_loop|repeated_computation,61,O(n),4,98.59,2
small_input,cache_repeated_computation,hot_loop,medium,10.0,50,hot_loop|repeated_computation,55,O(n),4,98.44,2
small_input,cache_repeated_computation,repeated_computation,medium,8.0,52,hot_loop|repeated_computation,55,O(n),4,98.44,2
small_input,cache_repeated_computation,repeated_computation,medium,8.0,52,hot_loop|repeated_computation,55,O(n),4,98.44,2
small_input,cache_repeated_computation,repeated_computation,medium,8.0,52,hot_loop|repeated_computation,55,O(n),4,98.44,2
medium_input,cache_repeated_computation,hot_loop,medium,10.0,50,hot_loop|repeated_computation,55,O(n),4,98.44,2
medium_input,cache_repeated_computation,repeated_computation,medium,8.0,52,hot_loop|repeated_computation,55,O(n),4,98.44,2
medium_input,cache_repeated_computation,repeated_computation,medium,8.0,52,hot_loop|repeated_computation,55,O(n),4,98.44,2
medium_input,cache_repeated_computation,repeated_computation,medium,8.0,52,hot_loop|repeated_computation,55,O(n),4,98.44,2
large_input,cache_repeated_computation,hot_loop,medium,10.0,50,hot_loop|repeated_computation,55,O(n),4,98.44,2
large_input,cache_repeated_computation,repeated_computation,medium,8.0,52,hot_loop|repeated_computation,55,O(n),4,98.44,2
large_input,cache_repeated_computation,repeated_computation,medium,8.0,52,hot_loop|repeated_computation,55,O(n),4,98.44,2
large_input,cache_repeated_computation,repeated_computation,medium,8.0,52,hot_loop|repeated_computation,55,O(n),4,98.44,2
with_setup_noise,cache_repeated_computation,hot_loop,medium,10.0,52,constant_folding|hot_loop|repeated_computation,58,O(n),5,98.35,2
with_setup_noise,cache_repeated_computation,repeated_computation,medium,8.0,54,constant_folding|hot_loop|repeated_computation,58,O(n),5,98.35,2
with_setup_noise,cache_repeated_computation,repeated_computation,medium,8.0,54,constant_folding|hot_loop|repeated_computation,58,O(n),5,98.35,2
with_setup_noise,cache_repeated_computation,repeated_computation,medium,8.0,54,constant_folding|hot_loop|repeated_computation,58,O(n),5,98.35,2
with_setup_noise,cache_repeated_computation,constant_folding,low,2.0,2,constant_folding|hot_loop|repeated_computation,58,O(n),5,98.35,1
with_branch_noise,cache_repeated_computation,hot_loop,medium,10.0,55,hot_loop|repeated_computation,61,O(n),4,98.59,2
with_branch_noise,cache_repeated_computation,repeated_computation,medium,8.0,57,hot_loop|repeated_computation,61,O(n),4,98.59,2
with_branch_noise,cache_repeated_computation,repeated_computation,medium,8.0,57,hot_loop|repeated_computation,61,O(n),4,98.59,2
with_branch_noise,cache_repeated_computation,repeated_computation,medium,8.0,57,hot_loop|repeated_computation,61,O(n),4,98.59,2
small_input,cache_repeated_computation,hot_loop,medium,10.0,50,hot_loop|repeated_computation,55,O(n),4,98.44,2
small_input,cache_repeated_computation,repeated_computation,medium,8.0,52,hot_loop|repeated_computation,55,O(n),4,98.44,2
small_input,cache_repeated_computation,repeated_computation,medium,8.0,52,hot_loop|repeated_computation,55,O(n),4,98.44,2
small_input,cache_repeated_computation,repeated_computation,medium,8.0,52,hot_loop|repeated_computation,55,O(n),4,98.44,2
medium_input,cache_repeated_computation,hot_loop,medium,10.0,50,hot_loop|repeated_computation,55,O(n),4,98.44,2
medium_input,cache_repeated_computation,repeated_computation,medium,8.0,52,hot_loop|repeated_computation,55,O(n),4,98.44,2
medium_input,cache_repeated_computation,repeated_computation,medium,8.0,52,hot_loop|repeated_computation,55,O(n),4,98.44,2
medium_input,cache_repeated_computation,repeated_computation,medium,8.0,52,hot_loop|repeated_computation,55,O(n),4,98.44,2
large_input,cache_repeated_computation,hot_loop,medium,10.0,50,hot_loop|repeated_computation,55,O(n),4,98.44,2
large_input,cache_repeated_computation,repeated_computation,medium,8.0,52,hot_loop|repeated_computation,55,O(n),4,98.44,2
large_input,cache_repeated_computation,repeated_computation,medium,8.0,52,hot_loop|repeated_computation,55,O(n),4,98.44,2
large_input,cache_repeated_computation,repeated_computation,medium,8.0,52,hot_loop|repeated_computation,55,O(n),4,98.44,2
with_setup_noise,cache_repeated_computation,hot_loop,medium,10.0,52,constant_folding|hot_loop|repeated_computation,58,O(n),5,98.35,2
with_setup_noise,cache_repeated_computation,repeated_computation,medium,8.0,54,constant_folding|hot_loop|repeated_computation,58,O(n),5,98.35,2
with_setup_noise,cache_repeated_computation,repeated_computation,medium,8.0,54,constant_folding|hot_loop|repeated_computation,58,O(n),5,98.35,2
with_setup_noise,cache_repeated_computation,repeated_computation,medium,8.0,54,constant_folding|hot_loop|repeated_computation,58,O(n),5,98.35,2
with_setup_noise,cache_repeated_computation,constant_folding,low,2.0,2,constant_folding|hot_loop|repeated_computation,58,O(n),5,98.35,1
with_branch_noise,cache_repeated_computation,hot_loop,medium,10.0,55,hot_loop|repeated_computation,61,O(n),4,98.59,2
with_branch_noise,cache_repeated_computation,repeated_computation,medium,8.0,57,hot_loop|repeated_computation,61,O(n),4,98.59,2
with_branch_noise,cache_repeated_computation,repeated_computation,medium,8.0,57,hot_loop|repeated_computation,61,O(n),4,98.59,2
with_branch_noise,cache_repeated_computation,repeated_computation,medium,8.0,57,hot_loop|repeated_computation,61,O(n),4,98.59,2
small_input,cache_repeated_computation,hot_loop,medium,10.0,50,hot_loop|repeated_computation,55,O(n),4,98.44,2
small_input,cache_repeated_computation,repeated_computation,medium,8.0,52,hot_loop|repeated_computation,55,O(n),4,98.44,2
small_input,cache_repeated_computation,repeated_computation,medium,8.0,52,hot_loop|repeated_computation,55,O(n),4,98.44,2
small_input,cache_repeated_computation,repeated_computation,medium,8.0,52,hot_loop|repeated_computation,55,O(n),4,98.44,2
medium_input,cache_repeated_computation,hot_loop,medium,10.0,50,hot_loop|repeated_computation,55,O(n),4,98.44,2
medium_input,cache_repeated_computation,repeated_computation,medium,8.0,52,hot_loop|repeated_computation,55,O(n),4,98.44,2
medium_input,cache_repeated_computation,repeated_computation,medium,8.0,52,hot_loop|repeated_computation,55,O(n),4,98.44,2
medium_input,cache_repeated_computation,repeated_computation,medium,8.0,52,hot_loop|repeated_computation,55,O(n),4,98.44,2
large_input,cache_repeated_computation,hot_loop,medium,10.0,50,hot_loop|repeated_computation,55,O(n),4,98.44,2
large_input,cache_repeated_computation,repeated_computation,medium,8.0,52,hot_loop|repeated_computation,55,O(n),4,98.44,2
large_input,cache_repeated_computation,repeated_computation,medium,8.0,52,hot_loop|repeated_computation,55,O(n),4,98.44,2
large_input,cache_repeated_computation,repeated_computation,medium,8.0,52,hot_loop|repeated_computation,55,O(n),4,98.44,2
with_setup_noise,cache_repeated_computation,hot_loop,medium,10.0,52,constant_folding|hot_loop|repeated_computation,58,O(n),5,98.35,2
with_setup_noise,cache_repeated_computation,repeated_computation,medium,8.0,54,constant_folding|hot_loop|repeated_computation,58,O(n),5,98.35,2
with_setup_noise,cache_repeated_computation,repeated_computation,medium,8.0,54,constant_folding|hot_loop|repeated_computation,58,O(n),5,98.35,2
with_setup_noise,cache_repeated_computation,repeated_computation,medium,8.0,54,constant_folding|hot_loop|repeated_computation,58,O(n),5,98.35,2
with_setup_noise,cache_repeated_computation,constant_folding,low,2.0,2,constant_folding|hot_loop|repeated_computation,58,O(n),5,98.35,1
with_branch_noise,cache_repeated_computation,hot_loop,medium,10.0,55,hot_loop|repeated_computation,61,O(n),4,98.59,2
with_branch_noise,cache_repeated_computation,repeated_computation,medium,8.0,57,hot_loop|repeated_computation,61,O(n),4,98.59,2
with_branch_noise,cache_repeated_computation,repeated_computation,medium,8.0,57,hot_loop|repeated_computation,61,O(n),4,98.59,2
with_branch_noise,cache_repeated_computation,repeated_computation,medium,8.0,57,hot_loop|repeated_computation,61,O(n),4,98.59,2
small_input,cache_repeated_computation,hot_loop,medium,10.0,50,hot_loop|repeated_computation,55,O(n),4,98.44,2
small_input,cache_repeated_computation,repeated_computation,medium,8.0,52,hot_loop|repeated_computation,55,O(n),4,98.44,2
small_input,cache_repeated_computation,repeated_computation,medium,8.0,52,hot_loop|repeated_computation,55,O(n),4,98.44,2
small_input,cache_repeated_computation,repeated_computation,medium,8.0,52,hot_loop|repeated_computation,55,O(n),4,98.44,2
medium_input,cache_repeated_computation,hot_loop,medium,10.0,50,hot_loop|repeated_computation,55,O(n),4,98.44,2
medium_input,cache_repeated_computation,repeated_computation,medium,8.0,52,hot_loop|repeated_computation,55,O(n),4,98.44,2
medium_input,cache_repeated_computation,repeated_computation,medium,8.0,52,hot_loop|repeated_computation,55,O(n),4,98.44,2
medium_input,cache_repeated_computation,repeated_computation,medium,8.0,52,hot_loop|repeated_computation,55,O(n),4,98.44,2
large_input,cache_repeated_computation,hot_loop,medium,10.0,50,hot_loop|repeated_computation,55,O(n),4,98.44,2
large_input,cache_repeated_computation,repeated_computation,medium,8.0,52,hot_loop|repeated_computation,55,O(n),4,98.44,2
large_input,cache_repeated_computation,repeated_computation,medium,8.0,52,hot_loop|repeated_computation,55,O(n),4,98.44,2
large_input,cache_repeated_computation,repeated_computation,medium,8.0,52,hot_loop|repeated_computation,55,O(n),4,98.44,2
with_setup_noise,cache_repeated_computation,hot_loop,medium,10.0,52,constant_folding|hot_loop|repeated_computation,58,O(n),5,98.35,2
with_setup_noise,cache_repeated_computation,repeated_computation,medium,8.0,54,constant_folding|hot_loop|repeated_computation,58,O(n),5,98.35,2
with_setup_noise,cache_repeated_computation,repeated_computation,medium,8.0,54,constant_folding|hot_loop|repeated_computation,58,O(n),5,98.35,2
with_setup_noise,cache_repeated_computation,repeated_computation,medium,8.0,54,constant_folding|hot_loop|repeated_computation,58,O(n),5,98.35,2
with_setup_noise,cache_repeated_computation,constant_folding,low,2.0,2,constant_folding|hot_loop|repeated_computation,58,O(n),5,98.35,1
with_branch_noise,cache_repeated_computation,hot_loop,medium,10.0,55,hot_loop|repeated_computation,61,O(n),4,98.59,2
with_branch_noise,cache_repeated_computation,repeated_computation,medium,8.0,57,hot_loop|repeated_computation,61,O(n),4,98.59,2
with_branch_noise,cache_repeated_computation,repeated_computation,medium,8.0,57,hot_loop|repeated_computation,61,O(n),4,98.59,2
with_branch_noise,cache_repeated_computation,repeated_computation,medium,8.0,57,hot_loop|repeated_computation,61,O(n),4,98.59,2
small_input,cache_repeated_computation,hot_loop,medium,10.0,50,hot_loop|repeated_computation,55,O(n),4,98.44,2
small_input,cache_repeated_computation,repeated_computation,medium,8.0,52,hot_loop|repeated_computation,55,O(n),4,98.44,2
small_input,cache_repeated_computation,repeated_computation,medium,8.0,52,hot_loop|repeated_computation,55,O(n),4,98.44,2
small_input,cache_repeated_computation,repeated_computation,medium,8.0,52,hot_loop|repeated_computation,55,O(n),4,98.44,2
medium_input,cache_repeated_computation,hot_loop,medium,10.0,50,hot_loop|repeated_computation,55,O(n),4,98.44,2
medium_input,cache_repeated_computation,repeated_computation,medium,8.0,52,hot_loop|repeated_computation,55,O(n),4,98.44,2
medium_input,cache_repeated_computation,repeated_computation,medium,8.0,52,hot_loop|repeated_computation,55,O(n),4,98.44,2
medium_input,cache_repeated_computation,repeated_computation,medium,8.0,52,hot_loop|repeated_computation,55,O(n),4,98.44,2
large_input,cache_repeated_computation,hot_loop,medium,10.0,50,hot_loop|repeated_computation,55,O(n),4,98.44,2
large_input,cache_repeated_computation,repeated_computation,medium,8.0,52,hot_loop|repeated_computation,55,O(n),4,98.44,2
large_input,cache_repeated_computation,repeated_computation,medium,8.0,52,hot_loop|repeated_computation,55,O(n),4,98.44,2
large_input,cache_repeated_computation,repeated_computation,medium,8.0,52,hot_loop|repeated_computation,55,O(n),4,98.44,2
with_setup_noise,cache_repeated_computation,hot_loop,medium,10.0,52,constant_folding|hot_loop|repeated_computation,58,O(n),5,98.35,2
with_setup_noise,cache_repeated_computation,repeated_computation,medium,8.0,54,constant_folding|hot_loop|repeated_computation,58,O(n),5,98.35,2
with_setup_noise,cache_repeated_computation,repeated_computation,medium,8.0,54,constant_folding|hot_loop|repeated_computation,58,O(n),5,98.35,2
with_setup_noise,cache_repeated_computation,repeated_computation,medium,8.0,54,constant_folding|hot_loop|repeated_computation,58,O(n),5,98.35,2
with_setup_noise,cache_repeated_computation,constant_folding,low,2.0,2,constant_folding|hot_loop|repeated_computation,58,O(n),5,98.35,1
with_branch_noise,cache_repeated_computation,hot_loop,medium,10.0,55,hot_loop|repeated_computation,61,O(n),4,98.59,2
with_branch_noise,cache_repeated_computation,repeated_computation,medium,8.0,57,hot_loop|repeated_computation,61,O(n),4,98.59,2
with_branch_noise,cache_repeated_computation,repeated_computation,medium,8.0,57,hot_loop|repeated_computation,61,O(n),4,98.59,2
with_branch_noise,cache_repeated_computation,repeated_computation,medium,8.0,57,hot_loop|repeated_computation,61,O(n),4,98.59,2
small_input,cache_repeated_computation,hot_loop,medium,10.0,50,hot_loop|repeated_computation,55,O(n),4,98.44,2
small_input,cache_repeated_computation,repeated_computation,medium,8.0,52,hot_loop|repeated_computation,55,O(n),4,98.44,2
small_input,cache_repeated_computation,repeated_computation,medium,8.0,52,hot_loop|repeated_computation,55,O(n),4,98.44,2
small_input,cache_repeated_computation,repeated_computation,medium,8.0,52,hot_loop|repeated_computation,55,O(n),4,98.44,2
medium_input,cache_repeated_computation,hot_loop,medium,10.0,50,hot_loop|repeated_computation,55,O(n),4,98.44,2
medium_input,cache_repeated_computation,repeated_computation,medium,8.0,52,hot_loop|repeated_computation,55,O(n),4,98.44,2
medium_input,cache_repeated_computation,repeated_computation,medium,8.0,52,hot_loop|repeated_computation,55,O(n),4,98.44,2
medium_input,cache_repeated_computation,repeated_computation,medium,8.0,52,hot_loop|repeated_computation,55,O(n),4,98.44,2
large_input,cache_repeated_computation,hot_loop,medium,10.0,50,hot_loop|repeated_computation,55,O(n),4,98.44,2
large_input,cache_repeated_computation,repeated_computation,medium,8.0,52,hot_loop|repeated_computation,55,O(n),4,98.44,2
large_input,cache_repeated_computation,repeated_computation,medium,8.0,52,hot_loop|repeated_computation,55,O(n),4,98.44,2
large_input,cache_repeated_computation,repeated_computation,medium,8.0,52,hot_loop|repeated_computation,55,O(n),4,98.44,2
with_setup_noise,cache_repeated_computation,hot_loop,medium,10.0,52,constant_folding|hot_loop|repeated_computation,58,O(n),5,98.35,2
with_setup_noise,cache_repeated_computation,repeated_computation,medium,8.0,54,constant_folding|hot_loop|repeated_computation,58,O(n),5,98.35,2
with_setup_noise,cache_repeated_computation,repeated_computation,medium,8.0,54,constant_folding|hot_loop|repeated_computation,58,O(n),5,98.35,2
with_setup_noise,cache_repeated_computation,repeated_computation,medium,8.0,54,constant_folding|hot_loop|repeated_computation,58,O(n),5,98.35,2
with_setup_noise,cache_repeated_computation,constant_folding,low,2.0,2,constant_folding|hot_loop|repeated_computation,58,O(n),5,98.35,1
with_branch_noise,cache_repeated_computation,hot_loop,medium,10.0,55,hot_loop|repeated_computation,61,O(n),4,98.59,2
with_branch_noise,cache_repeated_computation,repeated_computation,medium,8.0,57,hot_loop|repeated_computation,61,O(n),4,98.59,2
with_branch_noise,cache_repeated_computation,repeated_computation,medium,8.0,57,hot_loop|repeated_computation,61,O(n),4,98.59,2
with_branch_noise,cache_repeated_computation,repeated_computation,medium,8.0,57,hot_loop|repeated_computation,61,O(n),4,98.59,2
small_input,cache_repeated_computation,hot_loop,medium,10.0,50,hot_loop|repeated_computation,55,O(n),4,98.44,2
small_input,cache_repeated_computation,repeated_computation,medium,8.0,52,hot_loop|repeated_computation,55,O(n),4,98.44,2
small_input,cache_repeated_computation,repeated_computation,medium,8.0,52,hot_loop|repeated_computation,55,O(n),4,98.44,2
small_input,cache_repeated_computation,repeated_computation,medium,8.0,52,hot_loop|repeated_computation,55,O(n),4,98.44,2
medium_input,cache_repeated_computation,hot_loop,medium,10.0,50,hot_loop|repeated_computation,55,O(n),4,98.44,2
medium_input,cache_repeated_computation,repeated_computation,medium,8.0,52,hot_loop|repeated_computation,55,O(n),4,98.44,2
medium_input,cache_repeated_computation,repeated_computation,medium,8.0,52,hot_loop|repeated_computation,55,O(n),4,98.44,2
medium_input,cache_repeated_computation,repeated_computation,medium,8.0,52,hot_loop|repeated_computation,55,O(n),4,98.44,2
large_input,cache_repeated_computation,hot_loop,medium,10.0,50,hot_loop|repeated_computation,55,O(n),4,98.44,2
large_input,cache_repeated_computation,repeated_computation,medium,8.0,52,hot_loop|repeated_computation,55,O(n),4,98.44,2
large_input,cache_repeated_computation,repeated_computation,medium,8.0,52,hot_loop|repeated_computation,55,O(n),4,98.44,2
large_input,cache_repeated_computation,repeated_computation,medium,8.0,52,hot_loop|repeated_computation,55,O(n),4,98.44,2
with_setup_noise,cache_repeated_computation,hot_loop,medium,10.0,52,constant_folding|hot_loop|repeated_computation,58,O(n),5,98.35,2
with_setup_noise,cache_repeated_computation,repeated_computation,medium,8.0,54,constant_folding|hot_loop|repeated_computation,58,O(n),5,98.35,2
with_setup_noise,cache_repeated_computation,repeated_computation,medium,8.0,54,constant_folding|hot_loop|repeated_computation,58,O(n),5,98.35,2
with_setup_noise,cache_repeated_computation,repeated_computation,medium,8.0,54,constant_folding|hot_loop|repeated_computation,58,O(n),5,98.35,2
with_setup_noise,cache_repeated_computation,constant_folding,low,2.0,2,constant_folding|hot_loop|repeated_computation,58,O(n),5,98.35,1
with_branch_noise,cache_repeated_computation,hot_loop,medium,10.0,55,hot_loop|repeated_computation,61,O(n),4,98.59,2
with_branch_noise,cache_repeated_computation,repeated_computation,medium,8.0,57,hot_loop|repeated_computation,61,O(n),4,98.59,2
with_branch_noise,cache_repeated_computation,repeated_computation,medium,8.0,57,hot_loop|repeated_computation,61,O(n),4,98.59,2
with_branch_noise,cache_repeated_computation,repeated_computation,medium,8.0,57,hot_loop|repeated_computation,61,O(n),4,98.59,2
small_input,cache_repeated_computation,hot_loop,medium,10.0,50,hot_loop|repeated_computation,55,O(n),4,98.44,2
small_input,cache_repeated_computation,repeated_computation,medium,8.0,52,hot_loop|repeated_computation,55,O(n),4,98.44,2
small_input,cache_repeated_computation,repeated_computation,medium,8.0,52,hot_loop|repeated_computation,55,O(n),4,98.44,2
small_input,cache_repeated_computation,repeated_computation,medium,8.0,52,hot_loop|repeated_computation,55,O(n),4,98.44,2
medium_input,cache_repeated_computation,hot_loop,medium,10.0,50,hot_loop|repeated_computation,55,O(n),4,98.44,2
medium_input,cache_repeated_computation,repeated_computation,medium,8.0,52,hot_loop|repeated_computation,55,O(n),4,98.44,2
medium_input,cache_repeated_computation,repeated_computation,medium,8.0,52,hot_loop|repeated_computation,55,O(n),4,98.44,2
medium_input,cache_repeated_computation,repeated_computation,medium,8.0,52,hot_loop|repeated_computation,55,O(n),4,98.44,2
large_input,cache_repeated_computation,hot_loop,medium,10.0,50,hot_loop|repeated_computation,55,O(n),4,98.44,2
large_input,cache_repeated_computation,repeated_computation,medium,8.0,52,hot_loop|repeated_computation,55,O(n),4,98.44,2
large_input,cache_repeated_computation,repeated_computation,medium,8.0,52,hot_loop|repeated_computation,55,O(n),4,98.44,2
large_input,cache_repeated_computation,repeated_computation,medium,8.0,52,hot_loop|repeated_computation,55,O(n),4,98.44,2
with_setup_noise,cache_repeated_computation,hot_loop,medium,10.0,52,constant_folding|hot_loop|repeated_computation,58,O(n),5,98.35,2
with_setup_noise,cache_repeated_computation,repeated_computation,medium,8.0,54,constant_folding|hot_loop|repeated_computation,58,O(n),5,98.35,2
with_setup_noise,cache_repeated_computation,repeated_computation,medium,8.0,54,constant_folding|hot_loop|repeated_computation,58,O(n),5,98.35,2
with_setup_noise,cache_repeated_computation,repeated_computation,medium,8.0,54,constant_folding|hot_loop|repeated_computation,58,O(n),5,98.35,2
with_setup_noise,cache_repeated_computation,constant_folding,low,2.0,2,constant_folding|hot_loop|repeated_computation,58,O(n),5,98.35,1
with_branch_noise,cache_repeated_computation,hot_loop,medium,10.0,55,hot_loop|repeated_computation,61,O(n),4,98.59,2
with_branch_noise,cache_repeated_computation,repeated_computation,medium,8.0,57,hot_loop|repeated_computation,61,O(n),4,98.59,2
with_branch_noise,cache_repeated_computation,repeated_computation,medium,8.0,57,hot_loop|repeated_computation,61,O(n),4,98.59,2
with_branch_noise,cache_repeated_computation,repeated_computation,medium,8.0,57,hot_loop|repeated_computation,61,O(n),4,98.59,2
small_input,cache_repeated_computation,hot_loop,medium,10.0,50,hot_loop|repeated_computation,55,O(n),4,98.44,2
small_input,cache_repeated_computation,repeated_computation,medium,8.0,52,hot_loop|repeated_computation,55,O(n),4,98.44,2
small_input,cache_repeated_computation,repeated_computation,medium,8.0,52,hot_loop|repeated_computation,55,O(n),4,98.44,2
small_input,cache_repeated_computation,repeated_computation,medium,8.0,52,hot_loop|repeated_computation,55,O(n),4,98.44,2
medium_input,cache_repeated_computation,hot_loop,medium,10.0,50,hot_loop|repeated_computation,55,O(n),4,98.44,2
medium_input,cache_repeated_computation,repeated_computation,medium,8.0,52,hot_loop|repeated_computation,55,O(n),4,98.44,2
medium_input,cache_repeated_computation,repeated_computation,medium,8.0,52,hot_loop|repeated_computation,55,O(n),4,98.44,2
medium_input,cache_repeated_computation,repeated_computation,medium,8.0,52,hot_loop|repeated_computation,55,O(n),4,98.44,2
large_input,cache_repeated_computation,hot_loop,medium,10.0,50,hot_loop|repeated_computation,55,O(n),4,98.44,2
large_input,cache_repeated_computation,repeated_computation,medium,8.0,52,hot_loop|repeated_computation,55,O(n),4,98.44,2
large_input,cache_repeated_computation,repeated_computation,medium,8.0,52,hot_loop|repeated_computation,55,O(n),4,98.44,2
large_input,cache_repeated_computation,repeated_computation,medium,8.0,52,hot_loop|repeated_computation,55,O(n),4,98.44,2
with_setup_noise,cache_repeated_computation,hot_loop,medium,10.0,52,constant_folding|hot_loop|repeated_computation,58,O(n),5,98.35,2
with_setup_noise,cache_repeated_computation,repeated_computation,medium,8.0,54,constant_folding|hot_loop|repeated_computation,58,O(n),5,98.35,2
with_setup_noise,cache_repeated_computation,repeated_computation,medium,8.0,54,constant_folding|hot_loop|repeated_computation,58,O(n),5,98.35,2
with_setup_noise,cache_repeated_computation,repeated_computation,medium,8.0,54,constant_folding|hot_loop|repeated_computation,58,O(n),5,98.35,2
with_setup_noise,cache_repeated_computation,constant_folding,low,2.0,2,constant_folding|hot_loop|repeated_computation,58,O(n),5,98.35,1
with_branch_noise,cache_repeated_computation,hot_loop,medium,10.0,55,hot_loop|repeated_computation,61,O(n),4,98.59,2
with_branch_noise,cache_repeated_computation,repeated_computation,medium,8.0,57,hot_loop|repeated_computation,61,O(n),4,98.59,2
with_branch_noise,cache_repeated_computation,repeated_computation,medium,8.0,57,hot_loop|repeated_computation,61,O(n),4,98.59,2
with_branch_noise,cache_repeated_computation,repeated_computation,medium,8.0,57,hot_loop|repeated_computation,61,O(n),4,98.59,2
small_input,cache_repeated_computation,hot_loop,medium,10.0,50,hot_loop|repeated_computation,55,O(n),4,98.44,2
small_input,cache_repeated_computation,repeated_computation,medium,8.0,52,hot_loop|repeated_computation,55,O(n),4,98.44,2
small_input,cache_repeated_computation,repeated_computation,medium,8.0,52,hot_loop|repeated_computation,55,O(n),4,98.44,2
small_input,cache_repeated_computation,repeated_computation,medium,8.0,52,hot_loop|repeated_computation,55,O(n),4,98.44,2
medium_input,cache_repeated_computation,hot_loop,medium,10.0,50,hot_loop|repeated_computation,55,O(n),4,98.44,2
medium_input,cache_repeated_computation,repeated_computation,medium,8.0,52,hot_loop|repeated_computation,55,O(n),4,98.44,2
medium_input,cache_repeated_computation,repeated_computation,medium,8.0,52,hot_loop|repeated_computation,55,O(n),4,98.44,2
medium_input,cache_repeated_computation,repeated_computation,medium,8.0,52,hot_loop|repeated_computation,55,O(n),4,98.44,2
large_input,cache_repeated_computation,hot_loop,medium,10.0,50,hot_loop|repeated_computation,55,O(n),4,98.44,2
large_input,cache_repeated_computation,repeated_computation,medium,8.0,52,hot_loop|repeated_computation,55,O(n),4,98.44,2
large_input,cache_repeated_computation,repeated_computation,medium,8.0,52,hot_loop|repeated_computation,55,O(n),4,98.44,2
large_input,cache_repeated_computation,repeated_computation,medium,8.0,52,hot_loop|repeated_computation,55,O(n),4,98.44,2
with_setup_noise,cache_repeated_computation,hot_loop,medium,10.0,52,constant_folding|hot_loop|repeated_computation,58,O(n),5,98.35,2
with_setup_noise,cache_repeated_computation,repeated_computation,medium,8.0,54,constant_folding|hot_loop|repeated_computation,58,O(n),5,98.35,2
with_setup_noise,cache_repeated_computation,repeated_computation,medium,8.0,54,constant_folding|hot_loop|repeated_computation,58,O(n),5,98.35,2
with_setup_noise,cache_repeated_computation,repeated_computation,medium,8.0,54,constant_folding|hot_loop|repeated_computation,58,O(n),5,98.35,2
with_setup_noise,cache_repeated_computation,constant_folding,low,2.0,2,constant_folding|hot_loop|repeated_computation,58,O(n),5,98.35,1
with_branch_noise,cache_repeated_computation,hot_loop,medium,10.0,55,hot_loop|repeated_computation,61,O(n),4,98.59,2
with_branch_noise,cache_repeated_computation,repeated_computation,medium,8.0,57,hot_loop|repeated_computation,61,O(n),4,98.59,2
with_branch_noise,cache_repeated_computation,repeated_computation,medium,8.0,57,hot_loop|repeated_computation,61,O(n),4,98.59,2
with_branch_noise,cache_repeated_computation,repeated_computation,medium,8.0,57,hot_loop|repeated_computation,61,O(n),4,98.59,2
small_input,cache_repeated_computation,hot_loop,medium,10.0,50,hot_loop|repeated_computation,55,O(n),4,98.44,2
small_input,cache_repeated_computation,repeated_computation,medium,8.0,52,hot_loop|repeated_computation,55,O(n),4,98.44,2
small_input,cache_repeated_computation,repeated_computation,medium,8.0,52,hot_loop|repeated_computation,55,O(n),4,98.44,2
small_input,cache_repeated_computation,repeated_computation,medium,8.0,52,hot_loop|repeated_computation,55,O(n),4,98.44,2
medium_input,cache_repeated_computation,hot_loop,medium,10.0,50,hot_loop|repeated_computation,55,O(n),4,98.44,2
medium_input,cache_repeated_computation,repeated_computation,medium,8.0,52,hot_loop|repeated_computation,55,O(n),4,98.44,2
medium_input,cache_repeated_computation,repeated_computation,medium,8.0,52,hot_loop|repeated_computation,55,O(n),4,98.44,2
medium_input,cache_repeated_computation,repeated_computation,medium,8.0,52,hot_loop|repeated_computation,55,O(n),4,98.44,2
large_input,cache_repeated_computation,hot_loop,medium,10.0,50,hot_loop|repeated_computation,55,O(n),4,98.44,2
large_input,cache_repeated_computation,repeated_computation,medium,8.0,52,hot_loop|repeated_computation,55,O(n),4,98.44,2
large_input,cache_repeated_computation,repeated_computation,medium,8.0,52,hot_loop|repeated_computation,55,O(n),4,98.44,2
large_input,cache_repeated_computation,repeated_computation,medium,8.0,52,hot_loop|repeated_computation,55,O(n),4,98.44,2
with_setup_noise,cache_repeated_computation,hot_loop,medium,10.0,52,constant_folding|hot_loop|repeated_computation,58,O(n),5,98.35,2
with_setup_noise,cache_repeated_computation,repeated_computation,medium,8.0,54,constant_folding|hot_loop|repeated_computation,58,O(n),5,98.35,2
with_setup_noise,cache_repeated_computation,repeated_computation,medium,8.0,54,constant_folding|hot_loop|repeated_computation,58,O(n),5,98.35,2
with_setup_noise,cache_repeated_computation,repeated_computation,medium,8.0,54,constant_folding|hot_loop|repeated_computation,58,O(n),5,98.35,2
with_setup_noise,cache_repeated_computation,constant_folding,low,2.0,2,constant_folding|hot_loop|repeated_computation,58,O(n),5,98.35,1
with_branch_noise,cache_repeated_computation,hot_loop,medium,10.0,55,hot_loop|repeated_computation,61,O(n),4,98.59,2
with_branch_noise,cache_repeated_computation,repeated_computation,medium,8.0,57,hot_loop|repeated_computation,61,O(n),4,98.59,2
with_branch_noise,cache_repeated_computation,repeated_computation,medium,8.0,57,hot_loop|repeated_computation,61,O(n),4,98.59,2
with_branch_noise,cache_repeated_computation,repeated_computation,medium,8.0,57,hot_loop|repeated_computation,61,O(n),4,98.59,2
small_input,cache_repeated_computation,hot_loop,medium,10.0,50,hot_loop|repeated_computation,55,O(n),4,98.44,2
small_input,cache_repeated_computation,repeated_computation,medium,8.0,52,hot_loop|repeated_computation,55,O(n),4,98.44,2
small_input,cache_repeated_computation,repeated_computation,medium,8.0,52,hot_loop|repeated_computation,55,O(n),4,98.44,2
small_input,cache_repeated_computation,repeated_computation,medium,8.0,52,hot_loop|repeated_computation,55,O(n),4,98.44,2
medium_input,cache_repeated_computation,hot_loop,medium,10.0,50,hot_loop|repeated_computation,55,O(n),4,98.44,2
medium_input,cache_repeated_computation,repeated_computation,medium,8.0,52,hot_loop|repeated_computation,55,O(n),4,98.44,2
medium_input,cache_repeated_computation,repeated_computation,medium,8.0,52,hot_loop|repeated_computation,55,O(n),4,98.44,2
medium_input,cache_repeated_computation,repeated_computation,medium,8.0,52,hot_loop|repeated_computation,55,O(n),4,98.44,2
large_input,cache_repeated_computation,hot_loop,medium,10.0,50,hot_loop|repeated_computation,55,O(n),4,98.44,2
large_input,cache_repeated_computation,repeated_computation,medium,8.0,52,hot_loop|repeated_computation,55,O(n),4,98.44,2
large_input,cache_repeated_computation,repeated_computation,medium,8.0,52,hot_loop|repeated_computation,55,O(n),4,98.44,2
large_input,cache_repeated_computation,repeated_computation,medium,8.0,52,hot_loop|repeated_computation,55,O(n),4,98.44,2
with_setup_noise,cache_repeated_computation,hot_loop,medium,10.0,52,constant_folding|hot_loop|repeated_computation,58,O(n),5,98.35,2
with_setup_noise,cache_repeated_computation,repeated_computation,medium,8.0,54,constant_folding|hot_loop|repeated_computation,58,O(n),5,98.35,2
with_setup_noise,cache_repeated_computation,repeated_computation,medium,8.0,54,constant_folding|hot_loop|repeated_computation,58,O(n),5,98.35,2
with_setup_noise,cache_repeated_computation,repeated_computation,medium,8.0,54,constant_folding|hot_loop|repeated_computation,58,O(n),5,98.35,2
with_setup_noise,cache_repeated_computation,constant_folding,low,2.0,2,constant_folding|hot_loop|repeated_computation,58,O(n),5,98.35,1
with_branch_noise,cache_repeated_computation,hot_loop,medium,10.0,55,hot_loop|repeated_computation,61,O(n),4,98.59,2
with_branch_noise,cache_repeated_computation,repeated_computation,medium,8.0,57,hot_loop|repeated_computation,61,O(n),4,98.59,2
with_branch_noise,cache_repeated_computation,repeated_computation,medium,8.0,57,hot_loop|repeated_computation,61,O(n),4,98.59,2
with_branch_noise,cache_repeated_computation,repeated_computation,medium,8.0,57,hot_loop|repeated_computation,61,O(n),4,98.59,2
small_input,cache_repeated_computation,hot_loop,medium,10.0,50,hot_loop|repeated_computation,55,O(n),4,98.44,2
small_input,cache_repeated_computation,repeated_computation,medium,8.0,52,hot_loop|repeated_computation,55,O(n),4,98.44,2
small_input,cache_repeated_computation,repeated_computation,medium,8.0,52,hot_loop|repeated_computation,55,O(n),4,98.44,2
small_input,cache_repeated_computation,repeated_computation,medium,8.0,52,hot_loop|repeated_computation,55,O(n),4,98.44,2
medium_input,cache_repeated_computation,hot_loop,medium,10.0,50,hot_loop|repeated_computation,55,O(n),4,98.44,2
medium_input,cache_repeated_computation,repeated_computation,medium,8.0,52,hot_loop|repeated_computation,55,O(n),4,98.44,2
medium_input,cache_repeated_computation,repeated_computation,medium,8.0,52,hot_loop|repeated_computation,55,O(n),4,98.44,2
medium_input,cache_repeated_computation,repeated_computation,medium,8.0,52,hot_loop|repeated_computation,55,O(n),4,98.44,2
large_input,cache_repeated_computation,hot_loop,medium,10.0,50,hot_loop|repeated_computation,55,O(n),4,98.44,2
large_input,cache_repeated_computation,repeated_computation,medium,8.0,52,hot_loop|repeated_computation,55,O(n),4,98.44,2
large_input,cache_repeated_computation,repeated_computation,medium,8.0,52,hot_loop|repeated_computation,55,O(n),4,98.44,2
large_input,cache_repeated_computation,repeated_computation,medium,8.0,52,hot_loop|repeated_computation,55,O(n),4,98.44,2
with_setup_noise,cache_repeated_computation,hot_loop,medium,10.0,52,constant_folding|hot_loop|repeated_computation,58,O(n),5,98.35,2
with_setup_noise,cache_repeated_computation,repeated_computation,medium,8.0,54,constant_folding|hot_loop|repeated_computation,58,O(n),5,98.35,2
with_setup_noise,cache_repeated_computation,repeated_computation,medium,8.0,54,constant_folding|hot_loop|repeated_computation,58,O(n),5,98.35,2
with_setup_noise,cache_repeated_computation,repeated_computation,medium,8.0,54,constant_folding|hot_loop|repeated_computation,58,O(n),5,98.35,2
with_setup_noise,cache_repeated_computation,constant_folding,low,2.0,2,constant_folding|hot_loop|repeated_computation,58,O(n),5,98.35,1
with_branch_noise,cache_repeated_computation,hot_loop,medium,10.0,55,hot_loop|repeated_computation,61,O(n),4,98.59,2
with_branch_noise,cache_repeated_computation,repeated_computation,medium,8.0,57,hot_loop|repeated_computation,61,O(n),4,98.59,2
with_branch_noise,cache_repeated_computation,repeated_computation,medium,8.0,57,hot_loop|repeated_computation,61,O(n),4,98.59,2
with_branch_noise,cache_repeated_computation,repeated_computation,medium,8.0,57,hot_loop|repeated_computation,61,O(n),4,98.59,2
small_input,cache_repeated_computation,hot_loop,medium,10.0,50,hot_loop|repeated_computation,55,O(n),4,98.44,2
small_input,cache_repeated_computation,repeated_computation,medium,8.0,52,hot_loop|repeated_computation,55,O(n),4,98.44,2
small_input,cache_repeated_computation,repeated_computation,medium,8.0,52,hot_loop|repeated_computation,55,O(n),4,98.44,2
small_input,cache_repeated_computation,repeated_computation,medium,8.0,52,hot_loop|repeated_computation,55,O(n),4,98.44,2
medium_input,cache_repeated_computation,hot_loop,medium,10.0,50,hot_loop|repeated_computation,55,O(n),4,98.44,2
medium_input,cache_repeated_computation,repeated_computation,medium,8.0,52,hot_loop|repeated_computation,55,O(n),4,98.44,2
medium_input,cache_repeated_computation,repeated_computation,medium,8.0,52,hot_loop|repeated_computation,55,O(n),4,98.44,2
medium_input,cache_repeated_computation,repeated_computation,medium,8.0,52,hot_loop|repeated_computation,55,O(n),4,98.44,2
large_input,cache_repeated_computation,hot_loop,medium,10.0,50,hot_loop|repeated_computation,55,O(n),4,98.44,2
large_input,cache_repeated_computation,repeated_computation,medium,8.0,52,hot_loop|repeated_computation,55,O(n),4,98.44,2
large_input,cache_repeated_computation,repeated_computation,medium,8.0,52,hot_loop|repeated_computation,55,O(n),4,98.44,2
large_input,cache_repeated_computation,repeated_computation,medium,8.0,52,hot_loop|repeated_computation,55,O(n),4,98.44,2
with_setup_noise,cache_repeated_computation,hot_loop,medium,10.0,52,constant_folding|hot_loop|repeated_computation,58,O(n),5,98.35,2
with_setup_noise,cache_repeated_computation,repeated_computation,medium,8.0,54,constant_folding|hot_loop|repeated_computation,58,O(n),5,98.35,2
with_setup_noise,cache_repeated_computation,repeated_computation,medium,8.0,54,constant_folding|hot_loop|repeated_computation,58,O(n),5,98.35,2
with_setup_noise,cache_repeated_computation,repeated_computation,medium,8.0,54,constant_folding|hot_loop|repeated_computation,58,O(n),5,98.35,2
with_setup_noise,cache_repeated_computation,constant_folding,low,2.0,2,constant_folding|hot_loop|repeated_computation,58,O(n),5,98.35,1
with_branch_noise,cache_repeated_computation,hot_loop,medium,10.0,55,hot_loop|repeated_computation,61,O(n),4,98.59,2
with_branch_noise,cache_repeated_computation,repeated_computation,medium,8.0,57,hot_loop|repeated_computation,61,O(n),4,98.59,2
with_branch_noise,cache_repeated_computation,repeated_computation,medium,8.0,57,hot_loop|repeated_computation,61,O(n),4,98.59,2
with_branch_noise,cache_repeated_computation,repeated_computation,medium,8.0,57,hot_loop|repeated_computation,61,O(n),4,98.59,2
small_input,memoize_expensive_calls,expensive_calls,high,18.0,9,expensive_calls,10,O(n),1,96.78,3
medium_input,memoize_expensive_calls,expensive_calls,high,18.0,9,expensive_calls,10,O(n),1,96.78,3
large_input,memoize_expensive_calls,expensive_calls,high,18.0,9,expensive_calls,10,O(n),1,96.78,3
with_setup_noise,memoize_expensive_calls,expensive_calls,high,18.0,11,constant_folding|expensive_calls,13,O(n),2,96.75,3
with_setup_noise,memoize_expensive_calls,constant_folding,low,2.0,2,constant_folding|expensive_calls,13,O(n),2,96.75,1
with_branch_noise,memoize_expensive_calls,expensive_calls,high,18.0,14,expensive_calls,16,O(n),1,97.97,3
small_input,memoize_expensive_calls,expensive_calls,high,18.0,9,expensive_calls,10,O(n),1,96.78,3
medium_input,memoize_expensive_calls,expensive_calls,high,18.0,9,expensive_calls,10,O(n),1,96.78,3
large_input,memoize_expensive_calls,expensive_calls,high,18.0,9,expensive_calls,10,O(n),1,96.78,3
with_setup_noise,memoize_expensive_calls,expensive_calls,high,18.0,11,constant_folding|expensive_calls,13,O(n),2,96.75,3
with_setup_noise,memoize_expensive_calls,constant_folding,low,2.0,2,constant_folding|expensive_calls,13,O(n),2,96.75,1
with_branch_noise,memoize_expensive_calls,expensive_calls,high,18.0,14,expensive_calls,16,O(n),1,97.97,3
small_input,memoize_expensive_calls,expensive_calls,high,18.0,9,expensive_calls,10,O(n),1,96.78,3
medium_input,memoize_expensive_calls,expensive_calls,high,18.0,9,expensive_calls,10,O(n),1,96.78,3
large_input,memoize_expensive_calls,expensive_calls,high,18.0,9,expensive_calls,10,O(n),1,96.78,3
with_setup_noise,memoize_expensive_calls,expensive_calls,high,18.0,11,constant_folding|expensive_calls,13,O(n),2,96.75,3
with_setup_noise,memoize_expensive_calls,constant_folding,low,2.0,2,constant_folding|expensive_calls,13,O(n),2,96.75,1
with_branch_noise,memoize_expensive_calls,expensive_calls,high,18.0,14,expensive_calls,16,O(n),1,97.97,3
small_input,memoize_expensive_calls,expensive_calls,high,18.0,9,expensive_calls,10,O(n),1,96.78,3
medium_input,memoize_expensive_calls,expensive_calls,high,18.0,9,expensive_calls,10,O(n),1,96.78,3
large_input,memoize_expensive_calls,expensive_calls,high,18.0,9,expensive_calls,10,O(n),1,96.78,3
with_setup_noise,memoize_expensive_calls,expensive_calls,high,18.0,11,constant_folding|expensive_calls,13,O(n),2,96.75,3
with_setup_noise,memoize_expensive_calls,constant_folding,low,2.0,2,constant_folding|expensive_calls,13,O(n),2,96.75,1
with_branch_noise,memoize_expensive_calls,expensive_calls,high,18.0,14,expensive_calls,16,O(n),1,97.97,3
small_input,memoize_expensive_calls,expensive_calls,high,18.0,9,expensive_calls,10,O(n),1,96.78,3
medium_input,memoize_expensive_calls,expensive_calls,high,18.0,9,expensive_calls,10,O(n),1,96.78,3
large_input,memoize_expensive_calls,expensive_calls,high,18.0,9,expensive_calls,10,O(n²),1,96.0,3
with_setup_noise,memoize_expensive_calls,expensive_calls,high,18.0,11,constant_folding|expensive_calls,13,O(n),2,96.75,3
with_setup_noise,memoize_expensive_calls,constant_folding,low,2.0,2,constant_folding|expensive_calls,13,O(n),2,96.75,1
with_branch_noise,memoize_expensive_calls,expensive_calls,high,18.0,14,expensive_calls,16,O(n),1,97.97,3
small_input,memoize_expensive_calls,expensive_calls,high,18.0,9,expensive_calls,10,O(n),1,96.78,3
medium_input,memoize_expensive_calls,expensive_calls,high,18.0,9,expensive_calls,10,O(n),1,96.78,3
large_input,memoize_expensive_calls,expensive_calls,high,18.0,9,expensive_calls,10,O(n²),1,96.0,3
with_setup_noise,memoize_expensive_calls,expensive_calls,high,18.0,11,constant_folding|expensive_calls,13,O(n),2,96.75,3
with_setup_noise,memoize_expensive_calls,constant_folding,low,2.0,2,constant_folding|expensive_calls,13,O(n),2,96.75,1
with_branch_noise,memoize_expensive_calls,expensive_calls,high,18.0,14,expensive_calls,16,O(n),1,97.97,3
small_input,memoize_expensive_calls,expensive_calls,high,18.0,9,expensive_calls,10,O(n),1,96.78,3
medium_input,memoize_expensive_calls,expensive_calls,high,18.0,9,expensive_calls,10,O(n),1,96.78,3
large_input,memoize_expensive_calls,expensive_calls,high,18.0,9,expensive_calls,10,O(n²),1,96.0,3
with_setup_noise,memoize_expensive_calls,expensive_calls,high,18.0,11,constant_folding|expensive_calls,13,O(n),2,96.75,3
with_setup_noise,memoize_expensive_calls,constant_folding,low,2.0,2,constant_folding|expensive_calls,13,O(n),2,96.75,1
with_branch_noise,memoize_expensive_calls,expensive_calls,high,18.0,14,expensive_calls,16,O(n),1,97.97,3
small_input,memoize_expensive_calls,expensive_calls,high,18.0,9,expensive_calls,10,O(n),1,96.78,3
medium_input,memoize_expensive_calls,expensive_calls,high,18.0,9,expensive_calls,10,O(n),1,96.78,3
large_input,memoize_expensive_calls,expensive_calls,high,18.0,9,expensive_calls,10,O(n),1,96.78,3
with_setup_noise,memoize_expensive_calls,expensive_calls,high,18.0,11,constant_folding|expensive_calls,13,O(n),2,96.75,3
with_setup_noise,memoize_expensive_calls,constant_folding,low,2.0,2,constant_folding|expensive_calls,13,O(n),2,96.75,1
with_branch_noise,memoize_expensive_calls,expensive_calls,high,18.0,14,expensive_calls,16,O(n),1,97.97,3
small_input,memoize_expensive_calls,expensive_calls,high,18.0,9,expensive_calls,10,O(n),1,96.78,3
medium_input,memoize_expensive_calls,expensive_calls,high,18.0,9,expensive_calls,10,O(n),1,96.78,3
large_input,memoize_expensive_calls,expensive_calls,high,18.0,9,expensive_calls,10,O(n),1,96.78,3
with_setup_noise,memoize_expensive_calls,expensive_calls,high,18.0,11,constant_folding|expensive_calls,13,O(n),2,96.75,3
with_setup_noise,memoize_expensive_calls,constant_folding,low,2.0,2,constant_folding|expensive_calls,13,O(n),2,96.75,1
with_branch_noise,memoize_expensive_calls,expensive_calls,high,18.0,14,expensive_calls,16,O(n),1,97.97,3
small_input,memoize_expensive_calls,expensive_calls,high,18.0,9,expensive_calls,10,O(n),1,96.78,3
medium_input,memoize_expensive_calls,expensive_calls,high,18.0,9,expensive_calls,10,O(n),1,96.78,3
large_input,memoize_expensive_calls,expensive_calls,high,18.0,9,expensive_calls,10,O(n),1,96.78,3
with_setup_noise,memoize_expensive_calls,expensive_calls,high,18.0,11,constant_folding|expensive_calls,13,O(n),2,96.75,3
with_setup_noise,memoize_expensive_calls,constant_folding,low,2.0,2,constant_folding|expensive_calls,13,O(n),2,96.75,1
with_branch_noise,memoize_expensive_calls,expensive_calls,high,18.0,14,expensive_calls,16,O(n),1,97.97,3
small_input,memoize_expensive_calls,expensive_calls,high,18.0,9,expensive_calls,10,O(n),1,96.78,3
medium_input,memoize_expensive_calls,expensive_calls,high,18.0,9,expensive_calls,10,O(n),1,96.78,3
large_input,memoize_expensive_calls,expensive_calls,high,18.0,9,expensive_calls,10,O(n),1,96.78,3
with_setup_noise,memoize_expensive_calls,expensive_calls,high,18.0,11,constant_folding|expensive_calls,13,O(n),2,96.75,3
with_setup_noise,memoize_expensive_calls,constant_folding,low,2.0,2,constant_folding|expensive_calls,13,O(n),2,96.75,1
with_branch_noise,memoize_expensive_calls,expensive_calls,high,18.0,14,expensive_calls,16,O(n),1,97.97,3
small_input,memoize_expensive_calls,expensive_calls,high,18.0,9,expensive_calls,10,O(n),1,96.78,3
medium_input,memoize_expensive_calls,expensive_calls,high,18.0,9,expensive_calls,10,O(n),1,96.78,3
large_input,memoize_expensive_calls,expensive_calls,high,18.0,9,expensive_calls,10,O(n),1,96.78,3
with_setup_noise,memoize_expensive_calls,expensive_calls,high,18.0,11,constant_folding|expensive_calls,13,O(n),2,96.75,3
with_setup_noise,memoize_expensive_calls,constant_folding,low,2.0,2,constant_folding|expensive_calls,13,O(n),2,96.75,1
with_branch_noise,memoize_expensive_calls,expensive_calls,high,18.0,14,expensive_calls,16,O(n),1,97.97,3
small_input,memoize_expensive_calls,expensive_calls,high,18.0,9,expensive_calls,10,O(n),1,96.78,3
medium_input,memoize_expensive_calls,expensive_calls,high,18.0,9,expensive_calls,10,O(n),1,96.78,3
large_input,memoize_expensive_calls,expensive_calls,high,18.0,9,expensive_calls,10,O(n),1,96.78,3
with_setup_noise,memoize_expensive_calls,expensive_calls,high,18.0,11,constant_folding|expensive_calls,13,O(n),2,96.75,3
with_setup_noise,memoize_expensive_calls,constant_folding,low,2.0,2,constant_folding|expensive_calls,13,O(n),2,96.75,1
with_branch_noise,memoize_expensive_calls,expensive_calls,high,18.0,14,expensive_calls,16,O(n),1,97.97,3
small_input,memoize_expensive_calls,expensive_calls,high,18.0,9,expensive_calls,10,O(n),1,96.78,3
medium_input,memoize_expensive_calls,expensive_calls,high,18.0,9,expensive_calls,10,O(n),1,96.78,3
large_input,memoize_expensive_calls,expensive_calls,high,18.0,9,expensive_calls,10,O(n),1,96.78,3
with_setup_noise,memoize_expensive_calls,expensive_calls,high,18.0,11,constant_folding|expensive_calls,13,O(n),2,96.75,3
with_setup_noise,memoize_expensive_calls,constant_folding,low,2.0,2,constant_folding|expensive_calls,13,O(n),2,96.75,1
with_branch_noise,memoize_expensive_calls,expensive_calls,high,18.0,14,expensive_calls,16,O(n),1,97.97,3
small_input,memoize_expensive_calls,expensive_calls,high,18.0,9,expensive_calls,10,O(n),1,96.78,3
medium_input,memoize_expensive_calls,expensive_calls,high,18.0,9,expensive_calls,10,O(n),1,96.78,3
large_input,memoize_expensive_calls,expensive_calls,high,18.0,9,expensive_calls,10,O(n²),1,96.0,3
with_setup_noise,memoize_expensive_calls,expensive_calls,high,18.0,11,constant_folding|expensive_calls,13,O(n),2,96.75,3
with_setup_noise,memoize_expensive_calls,constant_folding,low,2.0,2,constant_folding|expensive_calls,13,O(n),2,96.75,1
with_branch_noise,memoize_expensive_calls,expensive_calls,high,18.0,14,expensive_calls,16,O(n),1,97.97,3
small_input,memoize_expensive_calls,expensive_calls,high,18.0,9,expensive_calls,10,O(n),1,96.78,3
medium_input,memoize_expensive_calls,expensive_calls,high,18.0,9,expensive_calls,10,O(n),1,96.78,3
large_input,memoize_expensive_calls,expensive_calls,high,18.0,9,expensive_calls,10,O(n),1,96.78,3
with_setup_noise,memoize_expensive_calls,expensive_calls,high,18.0,11,constant_folding|expensive_calls,13,O(n),2,96.75,3
with_setup_noise,memoize_expensive_calls,constant_folding,low,2.0,2,constant_folding|expensive_calls,13,O(n),2,96.75,1
with_branch_noise,memoize_expensive_calls,expensive_calls,high,18.0,14,expensive_calls,16,O(n),1,97.97,3
small_input,memoize_expensive_calls,expensive_calls,high,18.0,9,expensive_calls,10,O(n),1,96.78,3
medium_input,memoize_expensive_calls,expensive_calls,high,18.0,9,expensive_calls,10,O(n),1,96.78,3
large_input,memoize_expensive_calls,expensive_calls,high,18.0,9,expensive_calls,10,O(n),1,96.78,3
with_setup_noise,memoize_expensive_calls,expensive_calls,high,18.0,11,constant_folding|expensive_calls,13,O(n),2,96.75,3
with_setup_noise,memoize_expensive_calls,constant_folding,low,2.0,2,constant_folding|expensive_calls,13,O(n),2,96.75,1
with_branch_noise,memoize_expensive_calls,expensive_calls,high,18.0,14,expensive_calls,16,O(n),1,97.97,3
small_input,memoize_expensive_calls,expensive_calls,high,18.0,9,expensive_calls,10,O(n),1,96.78,3
medium_input,memoize_expensive_calls,expensive_calls,high,18.0,9,expensive_calls,10,O(n),1,96.78,3
large_input,memoize_expensive_calls,expensive_calls,high,18.0,9,expensive_calls,10,O(n),1,96.78,3
with_setup_noise,memoize_expensive_calls,expensive_calls,high,18.0,11,constant_folding|expensive_calls,13,O(n),2,96.75,3
with_setup_noise,memoize_expensive_calls,constant_folding,low,2.0,2,constant_folding|expensive_calls,13,O(n),2,96.75,1
with_branch_noise,memoize_expensive_calls,expensive_calls,high,18.0,14,expensive_calls,16,O(n),1,97.97,3
small_input,replace_string_concat,string_concat_loop,low,5.0,3,string_concat_loop,4,O(n),1,96.17,1
medium_input,replace_string_concat,string_concat_loop,medium,10.0,3,string_concat_loop,4,O(n),1,92.83,2
large_input,replace_string_concat,string_concat_loop,medium,10.0,3,string_concat_loop,4,O(n),1,92.83,2
with_setup_noise,replace_string_concat,string_concat_loop,medium,10.0,5,constant_folding|string_concat_loop,7,O(n),2,94.47,2
with_setup_noise,replace_string_concat,constant_folding,low,2.0,2,constant_folding|string_concat_loop,7,O(n),2,94.47,1
with_branch_noise,replace_string_concat,string_concat_loop,medium,10.0,8,string_concat_loop,10,O(n),1,97.08,2
small_input,replace_string_concat,string_concat_loop,low,5.0,3,string_concat_loop,4,O(n),1,96.17,1
medium_input,replace_string_concat,string_concat_loop,medium,10.0,3,string_concat_loop,4,O(n),1,92.83,2
large_input,replace_string_concat,string_concat_loop,medium,10.0,3,string_concat_loop,4,O(n),1,92.83,2
with_setup_noise,replace_string_concat,string_concat_loop,medium,10.0,5,constant_folding|string_concat_loop,7,O(n),2,94.47,2
with_setup_noise,replace_string_concat,constant_folding,low,2.0,2,constant_folding|string_concat_loop,7,O(n),2,94.47,1
with_branch_noise,replace_string_concat,string_concat_loop,medium,10.0,8,string_concat_loop,10,O(n),1,97.08,2
small_input,replace_string_concat,string_concat_loop,low,5.0,3,string_concat_loop,4,O(n),1,96.17,1
medium_input,replace_string_concat,string_concat_loop,medium,10.0,3,string_concat_loop,4,O(n),1,92.83,2
large_input,replace_string_concat,string_concat_loop,medium,10.0,3,string_concat_loop,4,O(n),1,92.83,2
with_setup_noise,replace_string_concat,string_concat_loop,medium,10.0,5,constant_folding|string_concat_loop,7,O(n),2,94.47,2
with_setup_noise,replace_string_concat,constant_folding,low,2.0,2,constant_folding|string_concat_loop,7,O(n),2,94.47,1
with_branch_noise,replace_string_concat,string_concat_loop,medium,10.0,8,string_concat_loop,10,O(n),1,97.08,2
small_input,replace_string_concat,string_concat_loop,low,5.0,3,string_concat_loop,4,O(n),1,96.17,1
medium_input,replace_string_concat,string_concat_loop,medium,10.0,3,string_concat_loop,4,O(n),1,92.83,2
large_input,replace_string_concat,string_concat_loop,medium,10.0,3,string_concat_loop,4,O(n),1,92.83,2
with_setup_noise,replace_string_concat,string_concat_loop,medium,10.0,5,constant_folding|string_concat_loop,7,O(n),2,94.47,2
with_setup_noise,replace_string_concat,constant_folding,low,2.0,2,constant_folding|string_concat_loop,7,O(n),2,94.47,1
with_branch_noise,replace_string_concat,string_concat_loop,medium,10.0,8,string_concat_loop,10,O(n),1,97.08,2
small_input,replace_string_concat,string_concat_loop,low,5.0,3,string_concat_loop,4,O(n),1,96.17,1
medium_input,replace_string_concat,string_concat_loop,medium,10.0,3,string_concat_loop,4,O(n),1,92.83,2
large_input,replace_string_concat,string_concat_loop,medium,10.0,3,string_concat_loop,4,O(n),1,92.83,2
with_setup_noise,replace_string_concat,string_concat_loop,medium,10.0,5,constant_folding|string_concat_loop,7,O(n),2,94.47,2
with_setup_noise,replace_string_concat,constant_folding,low,2.0,2,constant_folding|string_concat_loop,7,O(n),2,94.47,1
with_branch_noise,replace_string_concat,string_concat_loop,medium,10.0,8,string_concat_loop,10,O(n),1,97.08,2
small_input,replace_string_concat,string_concat_loop,low,5.0,3,string_concat_loop,4,O(n),1,96.17,1
medium_input,replace_string_concat,string_concat_loop,medium,10.0,3,string_concat_loop,4,O(n),1,92.83,2
large_input,replace_string_concat,string_concat_loop,medium,10.0,3,string_concat_loop,4,O(n),1,92.83,2
with_setup_noise,replace_string_concat,string_concat_loop,medium,10.0,5,constant_folding|string_concat_loop,7,O(n),2,94.47,2
with_setup_noise,replace_string_concat,constant_folding,low,2.0,2,constant_folding|string_concat_loop,7,O(n),2,94.47,1
with_branch_noise,replace_string_concat,string_concat_loop,medium,10.0,8,string_concat_loop,10,O(n),1,97.08,2
small_input,replace_string_concat,string_concat_loop,low,5.0,3,string_concat_loop,4,O(n),1,96.17,1
medium_input,replace_string_concat,string_concat_loop,medium,10.0,3,string_concat_loop,4,O(n),1,92.83,2
large_input,replace_string_concat,string_concat_loop,medium,10.0,3,string_concat_loop,4,O(n),1,92.83,2
with_setup_noise,replace_string_concat,string_concat_loop,medium,10.0,5,constant_folding|string_concat_loop,7,O(n),2,94.47,2
with_setup_noise,replace_string_concat,constant_folding,low,2.0,2,constant_folding|string_concat_loop,7,O(n),2,94.47,1
with_branch_noise,replace_string_concat,string_concat_loop,medium,10.0,8,string_concat_loop,10,O(n),1,97.08,2
small_input,replace_string_concat,string_concat_loop,low,5.0,3,string_concat_loop,4,O(n),1,96.17,1
medium_input,replace_string_concat,string_concat_loop,medium,10.0,3,string_concat_loop,4,O(n),1,92.83,2
large_input,replace_string_concat,string_concat_loop,medium,10.0,3,string_concat_loop,4,O(n),1,92.83,2
with_setup_noise,replace_string_concat,string_concat_loop,medium,10.0,5,constant_folding|string_concat_loop,7,O(n),2,94.47,2
with_setup_noise,replace_string_concat,constant_folding,low,2.0,2,constant_folding|string_concat_loop,7,O(n),2,94.47,1
with_branch_noise,replace_string_concat,string_concat_loop,medium,10.0,8,string_concat_loop,10,O(n),1,97.08,2
small_input,replace_string_concat,string_concat_loop,low,5.0,3,string_concat_loop,4,O(n),1,96.17,1
medium_input,replace_string_concat,string_concat_loop,medium,10.0,3,string_concat_loop,4,O(n),1,92.83,2
large_input,replace_string_concat,string_concat_loop,medium,10.0,3,string_concat_loop,4,O(n),1,92.83,2
with_setup_noise,replace_string_concat,string_concat_loop,medium,10.0,5,constant_folding|string_concat_loop,7,O(n),2,94.47,2
with_setup_noise,replace_string_concat,constant_folding,low,2.0,2,constant_folding|string_concat_loop,7,O(n),2,94.47,1
with_branch_noise,replace_string_concat,string_concat_loop,medium,10.0,8,string_concat_loop,10,O(n),1,97.08,2
small_input,replace_string_concat,string_concat_loop,low,5.0,3,string_concat_loop,4,O(n),1,96.17,1
medium_input,replace_string_concat,string_concat_loop,medium,10.0,3,string_concat_loop,4,O(n),1,92.83,2
large_input,replace_string_concat,string_concat_loop,medium,10.0,3,string_concat_loop,4,O(n),1,92.83,2
with_setup_noise,replace_string_concat,string_concat_loop,medium,10.0,5,constant_folding|string_concat_loop,7,O(n),2,94.47,2
with_setup_noise,replace_string_concat,constant_folding,low,2.0,2,constant_folding|string_concat_loop,7,O(n),2,94.47,1
with_branch_noise,replace_string_concat,string_concat_loop,medium,10.0,8,string_concat_loop,10,O(n),1,97.08,2
small_input,replace_string_concat,string_concat_loop,low,5.0,3,string_concat_loop,4,O(n),1,96.17,1
medium_input,replace_string_concat,string_concat_loop,medium,10.0,3,string_concat_loop,4,O(n),1,92.83,2
large_input,replace_string_concat,string_concat_loop,medium,10.0,3,string_concat_loop,4,O(n),1,92.83,2
with_setup_noise,replace_string_concat,string_concat_loop,medium,10.0,5,constant_folding|string_concat_loop,7,O(n),2,94.47,2
with_setup_noise,replace_string_concat,constant_folding,low,2.0,2,constant_folding|string_concat_loop,7,O(n),2,94.47,1
with_branch_noise,replace_string_concat,string_concat_loop,medium,10.0,8,string_concat_loop,10,O(n),1,97.08,2
small_input,replace_string_concat,string_concat_loop,low,5.0,3,string_concat_loop,4,O(n),1,96.17,1
medium_input,replace_string_concat,string_concat_loop,medium,10.0,3,string_concat_loop,4,O(n),1,92.83,2
large_input,replace_string_concat,string_concat_loop,medium,10.0,3,string_concat_loop,4,O(n),1,92.83,2
with_setup_noise,replace_string_concat,string_concat_loop,medium,10.0,5,constant_folding|string_concat_loop,7,O(n),2,94.47,2
with_setup_noise,replace_string_concat,constant_folding,low,2.0,2,constant_folding|string_concat_loop,7,O(n),2,94.47,1
with_branch_noise,replace_string_concat,string_concat_loop,medium,10.0,8,string_concat_loop,10,O(n),1,97.08,2
small_input,replace_string_concat,string_concat_loop,low,5.0,3,string_concat_loop,4,O(n),1,96.17,1
medium_input,replace_string_concat,string_concat_loop,medium,10.0,3,string_concat_loop,4,O(n),1,92.83,2
large_input,replace_string_concat,string_concat_loop,medium,10.0,3,string_concat_loop,4,O(n),1,92.83,2
with_setup_noise,replace_string_concat,string_concat_loop,medium,10.0,5,constant_folding|string_concat_loop,7,O(n),2,94.47,2
with_setup_noise,replace_string_concat,constant_folding,low,2.0,2,constant_folding|string_concat_loop,7,O(n),2,94.47,1
with_branch_noise,replace_string_concat,string_concat_loop,medium,10.0,8,string_concat_loop,10,O(n),1,97.08,2
small_input,replace_string_concat,string_concat_loop,low,5.0,3,string_concat_loop,4,O(n),1,96.17,1
medium_input,replace_string_concat,string_concat_loop,medium,10.0,3,string_concat_loop,4,O(n),1,92.83,2
large_input,replace_string_concat,string_concat_loop,medium,10.0,3,string_concat_loop,4,O(n),1,92.83,2
with_setup_noise,replace_string_concat,string_concat_loop,medium,10.0,5,constant_folding|string_concat_loop,7,O(n),2,94.47,2
with_setup_noise,replace_string_concat,constant_folding,low,2.0,2,constant_folding|string_concat_loop,7,O(n),2,94.47,1
with_branch_noise,replace_string_concat,string_concat_loop,medium,10.0,8,string_concat_loop,10,O(n),1,97.08,2
small_input,replace_string_concat,string_concat_loop,low,5.0,3,string_concat_loop,4,O(n),1,96.17,1
medium_input,replace_string_concat,string_concat_loop,medium,10.0,3,string_concat_loop,4,O(n),1,92.83,2
large_input,replace_string_concat,string_concat_loop,medium,10.0,3,string_concat_loop,4,O(n),1,92.83,2
with_setup_noise,replace_string_concat,string_concat_loop,medium,10.0,5,constant_folding|string_concat_loop,7,O(n),2,94.47,2
with_setup_noise,replace_string_concat,constant_folding,low,2.0,2,constant_folding|string_concat_loop,7,O(n),2,94.47,1
with_branch_noise,replace_string_concat,string_concat_loop,medium,10.0,8,string_concat_loop,10,O(n),1,97.08,2
small_input,replace_string_concat,string_concat_loop,low,5.0,3,string_concat_loop,4,O(n),1,96.17,1
medium_input,replace_string_concat,string_concat_loop,medium,10.0,3,string_concat_loop,4,O(n),1,92.83,2
large_input,replace_string_concat,string_concat_loop,medium,10.0,3,string_concat_loop,4,O(n),1,92.83,2
with_setup_noise,replace_string_concat,string_concat_loop,medium,10.0,5,constant_folding|string_concat_loop,7,O(n),2,94.47,2
with_setup_noise,replace_string_concat,constant_folding,low,2.0,2,constant_folding|string_concat_loop,7,O(n),2,94.47,1
with_branch_noise,replace_string_concat,string_concat_loop,medium,10.0,8,string_concat_loop,10,O(n),1,97.08,2
small_input,replace_string_concat,string_concat_loop,low,5.0,3,string_concat_loop,4,O(n),1,96.17,1
medium_input,replace_string_concat,string_concat_loop,medium,10.0,3,string_concat_loop,4,O(n),1,92.83,2
large_input,replace_string_concat,string_concat_loop,medium,10.0,3,string_concat_loop,4,O(n),1,92.83,2
with_setup_noise,replace_string_concat,string_concat_loop,medium,10.0,5,constant_folding|string_concat_loop,7,O(n),2,94.47,2
with_setup_noise,replace_string_concat,constant_folding,low,2.0,2,constant_folding|string_concat_loop,7,O(n),2,94.47,1
with_branch_noise,replace_string_concat,string_concat_loop,medium,10.0,8,string_concat_loop,10,O(n),1,97.08,2
small_input,replace_string_concat,string_concat_loop,low,5.0,3,string_concat_loop,4,O(n),1,96.17,1
medium_input,replace_string_concat,string_concat_loop,medium,10.0,3,string_concat_loop,4,O(n),1,92.83,2
large_input,replace_string_concat,string_concat_loop,medium,10.0,3,string_concat_loop,4,O(n),1,92.83,2
with_setup_noise,replace_string_concat,string_concat_loop,medium,10.0,5,constant_folding|string_concat_loop,7,O(n),2,94.47,2
with_setup_noise,replace_string_concat,constant_folding,low,2.0,2,constant_folding|string_concat_loop,7,O(n),2,94.47,1
with_branch_noise,replace_string_concat,string_concat_loop,medium,10.0,8,string_concat_loop,10,O(n),1,97.08,2
small_input,cleanup_dead_unused_code,dead_code,medium,7.0,4,dead_code|early_return|unused_vars,10,O(1),3,95.33,2
small_input,cleanup_dead_unused_code,unused_vars,low,3.0,9,dead_code|early_return|unused_vars,10,O(1),3,95.33,1
small_input,cleanup_dead_unused_code,early_return,low,3.0,2,dead_code|early_return|unused_vars,10,O(1),3,95.33,1
medium_input,cleanup_dead_unused_code,dead_code,medium,7.0,4,dead_code|early_return|unused_vars,10,O(1),3,95.33,2
medium_input,cleanup_dead_unused_code,unused_vars,low,3.0,9,dead_code|early_return|unused_vars,10,O(1),3,95.33,1
medium_input,cleanup_dead_unused_code,early_return,low,3.0,2,dead_code|early_return|unused_vars,10,O(1),3,95.33,1
large_input,cleanup_dead_unused_code,dead_code,medium,7.0,4,dead_code|early_return|unused_vars,10,O(1),3,95.33,2
large_input,cleanup_dead_unused_code,unused_vars,low,3.0,9,dead_code|early_return|unused_vars,10,O(1),3,95.33,1
large_input,cleanup_dead_unused_code,early_return,low,3.0,2,dead_code|early_return|unused_vars,10,O(1),3,95.33,1
with_setup_noise,cleanup_dead_unused_code,dead_code,medium,7.0,6,constant_folding|dead_code|early_return|unused_vars,13,O(1),4,95.64,2
with_setup_noise,cleanup_dead_unused_code,unused_vars,low,3.0,11,constant_folding|dead_code|early_return|unused_vars,13,O(1),4,95.64,1
with_setup_noise,cleanup_dead_unused_code,early_return,low,3.0,4,constant_folding|dead_code|early_return|unused_vars,13,O(1),4,95.64,1
with_setup_noise,cleanup_dead_unused_code,constant_folding,low,2.0,2,constant_folding|dead_code|early_return|unused_vars,13,O(1),4,95.64,1
with_branch_noise,cleanup_dead_unused_code,dead_code,medium,7.0,9,dead_code|early_return|unused_vars,16,O(1),3,97.08,2
with_branch_noise,cleanup_dead_unused_code,unused_vars,low,3.0,14,dead_code|early_return|unused_vars,16,O(1),3,97.08,1
with_branch_noise,cleanup_dead_unused_code,early_return,low,3.0,7,dead_code|early_return|unused_vars,16,O(1),3,97.08,1
small_input,cleanup_dead_unused_code,dead_code,medium,7.0,4,dead_code|early_return|unused_vars,10,O(1),3,95.33,2
small_input,cleanup_dead_unused_code,unused_vars,low,3.0,9,dead_code|early_return|unused_vars,10,O(1),3,95.33,1
small_input,cleanup_dead_unused_code,early_return,low,3.0,2,dead_code|early_return|unused_vars,10,O(1),3,95.33,1
medium_input,cleanup_dead_unused_code,dead_code,medium,7.0,4,dead_code|early_return|unused_vars,10,O(1),3,95.33,2
medium_input,cleanup_dead_unused_code,unused_vars,low,3.0,9,dead_code|early_return|unused_vars,10,O(1),3,95.33,1
medium_input,cleanup_dead_unused_code,early_return,low,3.0,2,dead_code|early_return|unused_vars,10,O(1),3,95.33,1
large_input,cleanup_dead_unused_code,dead_code,medium,7.0,4,dead_code|early_return|unused_vars,10,O(1),3,95.33,2
large_input,cleanup_dead_unused_code,unused_vars,low,3.0,9,dead_code|early_return|unused_vars,10,O(1),3,95.33,1
large_input,cleanup_dead_unused_code,early_return,low,3.0,2,dead_code|early_return|unused_vars,10,O(1),3,95.33,1
with_setup_noise,cleanup_dead_unused_code,dead_code,medium,7.0,6,constant_folding|dead_code|early_return|unused_vars,13,O(1),4,95.64,2
with_setup_noise,cleanup_dead_unused_code,unused_vars,low,3.0,11,constant_folding|dead_code|early_return|unused_vars,13,O(1),4,95.64,1
with_setup_noise,cleanup_dead_unused_code,early_return,low,3.0,4,constant_folding|dead_code|early_return|unused_vars,13,O(1),4,95.64,1
with_setup_noise,cleanup_dead_unused_code,constant_folding,low,2.0,2,constant_folding|dead_code|early_return|unused_vars,13,O(1),4,95.64,1
with_branch_noise,cleanup_dead_unused_code,dead_code,medium,7.0,9,dead_code|early_return|unused_vars,16,O(1),3,97.08,2
with_branch_noise,cleanup_dead_unused_code,unused_vars,low,3.0,14,dead_code|early_return|unused_vars,16,O(1),3,97.08,1
with_branch_noise,cleanup_dead_unused_code,early_return,low,3.0,7,dead_code|early_return|unused_vars,16,O(1),3,97.08,1
small_input,cleanup_dead_unused_code,dead_code,medium,7.0,4,dead_code|early_return|unused_vars,10,O(1),3,95.33,2
small_input,cleanup_dead_unused_code,unused_vars,low,3.0,9,dead_code|early_return|unused_vars,10,O(1),3,95.33,1
small_input,cleanup_dead_unused_code,early_return,low,3.0,2,dead_code|early_return|unused_vars,10,O(1),3,95.33,1
medium_input,cleanup_dead_unused_code,dead_code,medium,7.0,4,dead_code|early_return|unused_vars,10,O(1),3,95.33,2
medium_input,cleanup_dead_unused_code,unused_vars,low,3.0,9,dead_code|early_return|unused_vars,10,O(1),3,95.33,1
medium_input,cleanup_dead_unused_code,early_return,low,3.0,2,dead_code|early_return|unused_vars,10,O(1),3,95.33,1
large_input,cleanup_dead_unused_code,dead_code,medium,7.0,4,dead_code|early_return|unused_vars,10,O(1),3,95.33,2
large_input,cleanup_dead_unused_code,unused_vars,low,3.0,9,dead_code|early_return|unused_vars,10,O(1),3,95.33,1
large_input,cleanup_dead_unused_code,early_return,low,3.0,2,dead_code|early_return|unused_vars,10,O(1),3,95.33,1
with_setup_noise,cleanup_dead_unused_code,dead_code,medium,7.0,6,constant_folding|dead_code|early_return|unused_vars,13,O(1),4,95.64,2
with_setup_noise,cleanup_dead_unused_code,unused_vars,low,3.0,11,constant_folding|dead_code|early_return|unused_vars,13,O(1),4,95.64,1
with_setup_noise,cleanup_dead_unused_code,early_return,low,3.0,4,constant_folding|dead_code|early_return|unused_vars,13,O(1),4,95.64,1
with_setup_noise,cleanup_dead_unused_code,constant_folding,low,2.0,2,constant_folding|dead_code|early_return|unused_vars,13,O(1),4,95.64,1
with_branch_noise,cleanup_dead_unused_code,dead_code,medium,7.0,9,dead_code|early_return|unused_vars,16,O(1),3,97.08,2
with_branch_noise,cleanup_dead_unused_code,unused_vars,low,3.0,14,dead_code|early_return|unused_vars,16,O(1),3,97.08,1
with_branch_noise,cleanup_dead_unused_code,early_return,low,3.0,7,dead_code|early_return|unused_vars,16,O(1),3,97.08,1
small_input,cleanup_dead_unused_code,dead_code,medium,7.0,4,dead_code|early_return|unused_vars,10,O(1),3,95.33,2
small_input,cleanup_dead_unused_code,unused_vars,low,3.0,9,dead_code|early_return|unused_vars,10,O(1),3,95.33,1
small_input,cleanup_dead_unused_code,early_return,low,3.0,2,dead_code|early_return|unused_vars,10,O(1),3,95.33,1
medium_input,cleanup_dead_unused_code,dead_code,medium,7.0,4,dead_code|early_return|unused_vars,10,O(1),3,95.33,2
medium_input,cleanup_dead_unused_code,unused_vars,low,3.0,9,dead_code|early_return|unused_vars,10,O(1),3,95.33,1
medium_input,cleanup_dead_unused_code,early_return,low,3.0,2,dead_code|early_return|unused_vars,10,O(1),3,95.33,1
large_input,cleanup_dead_unused_code,dead_code,medium,7.0,4,dead_code|early_return|unused_vars,10,O(1),3,95.33,2
large_input,cleanup_dead_unused_code,unused_vars,low,3.0,9,dead_code|early_return|unused_vars,10,O(1),3,95.33,1
large_input,cleanup_dead_unused_code,early_return,low,3.0,2,dead_code|early_return|unused_vars,10,O(1),3,95.33,1
with_setup_noise,cleanup_dead_unused_code,dead_code,medium,7.0,6,constant_folding|dead_code|early_return|unused_vars,13,O(1),4,95.64,2
with_setup_noise,cleanup_dead_unused_code,unused_vars,low,3.0,11,constant_folding|dead_code|early_return|unused_vars,13,O(1),4,95.64,1
with_setup_noise,cleanup_dead_unused_code,early_return,low,3.0,4,constant_folding|dead_code|early_return|unused_vars,13,O(1),4,95.64,1
with_setup_noise,cleanup_dead_unused_code,constant_folding,low,2.0,2,constant_folding|dead_code|early_return|unused_vars,13,O(1),4,95.64,1
with_branch_noise,cleanup_dead_unused_code,dead_code,medium,7.0,9,dead_code|early_return|unused_vars,16,O(1),3,97.08,2
with_branch_noise,cleanup_dead_unused_code,unused_vars,low,3.0,14,dead_code|early_return|unused_vars,16,O(1),3,97.08,1
with_branch_noise,cleanup_dead_unused_code,early_return,low,3.0,7,dead_code|early_return|unused_vars,16,O(1),3,97.08,1
small_input,cleanup_dead_unused_code,dead_code,medium,7.0,4,dead_code|early_return|unused_vars,10,O(1),3,95.33,2
small_input,cleanup_dead_unused_code,unused_vars,low,3.0,9,dead_code|early_return|unused_vars,10,O(1),3,95.33,1
small_input,cleanup_dead_unused_code,early_return,low,3.0,2,dead_code|early_return|unused_vars,10,O(1),3,95.33,1
medium_input,cleanup_dead_unused_code,dead_code,medium,7.0,4,dead_code|early_return|unused_vars,10,O(1),3,95.33,2
medium_input,cleanup_dead_unused_code,unused_vars,low,3.0,9,dead_code|early_return|unused_vars,10,O(1),3,95.33,1
medium_input,cleanup_dead_unused_code,early_return,low,3.0,2,dead_code|early_return|unused_vars,10,O(1),3,95.33,1
large_input,cleanup_dead_unused_code,dead_code,medium,7.0,4,dead_code|early_return|unused_vars,10,O(1),3,95.33,2
large_input,cleanup_dead_unused_code,unused_vars,low,3.0,9,dead_code|early_return|unused_vars,10,O(1),3,95.33,1
large_input,cleanup_dead_unused_code,early_return,low,3.0,2,dead_code|early_return|unused_vars,10,O(1),3,95.33,1
with_setup_noise,cleanup_dead_unused_code,dead_code,medium,7.0,6,constant_folding|dead_code|early_return|unused_vars,13,O(1),4,95.64,2
with_setup_noise,cleanup_dead_unused_code,unused_vars,low,3.0,11,constant_folding|dead_code|early_return|unused_vars,13,O(1),4,95.64,1
with_setup_noise,cleanup_dead_unused_code,early_return,low,3.0,4,constant_folding|dead_code|early_return|unused_vars,13,O(1),4,95.64,1
with_setup_noise,cleanup_dead_unused_code,constant_folding,low,2.0,2,constant_folding|dead_code|early_return|unused_vars,13,O(1),4,95.64,1
with_branch_noise,cleanup_dead_unused_code,dead_code,medium,7.0,9,dead_code|early_return|unused_vars,16,O(1),3,97.08,2
with_branch_noise,cleanup_dead_unused_code,unused_vars,low,3.0,14,dead_code|early_return|unused_vars,16,O(1),3,97.08,1
with_branch_noise,cleanup_dead_unused_code,early_return,low,3.0,7,dead_code|early_return|unused_vars,16,O(1),3,97.08,1
small_input,cleanup_dead_unused_code,dead_code,medium,7.0,4,dead_code|early_return|unused_vars,10,O(1),3,95.33,2
small_input,cleanup_dead_unused_code,unused_vars,low,3.0,9,dead_code|early_return|unused_vars,10,O(1),3,95.33,1
small_input,cleanup_dead_unused_code,early_return,low,3.0,2,dead_code|early_return|unused_vars,10,O(1),3,95.33,1
medium_input,cleanup_dead_unused_code,dead_code,medium,7.0,4,dead_code|early_return|unused_vars,10,O(1),3,95.33,2
medium_input,cleanup_dead_unused_code,unused_vars,low,3.0,9,dead_code|early_return|unused_vars,10,O(1),3,95.33,1
medium_input,cleanup_dead_unused_code,early_return,low,3.0,2,dead_code|early_return|unused_vars,10,O(1),3,95.33,1
large_input,cleanup_dead_unused_code,dead_code,medium,7.0,4,dead_code|early_return|unused_vars,10,O(1),3,95.33,2
large_input,cleanup_dead_unused_code,unused_vars,low,3.0,9,dead_code|early_return|unused_vars,10,O(1),3,95.33,1
large_input,cleanup_dead_unused_code,early_return,low,3.0,2,dead_code|early_return|unused_vars,10,O(1),3,95.33,1
with_setup_noise,cleanup_dead_unused_code,dead_code,medium,7.0,6,constant_folding|dead_code|early_return|unused_vars,13,O(1),4,95.64,2
with_setup_noise,cleanup_dead_unused_code,unused_vars,low,3.0,11,constant_folding|dead_code|early_return|unused_vars,13,O(1),4,95.64,1
with_setup_noise,cleanup_dead_unused_code,early_return,low,3.0,4,constant_folding|dead_code|early_return|unused_vars,13,O(1),4,95.64,1
with_setup_noise,cleanup_dead_unused_code,constant_folding,low,2.0,2,constant_folding|dead_code|early_return|unused_vars,13,O(1),4,95.64,1
with_branch_noise,cleanup_dead_unused_code,dead_code,medium,7.0,9,dead_code|early_return|unused_vars,16,O(1),3,97.08,2
with_branch_noise,cleanup_dead_unused_code,unused_vars,low,3.0,14,dead_code|early_return|unused_vars,16,O(1),3,97.08,1
with_branch_noise,cleanup_dead_unused_code,early_return,low,3.0,7,dead_code|early_return|unused_vars,16,O(1),3,97.08,1
small_input,cleanup_dead_unused_code,dead_code,medium,7.0,4,dead_code|early_return|unused_vars,10,O(1),3,95.33,2
small_input,cleanup_dead_unused_code,unused_vars,low,3.0,9,dead_code|early_return|unused_vars,10,O(1),3,95.33,1
small_input,cleanup_dead_unused_code,early_return,low,3.0,2,dead_code|early_return|unused_vars,10,O(1),3,95.33,1
medium_input,cleanup_dead_unused_code,dead_code,medium,7.0,4,dead_code|early_return|unused_vars,10,O(1),3,95.33,2
medium_input,cleanup_dead_unused_code,unused_vars,low,3.0,9,dead_code|early_return|unused_vars,10,O(1),3,95.33,1
medium_input,cleanup_dead_unused_code,early_return,low,3.0,2,dead_code|early_return|unused_vars,10,O(1),3,95.33,1
large_input,cleanup_dead_unused_code,dead_code,medium,7.0,4,dead_code|early_return|unused_vars,10,O(1),3,95.33,2
large_input,cleanup_dead_unused_code,unused_vars,low,3.0,9,dead_code|early_return|unused_vars,10,O(1),3,95.33,1
large_input,cleanup_dead_unused_code,early_return,low,3.0,2,dead_code|early_return|unused_vars,10,O(1),3,95.33,1
with_setup_noise,cleanup_dead_unused_code,dead_code,medium,7.0,6,constant_folding|dead_code|early_return|unused_vars,13,O(1),4,95.64,2
with_setup_noise,cleanup_dead_unused_code,unused_vars,low,3.0,11,constant_folding|dead_code|early_return|unused_vars,13,O(1),4,95.64,1
with_setup_noise,cleanup_dead_unused_code,early_return,low,3.0,4,constant_folding|dead_code|early_return|unused_vars,13,O(1),4,95.64,1
with_setup_noise,cleanup_dead_unused_code,constant_folding,low,2.0,2,constant_folding|dead_code|early_return|unused_vars,13,O(1),4,95.64,1
with_branch_noise,cleanup_dead_unused_code,dead_code,medium,7.0,9,dead_code|early_return|unused_vars,16,O(1),3,97.08,2
with_branch_noise,cleanup_dead_unused_code,unused_vars,low,3.0,14,dead_code|early_return|unused_vars,16,O(1),3,97.08,1
with_branch_noise,cleanup_dead_unused_code,early_return,low,3.0,7,dead_code|early_return|unused_vars,16,O(1),3,97.08,1
small_input,cleanup_dead_unused_code,dead_code,medium,7.0,4,dead_code|early_return|unused_vars,10,O(1),3,95.33,2
small_input,cleanup_dead_unused_code,unused_vars,low,3.0,9,dead_code|early_return|unused_vars,10,O(1),3,95.33,1
small_input,cleanup_dead_unused_code,early_return,low,3.0,2,dead_code|early_return|unused_vars,10,O(1),3,95.33,1
medium_input,cleanup_dead_unused_code,dead_code,medium,7.0,4,dead_code|early_return|unused_vars,10,O(1),3,95.33,2
medium_input,cleanup_dead_unused_code,unused_vars,low,3.0,9,dead_code|early_return|unused_vars,10,O(1),3,95.33,1
medium_input,cleanup_dead_unused_code,early_return,low,3.0,2,dead_code|early_return|unused_vars,10,O(1),3,95.33,1
large_input,cleanup_dead_unused_code,dead_code,medium,7.0,4,dead_code|early_return|unused_vars,10,O(1),3,95.33,2
large_input,cleanup_dead_unused_code,unused_vars,low,3.0,9,dead_code|early_return|unused_vars,10,O(1),3,95.33,1
large_input,cleanup_dead_unused_code,early_return,low,3.0,2,dead_code|early_return|unused_vars,10,O(1),3,95.33,1
with_setup_noise,cleanup_dead_unused_code,dead_code,medium,7.0,6,constant_folding|dead_code|early_return|unused_vars,13,O(1),4,95.64,2
with_setup_noise,cleanup_dead_unused_code,unused_vars,low,3.0,11,constant_folding|dead_code|early_return|unused_vars,13,O(1),4,95.64,1
with_setup_noise,cleanup_dead_unused_code,early_return,low,3.0,4,constant_folding|dead_code|early_return|unused_vars,13,O(1),4,95.64,1
with_setup_noise,cleanup_dead_unused_code,constant_folding,low,2.0,2,constant_folding|dead_code|early_return|unused_vars,13,O(1),4,95.64,1
with_branch_noise,cleanup_dead_unused_code,dead_code,medium,7.0,9,dead_code|early_return|unused_vars,16,O(1),3,97.08,2
with_branch_noise,cleanup_dead_unused_code,unused_vars,low,3.0,14,dead_code|early_return|unused_vars,16,O(1),3,97.08,1
with_branch_noise,cleanup_dead_unused_code,early_return,low,3.0,7,dead_code|early_return|unused_vars,16,O(1),3,97.08,1
small_input,cleanup_dead_unused_code,dead_code,medium,7.0,4,dead_code|early_return|unused_vars,10,O(1),3,95.33,2
small_input,cleanup_dead_unused_code,unused_vars,low,3.0,9,dead_code|early_return|unused_vars,10,O(1),3,95.33,1
small_input,cleanup_dead_unused_code,early_return,low,3.0,2,dead_code|early_return|unused_vars,10,O(1),3,95.33,1
medium_input,cleanup_dead_unused_code,dead_code,medium,7.0,4,dead_code|early_return|unused_vars,10,O(1),3,95.33,2
medium_input,cleanup_dead_unused_code,unused_vars,low,3.0,9,dead_code|early_return|unused_vars,10,O(1),3,95.33,1
medium_input,cleanup_dead_unused_code,early_return,low,3.0,2,dead_code|early_return|unused_vars,10,O(1),3,95.33,1
large_input,cleanup_dead_unused_code,dead_code,medium,7.0,4,dead_code|early_return|unused_vars,10,O(1),3,95.33,2
large_input,cleanup_dead_unused_code,unused_vars,low,3.0,9,dead_code|early_return|unused_vars,10,O(1),3,95.33,1
large_input,cleanup_dead_unused_code,early_return,low,3.0,2,dead_code|early_return|unused_vars,10,O(1),3,95.33,1
with_setup_noise,cleanup_dead_unused_code,dead_code,medium,7.0,6,constant_folding|dead_code|early_return|unused_vars,13,O(1),4,95.64,2
with_setup_noise,cleanup_dead_unused_code,unused_vars,low,3.0,11,constant_folding|dead_code|early_return|unused_vars,13,O(1),4,95.64,1
with_setup_noise,cleanup_dead_unused_code,early_return,low,3.0,4,constant_folding|dead_code|early_return|unused_vars,13,O(1),4,95.64,1
with_setup_noise,cleanup_dead_unused_code,constant_folding,low,2.0,2,constant_folding|dead_code|early_return|unused_vars,13,O(1),4,95.64,1
with_branch_noise,cleanup_dead_unused_code,dead_code,medium,7.0,9,dead_code|early_return|unused_vars,16,O(1),3,97.08,2
with_branch_noise,cleanup_dead_unused_code,unused_vars,low,3.0,14,dead_code|early_return|unused_vars,16,O(1),3,97.08,1
with_branch_noise,cleanup_dead_unused_code,early_return,low,3.0,7,dead_code|early_return|unused_vars,16,O(1),3,97.08,1
small_input,cleanup_dead_unused_code,dead_code,medium,7.0,4,dead_code|early_return|unused_vars,10,O(1),3,95.33,2
small_input,cleanup_dead_unused_code,unused_vars,low,3.0,9,dead_code|early_return|unused_vars,10,O(1),3,95.33,1
small_input,cleanup_dead_unused_code,early_return,low,3.0,2,dead_code|early_return|unused_vars,10,O(1),3,95.33,1
medium_input,cleanup_dead_unused_code,dead_code,medium,7.0,4,dead_code|early_return|unused_vars,10,O(1),3,95.33,2
medium_input,cleanup_dead_unused_code,unused_vars,low,3.0,9,dead_code|early_return|unused_vars,10,O(1),3,95.33,1
medium_input,cleanup_dead_unused_code,early_return,low,3.0,2,dead_code|early_return|unused_vars,10,O(1),3,95.33,1
large_input,cleanup_dead_unused_code,dead_code,medium,7.0,4,dead_code|early_return|unused_vars,10,O(1),3,95.33,2
large_input,cleanup_dead_unused_code,unused_vars,low,3.0,9,dead_code|early_return|unused_vars,10,O(1),3,95.33,1
large_input,cleanup_dead_unused_code,early_return,low,3.0,2,dead_code|early_return|unused_vars,10,O(1),3,95.33,1
with_setup_noise,cleanup_dead_unused_code,dead_code,medium,7.0,6,constant_folding|dead_code|early_return|unused_vars,13,O(1),4,95.64,2
with_setup_noise,cleanup_dead_unused_code,unused_vars,low,3.0,11,constant_folding|dead_code|early_return|unused_vars,13,O(1),4,95.64,1
with_setup_noise,cleanup_dead_unused_code,early_return,low,3.0,4,constant_folding|dead_code|early_return|unused_vars,13,O(1),4,95.64,1
with_setup_noise,cleanup_dead_unused_code,constant_folding,low,2.0,2,constant_folding|dead_code|early_return|unused_vars,13,O(1),4,95.64,1
with_branch_noise,cleanup_dead_unused_code,dead_code,medium,7.0,9,dead_code|early_return|unused_vars,16,O(1),3,97.08,2
with_branch_noise,cleanup_dead_unused_code,unused_vars,low,3.0,14,dead_code|early_return|unused_vars,16,O(1),3,97.08,1
with_branch_noise,cleanup_dead_unused_code,early_return,low,3.0,7,dead_code|early_return|unused_vars,16,O(1),3,97.08,1
small_input,cleanup_dead_unused_code,dead_code,medium,7.0,4,dead_code|early_return|unused_vars,10,O(1),3,95.33,2
small_input,cleanup_dead_unused_code,unused_vars,low,3.0,9,dead_code|early_return|unused_vars,10,O(1),3,95.33,1
small_input,cleanup_dead_unused_code,early_return,low,3.0,2,dead_code|early_return|unused_vars,10,O(1),3,95.33,1
medium_input,cleanup_dead_unused_code,dead_code,medium,7.0,4,dead_code|early_return|unused_vars,10,O(1),3,95.33,2
medium_input,cleanup_dead_unused_code,unused_vars,low,3.0,9,dead_code|early_return|unused_vars,10,O(1),3,95.33,1
medium_input,cleanup_dead_unused_code,early_return,low,3.0,2,dead_code|early_return|unused_vars,10,O(1),3,95.33,1
large_input,cleanup_dead_unused_code,dead_code,medium,7.0,4,dead_code|early_return|unused_vars,10,O(1),3,95.33,2
large_input,cleanup_dead_unused_code,unused_vars,low,3.0,9,dead_code|early_return|unused_vars,10,O(1),3,95.33,1
large_input,cleanup_dead_unused_code,early_return,low,3.0,2,dead_code|early_return|unused_vars,10,O(1),3,95.33,1
with_setup_noise,cleanup_dead_unused_code,dead_code,medium,7.0,6,constant_folding|dead_code|early_return|unused_vars,13,O(1),4,95.64,2
with_setup_noise,cleanup_dead_unused_code,unused_vars,low,3.0,11,constant_folding|dead_code|early_return|unused_vars,13,O(1),4,95.64,1
with_setup_noise,cleanup_dead_unused_code,early_return,low,3.0,4,constant_folding|dead_code|early_return|unused_vars,13,O(1),4,95.64,1
with_setup_noise,cleanup_dead_unused_code,constant_folding,low,2.0,2,constant_folding|dead_code|early_return|unused_vars,13,O(1),4,95.64,1
with_branch_noise,cleanup_dead_unused_code,dead_code,medium,7.0,9,dead_code|early_return|unused_vars,16,O(1),3,97.08,2
with_branch_noise,cleanup_dead_unused_code,unused_vars,low,3.0,14,dead_code|early_return|unused_vars,16,O(1),3,97.08,1
with_branch_noise,cleanup_dead_unused_code,early_return,low,3.0,7,dead_code|early_return|unused_vars,16,O(1),3,97.08,1
small_input,cleanup_dead_unused_code,dead_code,medium,7.0,4,dead_code|early_return|unused_vars,10,O(1),3,95.33,2
small_input,cleanup_dead_unused_code,unused_vars,low,3.0,9,dead_code|early_return|unused_vars,10,O(1),3,95.33,1
small_input,cleanup_dead_unused_code,early_return,low,3.0,2,dead_code|early_return|unused_vars,10,O(1),3,95.33,1
medium_input,cleanup_dead_unused_code,dead_code,medium,7.0,4,dead_code|early_return|unused_vars,10,O(1),3,95.33,2
medium_input,cleanup_dead_unused_code,unused_vars,low,3.0,9,dead_code|early_return|unused_vars,10,O(1),3,95.33,1
medium_input,cleanup_dead_unused_code,early_return,low,3.0,2,dead_code|early_return|unused_vars,10,O(1),3,95.33,1
large_input,cleanup_dead_unused_code,dead_code,medium,7.0,4,dead_code|early_return|unused_vars,10,O(1),3,95.33,2
large_input,cleanup_dead_unused_code,unused_vars,low,3.0,9,dead_code|early_return|unused_vars,10,O(1),3,95.33,1
large_input,cleanup_dead_unused_code,early_return,low,3.0,2,dead_code|early_return|unused_vars,10,O(1),3,95.33,1
with_setup_noise,cleanup_dead_unused_code,dead_code,medium,7.0,6,constant_folding|dead_code|early_return|unused_vars,13,O(1),4,95.64,2
with_setup_noise,cleanup_dead_unused_code,unused_vars,low,3.0,11,constant_folding|dead_code|early_return|unused_vars,13,O(1),4,95.64,1
with_setup_noise,cleanup_dead_unused_code,early_return,low,3.0,4,constant_folding|dead_code|early_return|unused_vars,13,O(1),4,95.64,1
with_setup_noise,cleanup_dead_unused_code,constant_folding,low,2.0,2,constant_folding|dead_code|early_return|unused_vars,13,O(1),4,95.64,1
with_branch_noise,cleanup_dead_unused_code,dead_code,medium,7.0,9,dead_code|early_return|unused_vars,16,O(1),3,97.08,2
with_branch_noise,cleanup_dead_unused_code,unused_vars,low,3.0,14,dead_code|early_return|unused_vars,16,O(1),3,97.08,1
with_branch_noise,cleanup_dead_unused_code,early_return,low,3.0,7,dead_code|early_return|unused_vars,16,O(1),3,97.08,1
small_input,cleanup_dead_unused_code,dead_code,medium,7.0,4,dead_code|early_return|unused_vars,10,O(1),3,95.33,2
small_input,cleanup_dead_unused_code,unused_vars,low,3.0,9,dead_code|early_return|unused_vars,10,O(1),3,95.33,1
small_input,cleanup_dead_unused_code,early_return,low,3.0,2,dead_code|early_return|unused_vars,10,O(1),3,95.33,1
medium_input,cleanup_dead_unused_code,dead_code,medium,7.0,4,dead_code|early_return|unused_vars,10,O(1),3,95.33,2
medium_input,cleanup_dead_unused_code,unused_vars,low,3.0,9,dead_code|early_return|unused_vars,10,O(1),3,95.33,1
medium_input,cleanup_dead_unused_code,early_return,low,3.0,2,dead_code|early_return|unused_vars,10,O(1),3,95.33,1
large_input,cleanup_dead_unused_code,dead_code,medium,7.0,4,dead_code|early_return|unused_vars,10,O(1),3,95.33,2
large_input,cleanup_dead_unused_code,unused_vars,low,3.0,9,dead_code|early_return|unused_vars,10,O(1),3,95.33,1
large_input,cleanup_dead_unused_code,early_return,low,3.0,2,dead_code|early_return|unused_vars,10,O(1),3,95.33,1
with_setup_noise,cleanup_dead_unused_code,dead_code,medium,7.0,6,constant_folding|dead_code|early_return|unused_vars,13,O(1),4,95.64,2
with_setup_noise,cleanup_dead_unused_code,unused_vars,low,3.0,11,constant_folding|dead_code|early_return|unused_vars,13,O(1),4,95.64,1
with_setup_noise,cleanup_dead_unused_code,early_return,low,3.0,4,constant_folding|dead_code|early_return|unused_vars,13,O(1),4,95.64,1
with_setup_noise,cleanup_dead_unused_code,constant_folding,low,2.0,2,constant_folding|dead_code|early_return|unused_vars,13,O(1),4,95.64,1
with_branch_noise,cleanup_dead_unused_code,dead_code,medium,7.0,9,dead_code|early_return|unused_vars,16,O(1),3,97.08,2
with_branch_noise,cleanup_dead_unused_code,unused_vars,low,3.0,14,dead_code|early_return|unused_vars,16,O(1),3,97.08,1
with_branch_noise,cleanup_dead_unused_code,early_return,low,3.0,7,dead_code|early_return|unused_vars,16,O(1),3,97.08,1
small_input,cleanup_dead_unused_code,dead_code,medium,7.0,4,dead_code|early_return|unused_vars,10,O(1),3,95.33,2
small_input,cleanup_dead_unused_code,unused_vars,low,3.0,9,dead_code|early_return|unused_vars,10,O(1),3,95.33,1
small_input,cleanup_dead_unused_code,early_return,low,3.0,2,dead_code|early_return|unused_vars,10,O(1),3,95.33,1
medium_input,cleanup_dead_unused_code,dead_code,medium,7.0,4,dead_code|early_return|unused_vars,10,O(1),3,95.33,2
medium_input,cleanup_dead_unused_code,unused_vars,low,3.0,9,dead_code|early_return|unused_vars,10,O(1),3,95.33,1
medium_input,cleanup_dead_unused_code,early_return,low,3.0,2,dead_code|early_return|unused_vars,10,O(1),3,95.33,1
large_input,cleanup_dead_unused_code,dead_code,medium,7.0,4,dead_code|early_return|unused_vars,10,O(1),3,95.33,2
large_input,cleanup_dead_unused_code,unused_vars,low,3.0,9,dead_code|early_return|unused_vars,10,O(1),3,95.33,1
large_input,cleanup_dead_unused_code,early_return,low,3.0,2,dead_code|early_return|unused_vars,10,O(1),3,95.33,1
with_setup_noise,cleanup_dead_unused_code,dead_code,medium,7.0,6,constant_folding|dead_code|early_return|unused_vars,13,O(1),4,95.64,2
with_setup_noise,cleanup_dead_unused_code,unused_vars,low,3.0,11,constant_folding|dead_code|early_return|unused_vars,13,O(1),4,95.64,1
with_setup_noise,cleanup_dead_unused_code,early_return,low,3.0,4,constant_folding|dead_code|early_return|unused_vars,13,O(1),4,95.64,1
with_setup_noise,cleanup_dead_unused_code,constant_folding,low,2.0,2,constant_folding|dead_code|early_return|unused_vars,13,O(1),4,95.64,1
with_branch_noise,cleanup_dead_unused_code,dead_code,medium,7.0,9,dead_code|early_return|unused_vars,16,O(1),3,97.08,2
with_branch_noise,cleanup_dead_unused_code,unused_vars,low,3.0,14,dead_code|early_return|unused_vars,16,O(1),3,97.08,1
with_branch_noise,cleanup_dead_unused_code,early_return,low,3.0,7,dead_code|early_return|unused_vars,16,O(1),3,97.08,1
small_input,cleanup_dead_unused_code,dead_code,medium,7.0,4,dead_code|early_return|unused_vars,10,O(1),3,95.33,2
small_input,cleanup_dead_unused_code,unused_vars,low,3.0,9,dead_code|early_return|unused_vars,10,O(1),3,95.33,1
small_input,cleanup_dead_unused_code,early_return,low,3.0,2,dead_code|early_return|unused_vars,10,O(1),3,95.33,1
medium_input,cleanup_dead_unused_code,dead_code,medium,7.0,4,dead_code|early_return|unused_vars,10,O(1),3,95.33,2
medium_input,cleanup_dead_unused_code,unused_vars,low,3.0,9,dead_code|early_return|unused_vars,10,O(1),3,95.33,1
medium_input,cleanup_dead_unused_code,early_return,low,3.0,2,dead_code|early_return|unused_vars,10,O(1),3,95.33,1
large_input,cleanup_dead_unused_code,dead_code,medium,7.0,4,dead_code|early_return|unused_vars,10,O(1),3,95.33,2
large_input,cleanup_dead_unused_code,unused_vars,low,3.0,9,dead_code|early_return|unused_vars,10,O(1),3,95.33,1
large_input,cleanup_dead_unused_code,early_return,low,3.0,2,dead_code|early_return|unused_vars,10,O(1),3,95.33,1
with_setup_noise,cleanup_dead_unused_code,dead_code,medium,7.0,6,constant_folding|dead_code|early_return|unused_vars,13,O(1),4,95.64,2
with_setup_noise,cleanup_dead_unused_code,unused_vars,low,3.0,11,constant_folding|dead_code|early_return|unused_vars,13,O(1),4,95.64,1
with_setup_noise,cleanup_dead_unused_code,early_return,low,3.0,4,constant_folding|dead_code|early_return|unused_vars,13,O(1),4,95.64,1
with_setup_noise,cleanup_dead_unused_code,constant_folding,low,2.0,2,constant_folding|dead_code|early_return|unused_vars,13,O(1),4,95.64,1
with_branch_noise,cleanup_dead_unused_code,dead_code,medium,7.0,9,dead_code|early_return|unused_vars,16,O(1),3,97.08,2
with_branch_noise,cleanup_dead_unused_code,unused_vars,low,3.0,14,dead_code|early_return|unused_vars,16,O(1),3,97.08,1
with_branch_noise,cleanup_dead_unused_code,early_return,low,3.0,7,dead_code|early_return|unused_vars,16,O(1),3,97.08,1
small_input,cleanup_dead_unused_code,dead_code,medium,7.0,4,dead_code|early_return|unused_vars,10,O(1),3,95.33,2
small_input,cleanup_dead_unused_code,unused_vars,low,3.0,9,dead_code|early_return|unused_vars,10,O(1),3,95.33,1
small_input,cleanup_dead_unused_code,early_return,low,3.0,2,dead_code|early_return|unused_vars,10,O(1),3,95.33,1
medium_input,cleanup_dead_unused_code,dead_code,medium,7.0,4,dead_code|early_return|unused_vars,10,O(1),3,95.33,2
medium_input,cleanup_dead_unused_code,unused_vars,low,3.0,9,dead_code|early_return|unused_vars,10,O(1),3,95.33,1
medium_input,cleanup_dead_unused_code,early_return,low,3.0,2,dead_code|early_return|unused_vars,10,O(1),3,95.33,1
large_input,cleanup_dead_unused_code,dead_code,medium,7.0,4,dead_code|early_return|unused_vars,10,O(1),3,95.33,2
large_input,cleanup_dead_unused_code,unused_vars,low,3.0,9,dead_code|early_return|unused_vars,10,O(1),3,95.33,1
large_input,cleanup_dead_unused_code,early_return,low,3.0,2,dead_code|early_return|unused_vars,10,O(1),3,95.33,1
with_setup_noise,cleanup_dead_unused_code,dead_code,medium,7.0,6,constant_folding|dead_code|early_return|unused_vars,13,O(1),4,95.64,2
with_setup_noise,cleanup_dead_unused_code,unused_vars,low,3.0,11,constant_folding|dead_code|early_return|unused_vars,13,O(1),4,95.64,1
with_setup_noise,cleanup_dead_unused_code,early_return,low,3.0,4,constant_folding|dead_code|early_return|unused_vars,13,O(1),4,95.64,1
with_setup_noise,cleanup_dead_unused_code,constant_folding,low,2.0,2,constant_folding|dead_code|early_return|unused_vars,13,O(1),4,95.64,1
with_branch_noise,cleanup_dead_unused_code,dead_code,medium,7.0,9,dead_code|early_return|unused_vars,16,O(1),3,97.08,2
with_branch_noise,cleanup_dead_unused_code,unused_vars,low,3.0,14,dead_code|early_return|unused_vars,16,O(1),3,97.08,1
with_branch_noise,cleanup_dead_unused_code,early_return,low,3.0,7,dead_code|early_return|unused_vars,16,O(1),3,97.08,1
small_input,cleanup_dead_unused_code,dead_code,medium,7.0,4,dead_code|early_return|unused_vars,10,O(1),3,95.33,2
small_input,cleanup_dead_unused_code,unused_vars,low,3.0,9,dead_code|early_return|unused_vars,10,O(1),3,95.33,1
small_input,cleanup_dead_unused_code,early_return,low,3.0,2,dead_code|early_return|unused_vars,10,O(1),3,95.33,1
medium_input,cleanup_dead_unused_code,dead_code,medium,7.0,4,dead_code|early_return|unused_vars,10,O(1),3,95.33,2
medium_input,cleanup_dead_unused_code,unused_vars,low,3.0,9,dead_code|early_return|unused_vars,10,O(1),3,95.33,1
medium_input,cleanup_dead_unused_code,early_return,low,3.0,2,dead_code|early_return|unused_vars,10,O(1),3,95.33,1
large_input,cleanup_dead_unused_code,dead_code,medium,7.0,4,dead_code|early_return|unused_vars,10,O(1),3,95.33,2
large_input,cleanup_dead_unused_code,unused_vars,low,3.0,9,dead_code|early_return|unused_vars,10,O(1),3,95.33,1
large_input,cleanup_dead_unused_code,early_return,low,3.0,2,dead_code|early_return|unused_vars,10,O(1),3,95.33,1
with_setup_noise,cleanup_dead_unused_code,dead_code,medium,7.0,6,constant_folding|dead_code|early_return|unused_vars,13,O(1),4,95.64,2
with_setup_noise,cleanup_dead_unused_code,unused_vars,low,3.0,11,constant_folding|dead_code|early_return|unused_vars,13,O(1),4,95.64,1
with_setup_noise,cleanup_dead_unused_code,early_return,low,3.0,4,constant_folding|dead_code|early_return|unused_vars,13,O(1),4,95.64,1
with_setup_noise,cleanup_dead_unused_code,constant_folding,low,2.0,2,constant_folding|dead_code|early_return|unused_vars,13,O(1),4,95.64,1
with_branch_noise,cleanup_dead_unused_code,dead_code,medium,7.0,9,dead_code|early_return|unused_vars,16,O(1),3,97.08,2
with_branch_noise,cleanup_dead_unused_code,unused_vars,low,3.0,14,dead_code|early_return|unused_vars,16,O(1),3,97.08,1
with_branch_noise,cleanup_dead_unused_code,early_return,low,3.0,7,dead_code|early_return|unused_vars,16,O(1),3,97.08,1
small_input,cleanup_dead_unused_code,dead_code,medium,7.0,4,dead_code|early_return|unused_vars,10,O(1),3,95.33,2
small_input,cleanup_dead_unused_code,unused_vars,low,3.0,9,dead_code|early_return|unused_vars,10,O(1),3,95.33,1
small_input,cleanup_dead_unused_code,early_return,low,3.0,2,dead_code|early_return|unused_vars,10,O(1),3,95.33,1
medium_input,cleanup_dead_unused_code,dead_code,medium,7.0,4,dead_code|early_return|unused_vars,10,O(1),3,95.33,2
medium_input,cleanup_dead_unused_code,unused_vars,low,3.0,9,dead_code|early_return|unused_vars,10,O(1),3,95.33,1
medium_input,cleanup_dead_unused_code,early_return,low,3.0,2,dead_code|early_return|unused_vars,10,O(1),3,95.33,1
large_input,cleanup_dead_unused_code,dead_code,medium,7.0,4,dead_code|early_return|unused_vars,10,O(1),3,95.33,2
large_input,cleanup_dead_unused_code,unused_vars,low,3.0,9,dead_code|early_return|unused_vars,10,O(1),3,95.33,1
large_input,cleanup_dead_unused_code,early_return,low,3.0,2,dead_code|early_return|unused_vars,10,O(1),3,95.33,1
with_setup_noise,cleanup_dead_unused_code,dead_code,medium,7.0,6,constant_folding|dead_code|early_return|unused_vars,13,O(1),4,95.64,2
with_setup_noise,cleanup_dead_unused_code,unused_vars,low,3.0,11,constant_folding|dead_code|early_return|unused_vars,13,O(1),4,95.64,1
with_setup_noise,cleanup_dead_unused_code,early_return,low,3.0,4,constant_folding|dead_code|early_return|unused_vars,13,O(1),4,95.64,1
with_setup_noise,cleanup_dead_unused_code,constant_folding,low,2.0,2,constant_folding|dead_code|early_return|unused_vars,13,O(1),4,95.64,1
with_branch_noise,cleanup_dead_unused_code,dead_code,medium,7.0,9,dead_code|early_return|unused_vars,16,O(1),3,97.08,2
with_branch_noise,cleanup_dead_unused_code,unused_vars,low,3.0,14,dead_code|early_return|unused_vars,16,O(1),3,97.08,1
with_branch_noise,cleanup_dead_unused_code,early_return,low,3.0,7,dead_code|early_return|unused_vars,16,O(1),3,97.08,1
